set	stratum	url	line	kind	rule	words	label	count	text
recall-final	2%	https://learningenglish.voanews.com/a/early-literacy-comprehension/7155524.html					clean
recall-final	2%	https://learningenglish.voanews.com/a/woman-25-russia-says-not-following-doctors-orders-caused-husband-to-flirt-139292193/131134.html					clean
recall-final	2%	https://learningenglish.voanews.com/a/woman-39-zimbabwe-husband-asked-for-polygamous-relationship-139468263/131137.html					clean
recall-final	2%	https://learningenglish.voanews.com/a/holding-a-paintbrush-instead-of-a-gun/2495101.html					clean
recall-final	2%	https://learningenglish.voanews.com/a/american-phrases-for-warning-or-advising-someone/5483674.html	52	core		29	uncovered		Well, that is our program for this week. But just one last warning: If you don’t try the grammar exercise, you will miss a chance to practice your English.
recall-final	2%	https://learningenglish.voanews.com/a/flight-93-memorial-honors-911-struggles-courage/4560956.html					clean
recall-final	2%	https://learningenglish.voanews.com/a/route-66-end-of-the-trail-california/3109251.html					clean
recall-final	2%	https://learningenglish.voanews.com/a/settings-actions-lesson-in-fairy-tales-/6952246.html	33	closing		73	uncovered		Today, we talked about fairy tale endings, which do not always end “happily ever after.” We answered the question of “where” when we talked about settings. We learned how adjectives can describe those places. We also considered the actions and plots of some fairy tales. By using verbs and adverbs, writers develop stories or create interesting conflict. And, we gave some thought to the morals or lessons of the tales, especially with fables.
recall-final	2%	https://learningenglish.voanews.com/a/settings-actions-lesson-in-fairy-tales-/6952246.html	34	closing		53	uncovered		Let’s close with some homework. Do you remember the fairy tale you chose a few weeks ago? Answer the following questions: Where does the fairy tale take place? What verbs and adverbs are used to talk about the action or plot of the tale? Is there a moral or lesson? What is it?
recall-final	2%	https://learningenglish.voanews.com/a/settings-actions-lesson-in-fairy-tales-/6952246.html	35	closing		20	uncovered		After that, consider: How does the fairy tale end? Is there a “happily ever after” ending? Or is it sad?
recall-final	2%	https://learningenglish.voanews.com/a/settings-actions-lesson-in-fairy-tales-/6952246.html	36	core		5	uncovered		Send your answers to learningenglish@voanews.com
recall-final	2%	https://learningenglish.voanews.com/a/settings-actions-lesson-in-fairy-tales-/6952246.html	37	core		7	uncovered		Share your work in the comments below!
recall-final	2%	https://learningenglish.voanews.com/a/the-ways-we-use-of-course-/4857530.html					clean
recall-final	2%	https://learningenglish.voanews.com/a/woman-25-brazil-all-my-friends-are-married-or-getting-engaged--139085524/131101.html					clean
recall-final	2%	https://learningenglish.voanews.com/a/pharsalia-massie-anniversary/1959100.html					clean
recall-final	2%	https://learningenglish.voanews.com/a/under-below-beneath-and-underneath/4785334.html	51	core		9	uncovered		And now, be sure to do the practice below.
recall-final	2%	https://learningenglish.voanews.com/a/americas-presidents-william-mckinley/3979185.html					clean
recall-final	2%	https://learningenglish.voanews.com/a/farmers-use-creative-methods-to-grow-crops/2649527.html					clean
recall-final	2%	https://learningenglish.voanews.com/a/zoo-animals-show-artistic-side/2616597.html					clean
recall-final	2%	https://learningenglish.voanews.com/a/betty-azar-the-rock-star-of-english-grammar/2925384.html					clean
recall-final	2%	https://learningenglish.voanews.com/a/more-tenses-in-we-didn-t-start-the-fire-/7246333.html	41	closing		67	uncovered		In today’s Everyday Grammar, we closely examined other verbal tenses in the chorus of the song We Didn’t Start the Fire. There were the past and present continuous tenses, the present perfect continuous and the simple past tense. We even talked about first conditional statements. Next time you are listening to a song, try to see which tenses are used or if there are any conditional statements.
recall-final	2%	https://learningenglish.voanews.com/a/past-unreal-conditional-and-contractions-in-citizen-kane-/6412030.html	45	closing		30	uncovered		In today’s report, we explored the grammar behind a famous line in American film. You learned about an expression, a conditional statement, and how words are shortened in everyday speaking.
recall-final	2%	https://learningenglish.voanews.com/a/past-unreal-conditional-and-contractions-in-citizen-kane-/6412030.html	46	closing		20	uncovered		The next time you watch American films, pay attention to these structures. Then use them as much as you can.
recall-final	2%	https://learningenglish.voanews.com/a/past-unreal-conditional-and-contractions-in-citizen-kane-/6412030.html	47	closing		8	uncovered		One day, you might tell a close friend:
recall-final	2%	https://learningenglish.voanews.com/a/past-unreal-conditional-and-contractions-in-citizen-kane-/6412030.html	48	closing		27	uncovered		You know, I’m glad that I followed Everyday Grammar. If I hadn’t listened to it regularly, I wouldn’t have developed such a deep love for English grammar.
recall-final	2%	https://learningenglish.voanews.com/a/woman-28-indonesia-newly-married-to-an-american-but-having-problems-138325744/131052.html					clean
recall-final	2%	https://learningenglish.voanews.com/a/us-advisors-to-syria-frustrates-anti-assad-rebels/3033285.html	11	core		30	uncovered		Do you live in Syria or the Mideast? Tell us what you think about the U.S. sending advisors to Syria. Please comment on this page or on our Facebook page.
recall-final	2%	https://learningenglish.voanews.com/a/animal-weapons-offer-lesons-for-human-arms-race/2643415.html					clean
recall-final	2%	https://learningenglish.voanews.com/a/woman-27-uae-i-am-totally-secluded-in-my-own-web-139091099/131111.html					clean
recall-final	2%	https://learningenglish.voanews.com/a/man-30-somalia-facebook-chat-with-ex-girlfriend-brings-heartbreaking-news-140481103/131161.html					clean
recall-final	2%	https://learningenglish.voanews.com/a/1811688.html					clean
recall-final	2%	https://learningenglish.voanews.com/a/so-and-neither-short-responses-of-agreement/4878658.html	50	closing		4	uncovered		Well, I’ll stop there.
recall-final	2%	https://learningenglish.voanews.com/a/so-and-neither-short-responses-of-agreement/4878658.html	51	closing		23	uncovered		We do not have time in this program to talk about other verb tenses and modal auxiliary verbs such as can and should.
recall-final	2%	https://learningenglish.voanews.com/a/so-and-neither-short-responses-of-agreement/4878658.html	53	closing		36	uncovered		Still, there's a lot you can do with what you learned! For example, check for today’s uses of so and neither as you read stories, listen to music and watch shows and films in American English.*
recall-final	2%	https://learningenglish.voanews.com/a/so-and-neither-short-responses-of-agreement/4878658.html	54	closing		32	uncovered		And, when possible, try responding to other English speakers with today’s shortened responses. Don't be afraid to make mistakes! Have fun with it. Soon, the responses will come more naturally. I promise.
recall-final	2%	https://learningenglish.voanews.com/a/cooking-with-phrasal-verbs/4428624.html	41	core		26	uncovered		Do you have a recipe you’d like to share? Write to us in the Comments section using at least three of the verbs you learned today.
recall-final	2%	https://learningenglish.voanews.com/a/cooking-with-phrasal-verbs/4428624.html	43	core		35	uncovered		What is your favorite food to cook? Tell us how you make this food. Use some of the phrasal verbs from today. Write to us in the Comments section below or on our Facebook page.
recall-final	2%	https://learningenglish.voanews.com/a/too-and-either-short-responses-of-agreement/4936054.html	44	core		18	uncovered		You can find examples with other verb tenses as well as modal auxiliary verbs on our website: learningenglish.voanews.com.
recall-final	2%	https://learningenglish.voanews.com/a/too-and-either-short-responses-of-agreement/4936054.html	50	core		20	uncovered		Well, that’s all for today. Listen and watch for these short responses everywhere you hear and see English being used.
recall-final	2%	https://learningenglish.voanews.com/a/autism-mother-son-cowrite-childrens-book/2723233.html					clean
recall-final	2%	https://learningenglish.voanews.com/a/older-ukrainians-threatened-by-war-with-russia/2676545.html					clean
recall-final	2%	https://learningenglish.voanews.com/a/choosing-to-be-single-mother-adoption-sprem-donor-motherhood-anna-matteo/2660888.html	30	closing		26	uncovered		What do you think of the idea of becoming a single mother by choice? How would this be viewed in your culture or in your community?
recall-final	2%	https://learningenglish.voanews.com/a/cold-war-missile-minuteman/1960720.html					clean
recall-final	2%	https://learningenglish.voanews.com/a/are-you-crazy-about-english/4341176.html	49	core		30	uncovered		What music, food, places, activities, or people do you like or dislike? Write to us in the Comments section using the phrases you just learned! And visit our Facebook page.
recall-final	2%	https://learningenglish.voanews.com/a/ghana-bamboo-bike-hit-the-street/2499487.html					clean
recall-final	2%	https://learningenglish.voanews.com/a/the-many-uses-of-would-in-everyday-speech/4455867.html	47	core		14	uncovered		Well, we’ve given you a lot of information. Would you like to practice now?
recall-final	2%	https://learningenglish.voanews.com/a/the-many-uses-of-would-in-everyday-speech/4455867.html	48	core		12	uncovered		Join us again soon to learn about more ways we use “would.”
recall-final	2%	https://learningenglish.voanews.com/a/the-many-uses-of-would-in-everyday-speech/4455867.html	50	core		20	uncovered		You can practice in the Comments section below. Make sentences with “would” by doing at least three of the following:
recall-final	2%	https://learningenglish.voanews.com/a/the-many-uses-of-would-in-everyday-speech/4455867.html	51	core		29	uncovered		Tell someone what you want Make a polite offer to someone Ask someone to do something Tell us what someone else said Tell us about a repeated past action
recall-final	2%	https://learningenglish.voanews.com/a/cruise-baldwin-rogue-nation-action-adventure/2907146.html	12	core		25	uncovered		installment – n. any one of several parts of a long book, television program, etc., that are published or shown over a period of time
recall-final	2%	https://learningenglish.voanews.com/a/cruise-baldwin-rogue-nation-action-adventure/2907146.html	13	core		4	uncovered		iconic – adj. symbolic
recall-final	2%	https://learningenglish.voanews.com/a/cruise-baldwin-rogue-nation-action-adventure/2907146.html	14	core		9	uncovered		stunt – n. a difficult and often dangerous action
recall-final	2%	https://learningenglish.voanews.com/a/cruise-baldwin-rogue-nation-action-adventure/2907146.html	15	core		13	uncovered		helmet – n. a hard hat that is worn to protect your head
recall-final	2%	https://learningenglish.voanews.com/a/cruise-baldwin-rogue-nation-action-adventure/2907146.html	16	core		12	uncovered		cast – n. the actors in a play, film, or television show
recall-final	2%	https://learningenglish.voanews.com/a/hong-kong-high-cost-housing-rooftop/1962732.html					clean
recall-final	2%	https://learningenglish.voanews.com/a/reviewing-pet-descriptions-/7386630.html	39	closing		37	uncovered		Today, we looked at Maria’s message about her dog, Ceferina. We talked about the order of adjectives, commas, and subject verb agreement. We learned about coordinating and cumulative adjectives and their connection to the order of adjectives.
recall-final	2%	https://learningenglish.voanews.com/a/reviewing-pet-descriptions-/7386630.html	40	closing		17	uncovered		Thank you, Maria, for telling us about Ceferina! We are happy she found such a loving home.
recall-final	2%	https://learningenglish.voanews.com/a/meatballs-around-the-world/4286038.html	25	core		23	uncovered		We left out a lot of meatballs. Tell us about the meatballs in your country! Are they a comfort food for you, too?
recall-final	2%	https://learningenglish.voanews.com/a/english-no-longer-requirement-for-new-york-city-taxi-drivers/3482284.html	22	core		24	uncovered		taxicab – n. an automobile that carries passengers for a fare usually determined by the distance traveled : also called simply “taxi” or “cab”
recall-final	2%	https://learningenglish.voanews.com/a/english-no-longer-requirement-for-new-york-city-taxi-drivers/3482284.html	23	core		7	uncovered		dominate – v. to be predominant in
recall-final	2%	https://learningenglish.voanews.com/a/english-no-longer-requirement-for-new-york-city-taxi-drivers/3482284.html	24	core		25	uncovered		statistic – n. a number that represents a piece of information (such as information about how often something is done, how common something is, etc.)
recall-final	2%	https://learningenglish.voanews.com/a/english-no-longer-requirement-for-new-york-city-taxi-drivers/3482284.html	25	core		4	uncovered		precisely – adv. exactly
recall-final	2%	https://learningenglish.voanews.com/a/english-no-longer-requirement-for-new-york-city-taxi-drivers/3482284.html	26	core		15	uncovered		to head – v. to go in a specified direction or toward a specified place
recall-final	2%	https://learningenglish.voanews.com/a/english-no-longer-requirement-for-new-york-city-taxi-drivers/3482284.html	27	core		14	uncovered		step on it – informal phrase : go faster, typically in a motor vehicle
recall-final	2%	https://learningenglish.voanews.com/a/english-no-longer-requirement-for-new-york-city-taxi-drivers/3482284.html	28	core		19	uncovered		fare – n. the money a person pays to travel on a bus, train, boat, or airplane or in
recall-final	2%	https://learningenglish.voanews.com/a/english-no-longer-requirement-for-new-york-city-taxi-drivers/3482284.html	29	core		21	uncovered		credit card – n. a small plastic card that is used to buy things that you agree to pay for later
recall-final	2%	https://learningenglish.voanews.com/a/english-no-longer-requirement-for-new-york-city-taxi-drivers/3482284.html	30	core		28	uncovered		debit card – n. a small plastic card that is used to buy things by having the money to pay for them taken directly from your bank account
recall-final	2%	https://learningenglish.voanews.com/a/english-no-longer-requirement-for-new-york-city-taxi-drivers/3482284.html	31	core		17	uncovered		tip – n. a gift or a sum of money tendered for a service performed or anticipated
recall-final	2%	https://learningenglish.voanews.com/a/english-no-longer-requirement-for-new-york-city-taxi-drivers/3482284.html	32	core		30	uncovered		GPS – n. abbreviation for global positioning satellite a radio system that uses signals from satellites to tell you where you are and to give you directions to other places
recall-final	2%	https://learningenglish.voanews.com/a/english-no-longer-requirement-for-new-york-city-taxi-drivers/3482284.html	33	core		27	uncovered		navigation – n. the act, activity, or process of finding the way to get to a place when you are traveling in a ship, airplane, car, etc.
recall-final	2%	https://learningenglish.voanews.com/a/english-no-longer-requirement-for-new-york-city-taxi-drivers/3482284.html	34	core		13	uncovered		app – n. computers : a computer program that performs a special function
recall-final	2%	https://learningenglish.voanews.com/a/english-no-longer-requirement-for-new-york-city-taxi-drivers/3482284.html	35	core		24	uncovered		chitchat – n. friendly conversation about things that are not very important : – v. to talk about things that are not very important
recall-final	2%	https://learningenglish.voanews.com/a/english-no-longer-requirement-for-new-york-city-taxi-drivers/3482284.html	36	core		16	uncovered		destination – n. a place to which a person is going or something is being sent
recall-final	2%	https://learningenglish.voanews.com/a/english-no-longer-requirement-for-new-york-city-taxi-drivers/3482284.html	37	core		12	uncovered		hail – v. to greet or summon by calling <hail a taxi>
recall-final	2%	https://learningenglish.voanews.com/a/english-no-longer-requirement-for-new-york-city-taxi-drivers/3482284.html	38	core		10	uncovered		flag – v. to signal to stop <flag a taxi>
recall-final	2%	https://learningenglish.voanews.com/a/1639815.html					clean
recall-final	2-5%	https://learningenglish.voanews.com/a/navy-special-forces-fighter-earns-medal-of-honor/3214762.html					clean
recall-final	2-5%	https://learningenglish.voanews.com/a/how-do-i-improve-my-english-/5225657.html	30	core		38	uncovered		Start with these steps as we begin the new year: study at the same time, study with a friend and set a goal. Come back to read more about how to improve your English in the coming weeks.
recall-final	2-5%	https://learningenglish.voanews.com/a/year-old-entrepreneur-skates-into-success-/4465102.html					clean
recall-final	2-5%	https://learningenglish.voanews.com/a/a-dime-a-dozen/5183831.html	2	core		33	uncovered		Each week, we explore the English language. We take a close look at words and expressions. We not only define the terms, we also give examples on when and how to use them.
recall-final	2-5%	https://learningenglish.voanews.com/a/a-dime-a-dozen/5183831.html	27	core		35	uncovered		However, programs that teach American English in a fun way are not a dime a dozen. They are rare and unique! So, don’t forget to join us next week for another Words and Their Stories.
recall-final	2-5%	https://learningenglish.voanews.com/a/a-dime-a-dozen/5183831.html	29	core		19	uncovered		Is there something in your life that is 'a dime a dozen?' Let us know in the Comments section.
recall-final	2-5%	https://learningenglish.voanews.com/a/fu-yuanhui-happiest-olympian/3460537.html					clean
recall-final	2-5%	https://learningenglish.voanews.com/a/american-breakfast/5612538.html					clean
recall-final	2-5%	https://learningenglish.voanews.com/a/artist-shows-effect-of-doctors-strike-in-kenya/3701864.html					clean
recall-final	2-5%	https://learningenglish.voanews.com/a/a-23-a-2003-08-23-3-1-83114377/121011.html	10	core		26	uncovered		The North Carolina State University Web site has more about growing tomatoes. The address is www.ces.ncsu.edu. You can also find a link on our site, voaspecialenglish.com.
recall-final	2-5%	https://learningenglish.voanews.com/a/a-23-2008-01-26-voa1-83139692/129267.html					clean
recall-final	2-5%	https://learningenglish.voanews.com/a/a-23-a-2003-08-04-2-1-83116177/121484.html					clean
recall-final	2-5%	https://learningenglish.voanews.com/a/words-and-their-stories-full-court-press/4373878.html	2	core		15	uncovered		Each week we explore the meaning of words and expressions used in everyday American English.
recall-final	2-5%	https://learningenglish.voanews.com/a/a-23-2009-07-07-voa1-83141497/129804.html					clean
recall-final	2-5%	https://learningenglish.voanews.com/a/twitter-explore/3699885.html	26	core		35	uncovered		Have you seen the new Explore tab in the Twitter app? Were you wondering where Search and Trends went on the Twitter app? Which categories would you like to have in the Explore All section?
recall-final	2-5%	https://learningenglish.voanews.com/a/buy-and-pay/5845605.html					clean
recall-final	2-5%	https://learningenglish.voanews.com/a/is-definitely-one-for-the-history-books-/5703477.html					clean
recall-final	2-5%	https://learningenglish.voanews.com/a/making-polite-requests-in-email-part-2/6685275.html	57	closing		80	uncovered		In today’s Everyday Grammar, we looked at additional ways to express a request politely in an email. We can use hedging expressions and “possibly” to show awareness of the receiver’s situation. We can offer a good thought or action to balance a request. We can include a reason to support the request. And be aware of your openings and closings in emails. A formal and thoughtful greeting can make your request more likely to receive the answer you hoped for.
recall-final	2-5%	https://learningenglish.voanews.com/a/advice-for-staying-warm-and-safe-in-freezing-weather-112313774/115132.html	12	core		22	uncovered		Next week: advice from experts about what to do, and not to do, to help someone who is injured by cold weather.
recall-final	2-5%	https://learningenglish.voanews.com/a/adverbial-everday-grammar/3510719.html	12	core		9	uncovered		You can read about these patterns on our website.
recall-final	2-5%	https://learningenglish.voanews.com/a/adverbial-everday-grammar/3510719.html	57	core		10	uncovered		You can read more about these types of adverbs here:
recall-final	2-5%	https://learningenglish.voanews.com/a/adverbial-everday-grammar/3510719.html	58	core		1	uncovered		http://learningenglish.voanews.com/a/beating-problems-with-adverbs-everyday-grammar/2843494.html
recall-final	2-5%	https://learningenglish.voanews.com/a/adverbial-everday-grammar/3510719.html	60	core		18	uncovered		character – n. a person in a story or play; a person who does funny or unusual things
recall-final	2-5%	https://learningenglish.voanews.com/a/adverbial-everday-grammar/3510719.html	61	core		9	uncovered		gangster – n. a member of a criminal group
recall-final	2-5%	https://learningenglish.voanews.com/a/adverbial-everday-grammar/3510719.html	62	core		17	uncovered		scene – n. a part of a play or movie in which a particular action takes place
recall-final	2-5%	https://learningenglish.voanews.com/a/adverbial-everday-grammar/3510719.html	63	core		23	uncovered		phrase – n. a group of two or more words that express a single idea but do not usually form a complete sentence
recall-final	2-5%	https://learningenglish.voanews.com/a/adverbial-everday-grammar/3510719.html	64	core		24	uncovered		prepositional phrase – n. A prepositional phrase is a group of words that begins with a preposition and ends in a noun, pronoun, or
recall-final	2-5%	https://learningenglish.voanews.com/a/adverbial-everday-grammar/3510719.html	65	core		16	uncovered		noun phrase – n. a group of words that acts like a noun in a sentence
recall-final	2-5%	https://learningenglish.voanews.com/a/adverbial-everday-grammar/3510719.html	66	core		14	uncovered		adverbial prepositional phrase – n. a prepositional phrase that modifies or describes a verb
recall-final	2-5%	https://learningenglish.voanews.com/a/verbs-and-summer-weather/5928601.html	32	closing		34	uncovered		The next time you hear Americans talk about the weather – in a film, TV show, or in person, make careful note of what kinds of verbs they use to talk about the weather.
recall-final	2-5%	https://learningenglish.voanews.com/a/verbs-and-summer-weather/5928601.html	33	closing		31	uncovered		You will probably hear some of the linking verbs that were described today, and perhaps some other verbs too. Then try to use what you have learned in your own discussions.
recall-final	2-5%	https://learningenglish.voanews.com/a/experimental-school-california-no-homework/3681464.html					clean
recall-final	2-5%	https://learningenglish.voanews.com/a/words-and-their-stories-feel-the-pinch/2942530.html	1	core		13	uncovered		Hello, I'm Anna Matteo with the Learning English program Words and Their Stories.
recall-final	2-5%	https://learningenglish.voanews.com/a/words-and-their-stories-feel-the-pinch/2942530.html	18	core		12	uncovered		Check out our website for more episodes of Words and Their Stories.
recall-final	2-5%	https://learningenglish.voanews.com/a/remind-or-remember-/5989343.html					clean
recall-final	2-5%	https://learningenglish.voanews.com/a/words-and-their-stories-boxing-expressions/2510976.html	17	core		11	uncovered		And that’s the VOA Learning English program Words and Their Stories.
recall-final	2-5%	https://learningenglish.voanews.com/a/words-and-their-stories-boxing-expressions/2510976.html	19	core		22	uncovered		"We leave you with a song made famous in Rocky, a 1976 movie about an American boxer. Here is “Gonna Fly Now."""
recall-final	2-5%	https://learningenglish.voanews.com/a/simple-treatment-for-parkinsons-didsease-exercise/2647824.html					clean
recall-final	2-5%	https://learningenglish.voanews.com/a/deep-breathing-helps-the-lungs/5562324.html					clean
recall-final	2-5%	https://learningenglish.voanews.com/a/got-something-to-hide-try-sweeping-it-under-the-rug-/6649432.html					clean
recall-final	2-5%	https://learningenglish.voanews.com/a/writing-groups-can-help-students-with-papers/2500440.html					clean
recall-final	2-5%	https://learningenglish.voanews.com/a/year-old-graduate-proves-its-never-too-late/1941507.html	23	core		27	uncovered		Is there a path in life that you would like to get back on? Let us know in our comment section where you can practice your English.
recall-final	2-5%	https://learningenglish.voanews.com/a/shortened-statements-with-the-word-to-/6007145.html	26	closing		23	uncovered		We began this report with a question about statements such as “I would like to” or “I want to” or “I’ll try to.”
recall-final	2-5%	https://learningenglish.voanews.com/a/shortened-statements-with-the-word-to-/6007145.html	29	closing		48	uncovered		The next time you listen to English speakers, pay careful attention to the word to. Make note of how speakers use it to shorten phrases. Try to shorten infinitive phrases in your own speaking or writing. Over time, you will begin to shorten phrases much like an American.
recall-final	2-5%	https://learningenglish.voanews.com/a/describing-your-day-mornings/6241274.html	31	closing		40	uncovered		In today's report, you learned about how different verb forms or structures help describe the morning and the morning’s activities. Try to use some of what you have learned today when you are speaking English in class or with friends.
recall-final	2-5%	https://learningenglish.voanews.com/a/describing-your-day-mornings/6241274.html	32	closing		29	uncovered		Pay careful attention to movies or shows - you might hear some of the verbs we just talked about today. You might learn about some other verb structures too.
recall-final	2-5%	https://learningenglish.voanews.com/a/describing-your-day-mornings/6241274.html	33	closing		23	uncovered		We hope that the next time you wake up, you will say to yourself: “I am excited to learn more about English grammar!”
recall-final	2-5%	https://learningenglish.voanews.com/a/artists-create-homes-for-the-homeless/2478245.html					clean
recall-final	2-5%	https://learningenglish.voanews.com/a/raise-a-red-flag/6922417.html	20	core		21	uncovered		See if you can find the use of raise a red flag in this VOA Learning English article about airport security.
recall-final	2-5%	https://learningenglish.voanews.com/a/raise-a-red-flag/6922417.html	21	core		20	uncovered		You can also hear more examples of red flag in this English in a Minute video from VOA Learning English.
recall-final	2-5%	https://learningenglish.voanews.com/a/raise-a-red-flag/6922417.html	22	core		9	uncovered		Keep learning new expressions with Words and Their Stories!
recall-final	2-5%	https://learningenglish.voanews.com/a/a-23-a-2002-01-25-1-1-83111602/120176.html	34	core		3	uncovered		((Speech to supporters))
recall-final	2-5%	https://learningenglish.voanews.com/a/verbs-nouns-and-pronunciation-/6333858.html	36	closing		59	uncovered		In today’s report, we explored one of the points of connection between grammar and pronunciation. The next time you want to pronounce an unusual English word, ask yourself if it is a noun or verb. If you can tell if the word is a noun or verb, then you have a better chance at guessing the correct syllable stress.
recall-final	2-5%	https://learningenglish.voanews.com/a/how-to-stay-warm-and-safe-in-freezing-weather/1571922.html	12	core		26	uncovered		Next week on the Health Report: advice from experts about what to do, and not to do, to help someone who is injured by cold weather.
recall-final	2-5%	https://learningenglish.voanews.com/a/offering-coffee-and-tea/7277846.html	41	closing		25	uncovered		Today we explored a few key ideas that connect to everyday situations – inviting someone to get a drink, offering a guest something to drink.
recall-final	2-5%	https://learningenglish.voanews.com/a/top-brass-what-americans-call-their-employers/1543408.html					clean
recall-final	2-5%	https://learningenglish.voanews.com/a/american-students-chinese-prom-dress-starts-debate/4372946.html					clean
recall-final	2-5%	https://learningenglish.voanews.com/a/strengthen-your-core-with-5-simple-exercises/3409546.html	28	core		8	uncovered		I’m Anna Matteo, wishing you a strong core!
recall-final	2-5%	https://learningenglish.voanews.com/a/ny-baseball-program-improves-childrens-academics/3470913.html					clean
recall-final	2-5%	https://learningenglish.voanews.com/a/old-proverbs-still-speak-truth/1677388.html					clean
recall-final	2-5%	https://learningenglish.voanews.com/a/grammar-and-the-economy-inflation/7097561.html	47	closing		54	uncovered		The next time you read or hear about inflation, pay careful attention to the terms and structures that are used. Inflation is a big, difficult subject. But mastering some of the basic terms and ideas related to it can be a big help in everyday discussions - or on English speaking and writing tests.
recall-final	2-5%	https://learningenglish.voanews.com/a/very-large-crack-creating-iceberg-in-antarctica/3674010.html					clean
recall-final	2-5%	https://learningenglish.voanews.com/a/what-are-the-best-ways-to-study-at-home-/5326540.html	17	core		3	uncovered		And Good Luck!
recall-final	2-5%	https://learningenglish.voanews.com/a/what-are-the-best-ways-to-study-at-home-/5326540.html	18	core		7	uncovered		That’s Ask a Teacher, I’m Anne Ball.
recall-final	2-5%	https://learningenglish.voanews.com/a/expressions-from-the-world-of-bugs/2704466.html					clean
recall-final	5-10%	https://learningenglish.voanews.com/a/broken-heart-or-heart-of-stone/1849410.html	2	core		10	uncovered		I’m Rich Kleinfeldt with some expressions using the word heart.
recall-final	5-10%	https://learningenglish.voanews.com/a/horse-expressions-hold-your-horses-horsing-around-high-horse/1928778.html					clean
recall-final	5-10%	https://learningenglish.voanews.com/a/how-to-summarize/7769761.html					clean
recall-final	5-10%	https://learningenglish.voanews.com/a/a-23-2006-12-05-voa3-83128887/125812.html					clean
recall-final	5-10%	https://learningenglish.voanews.com/a/thai-rice-farmers-hurt-by-dropping-prices/3589791.html					clean
recall-final	5-10%	https://learningenglish.voanews.com/a/in-the-hot-seat-is-not-where-you-want-to-be/7148930.html					clean
recall-final	5-10%	https://learningenglish.voanews.com/a/a-23-2006-06-14-voa2-83129842/126143.html					clean
recall-final	5-10%	https://learningenglish.voanews.com/a/a-23-2005-01-28-voa1-83127352/125258.html	7	core		32	uncovered		Information about other M.B.A. programs can be found from the Graduate Management Admission Council at mba.com. And you can find all the reports so far in our Foreign Student Series at voaspecialenglish.com.
recall-final	5-10%	https://learningenglish.voanews.com/a/words-and-their-stories-grapevine-105595248/118709.html					clean
recall-final	5-10%	https://learningenglish.voanews.com/a/a-23-2008-06-09-voa2-83138272/128843.html					clean
recall-final	5-10%	https://learningenglish.voanews.com/a/do-divide-and-separate-mean-the-same-thing-/5069461.html					clean
recall-final	5-10%	https://learningenglish.voanews.com/a/sometimes-we-spread-ourself-too-thin-/7940837.html	8	core		22	uncovered		"Here is a VOA Learning English English in a Minute video explaining the idiom ""to bite off more than you can chew."""
recall-final	5-10%	https://learningenglish.voanews.com/a/a-23-2007-05-13-voa4-83132537/127067.html					clean
recall-final	5-10%	https://learningenglish.voanews.com/a/merrimack-virginia-monitor/2487429.html					clean
recall-final	5-10%	https://learningenglish.voanews.com/a/when-is-something-ancient-history-/7536042.html					clean
recall-final	5-10%	https://learningenglish.voanews.com/a/a-23-2007-11-14-voa3-83133272/127349.html					clean
recall-final	5-10%	https://learningenglish.voanews.com/a/a-23-2009-12-22-voa4-83140947/129616.html	12	core		20	uncovered		Next week: advice from experts about what to do, and not to do, to help someone injured by extreme cold.
recall-final	5-10%	https://learningenglish.voanews.com/a/april-showers-bring-may-flowers-/6519628.html					clean
recall-final	5-10%	https://learningenglish.voanews.com/a/finally-eventually-ultimately-what-s-the-difference-/5922408.html	24	closing		37	uncovered		The next time you read in English or listen to English speakers, try to pay careful attention to words such as finally, eventually, and ultimately. Over time, you will notice regular ways that speakers use these terms.
recall-final	5-10%	https://learningenglish.voanews.com/a/finally-eventually-ultimately-what-s-the-difference-/5922408.html	25	closing		17	uncovered		With hard work and careful study, you will eventually understand how to use these terms with ease.
recall-final	5-10%	https://learningenglish.voanews.com/a/a-23-2005-05-22-voa1-83124347/124160.html					clean
recall-final	5-10%	https://learningenglish.voanews.com/a/on-time-or-in-time-/7276995.html	26	core		13	uncovered		Please let us know if these explanations and examples have helped you, Nguyen.
recall-final	5-10%	https://learningenglish.voanews.com/a/airbrush-your-way-to-perfection-/6581266.html					clean
recall-final	5-10%	https://learningenglish.voanews.com/a/a-23-2006-08-02-voa3-83130042/126216.html	36	core		16	uncovered		Next week, we will look at how the Great Depression of the nineteen-thirties affected other countries.
recall-final	5-10%	https://learningenglish.voanews.com/a/a-23-2008-10-25-voa2-83136702/128542.html					clean
recall-final	5-10%	https://learningenglish.voanews.com/a/a-23-2008-01-12-voa1-83140307/129384.html					clean
recall-final	5-10%	https://learningenglish.voanews.com/a/a-23-2006-08-27-voa5-83128232/125566.html	1	core		84	uncovered		Each week, this program explains the many meanings of English expressions. Today’s expressions include a very important word – “heart.” We will try to “get to the heart of the matter” to better understand the most important thing about words and their stories. So “take heart.” Have no fear about learning new expressions. Besides, popular English words can be fun. There is no need for a “heavy heart.” Such feelings of sadness would only “break my heart,” or make me feel unhappy and hopeless.
recall-final	5-10%	https://learningenglish.voanews.com/a/a-23-2006-08-27-voa5-83128232/125566.html	9	core		37	uncovered		I really wanted to play some music at the end of this feature. In fact, “I had my heart set on it.” So here it is, a song called “Don’t Go Breaking my Heart” by Elton John.
recall-final	5-10%	https://learningenglish.voanews.com/a/a-23-2008-07-07-voa1-83138547/128930.html					clean
recall-final	5-10%	https://learningenglish.voanews.com/a/words-and-their-stories-feel-the-pinch-109479829/118715.html					clean
recall-final	5-10%	https://learningenglish.voanews.com/a/a-23-2009-12-10-voa2-83142052/118596.html					clean
recall-final	5-10%	https://learningenglish.voanews.com/a/words-and-their-stories-back-shoulders-and-chest-138260309/118880.html					clean
recall-final	5-10%	https://learningenglish.voanews.com/a/ok--85357622/115551.html					clean
recall-final	5-10%	https://learningenglish.voanews.com/a/davy-jones--the-monkees-142084733/607835.html					clean
recall-final	5-10%	https://learningenglish.voanews.com/a/how-to-use-swimming-to-deal-with-life-s-situations/7789389.html					clean
recall-final	5-10%	https://learningenglish.voanews.com/a/hill-beans-farm-expressions-hay-hedging/1781071.html					clean
recall-final	5-10%	https://learningenglish.voanews.com/a/expressions-for-getting-things-done-/5990473.html	17	core		27	uncovered		We here at VOA Learning know that our listeners want to learn English very badly. By hook or by crook and come hell or high water…you will!
recall-final-entrant	2-5%	https://learningenglish.voanews.com/a/blues-country-soul-memphis-tennessee/1662565.html	50	core		13	uncovered		"We leave you with ""Memphis Blues,"" performed by Duke Ellington and his Orchestra."
recall-final-entrant	2-5%	https://learningenglish.voanews.com/a/blues-country-soul-memphis-tennessee/1662565.html	54	core		16	uncovered		We hope you join us again next week for This Is America from VOA Learning English.
recall-final-entrant	2-5%	https://learningenglish.voanews.com/a/blues-country-soul-memphis-tennessee/1662565.html	55	core		19	uncovered		Film excerpt from a 1950 20th Century Fox version of “The Glass Menagerie,” starring Kirk Douglas and Jane Wyman.
precision-A	10	https://learningenglish.voanews.com/a/a-23-2006-08-02-voa3-83130042/126216.html	39	programme	list:credits.txt	54	correct	1	You have been listening to THE MAKING OF A NATION -- a program in Special English by the Voice of America. Your narrators have been Harry Monroe and Warren Scheer. Our program was written by David Jarmul. The Voice of America invites you to listen again next week to THE MAKING OF A NATION.
precision-A	10	https://learningenglish.voanews.com/a/how-to-improve-your-spelling/7813583.html	47	programme	list:credits.txt+list:call_to_action.txt	35	correct	1	For our readers and listeners, what are your questions about American English? We’d like to hear from you. Send us an email at learningenglish@voanews.com. And please include where you are from in your email, too.
precision-A	10	https://learningenglish.voanews.com/a/minimal-pairs-for-pronunciation/7938144.html	22	programme	list:credits.txt+list:call_to_action.txt	34	correct	1	For our readers and listeners, what are your questions about American English? We want to hear from you! Send us an email at learningenglish@voanews.com. And please let us know where you are from, too.
precision-A	10	https://learningenglish.voanews.com/a/how-to-do-it-making-paper-by-hand-126083488/113829.html	12	programme	list:programme.txt+list:credits.txt+list:call_to_action.txt+list:presenter.txt	33	correct	1	And that’s the VOA Special English Technology Report. Transcripts, MP3s and podcasts of our reports are at voaspecialenglish.com. Follow us on Facebook, Twitter, YouTube and iTunes at VOA Learning English. I’m Christopher Cruise.
precision-A	10	https://learningenglish.voanews.com/a/a-23-2007-12-11-voa3-83135202/127990.html	13	programme	list:credits.txt+list:presenter.txt	29	correct	1	And that’s the VOA Special English Report, written by Caty Weaver. For more health news, along with transcripts and MP3s of our reports, go to voaspecialenglish.com. I’m Faith Lapidus.
precision-A	10	https://learningenglish.voanews.com/a/a-23-2009-12-22-voa4-83140947/129616.html	13	programme	list:credits.txt+list:presenter.txt	29	correct	1	And that's the VOA Special English Report, written by Caty Weaver. For more health news, along with transcripts and MP3s of our reports, go to voaspecialenglish.com. I'm Steve Ember.
precision-A	10	https://learningenglish.voanews.com/a/a-23-2008-01-12-voa1-83140307/129384.html	3	presenter	list:presenter.txt+list:programme.txt	27	correct	3	And I'm Shirley Griffith with the Special English program, PEOPLE IN AMERICA. Every week we tell about a person important in the history of the United States.
precision-A	10	https://learningenglish.voanews.com/a/a-23-2005-05-22-voa1-83124347/124160.html	48	presenter	list:presenter.txt+list:programme.txt	27	correct	1	And I’m Shirley Griffith. Join us again next week for another report about life in the United States on the VOA Special English program This is America.
precision-A	10	https://learningenglish.voanews.com/a/a-23-2009-04-27-voa3-83143077/130291.html	11	programme	list:credits.txt+list:presenter.txt	27	correct	1	And that's the VOA Special English Agriculture Report, written by Jerilyn Watson. You can find transcripts, MP3s and podcasts of our reports at voaspecialenglish.com. I'm Steve Ember.
precision-A	10	https://learningenglish.voanews.com/a/ask-a-teacher-the-preposition-by-/4679963.html	22	call_to_action	list:call_to_action.txt	27	correct	2	Do you have a question for Ask a Teacher? Write to us in the comments area. And, be sure to tell us what country you are from.
precision-A	10	https://learningenglish.voanews.com/a/some-or-any/5146156.html	20	call_to_action	list:call_to_action.txt	26	correct	1	We want to hear from you. Do you have a question for the teacher? Write to us in the Comments Section or on our Facebook page.
precision-A	10	https://learningenglish.voanews.com/a/a-23-2008-07-14-voa2-83139062/129089.html	7	programme	list:credits.txt+list:presenter.txt	25	correct	1	And that's the VOA Special English Agriculture Report, written by George Grow. Transcripts, MP3s and podcasts of our reports are at voaspecialenglish.com. I'm Jim Tedder.
precision-A	10	https://learningenglish.voanews.com/a/a-23-2007-03-12-voa3-83134937/127913.html	13	programme	list:credits.txt+list:presenter.txt	25	correct	1	And that's the VOA Special English Agriculture Report, written by Jerilyn Watson. Transcripts and audio files of our reports are at voaspecialenglish.com. I'm Steve Ember.
precision-A	10	https://learningenglish.voanews.com/a/a-23-2005-11-13-voa1-83124847/124380.html	13	programme	list:credits.txt+list:presenter.txt	25	correct	1	This VOA Special English Development report was written by Bob Bowen. Internet users can read and listen to our reports at voaspecialenglish.com. I'm Bob Doughty.
precision-A	10	https://learningenglish.voanews.com/a/a-23-2006-01-08-voa2-83129892/126173.html	9	programme	list:credits.txt+list:presenter.txt	25	correct	1	This VOA Special English Development Report was written by Gary Garriott. Internet users can read and listen to our reports at voaspecialenglish.com. I'm Steve Ember
precision-A	10	https://learningenglish.voanews.com/a/horse-expressions-hold-your-horses-horsing-around-high-horse/1928778.html	12	programme	list:credits.txt+list:presenter.txt	25	correct	1	This VOA Special English program was written by Shelley Gollust. I'm Faith Lapidus. You can find more Words and Their Stories at our website, voaspecialenglish.com
precision-A	10	https://learningenglish.voanews.com/a/words-and-their-stories-hold-your-horses-118296964/118760.html	12	programme	list:credits.txt+list:presenter.txt	25	correct	1	This VOA Special English program was written by Shelley Gollust. I'm Faith Lapidus. You can find more WORDS AND THEIR STORIES at our website, voaspecialenglish.com.
precision-A	10	https://learningenglish.voanews.com/a/words-and-their-stories-hotheaded-hot-shot-130909528/118830.html	16	programme	list:programme.txt+list:credits.txt+list:presenter.txt	25	correct	1	You have been listening to the VOA Special English program WORDS AND THEIR STORIES. Our program was written by Marilyn Rice Christiano. I'm Warren Scheer.
precision-A	10	https://learningenglish.voanews.com/a/a-23-2008-03-03-voa1-83138167/128800.html	18	programme	list:programme.txt+list:credits.txt+list:presenter.txt	25	correct	1	You have been listening to the VOA Special English program, WORDS AND THEIR STORIES. Our program was written by Marilyn Rice Christiano. I'm Warren Scheer.
precision-A	10	https://learningenglish.voanews.com/a/a-23-2008-06-30-voa2-83139192/129126.html	11	programme	list:credits.txt+list:presenter.txt	24	correct	2	(MUSIC) This VOA Special English program was written by Shelley Gollust. I'm Faith Lapidus. You can find more WORDS AND THEIR STORIES at voaspecialenglish.com.
precision-A	10	https://learningenglish.voanews.com/a/ferris-wheel-washington-dc-potomac/1945868.html	12	presenter	list:presenter.txt+list:credits.txt+list:programme.txt	24	correct	1	I’m June Simms. Our program was written and produced by Caty Weaver. Join us again next week for American Mosaic from VOA Learning English.
precision-A	5	https://learningenglish.voanews.com/a/words-and-their-stories-cross-the-line-finish-line/3755973.html	1	programme	list:programme.txt+patterns.tsv:sentence:1	24	correct	1	Now, it’s time for the VOA Learning English program, Words and Their Stories. On this show, we talk about common, expressions in American English.
precision-A	10	https://learningenglish.voanews.com/a/a-23-2005-07-18-voa1-83124037/124055.html	10	programme	list:credits.txt+list:presenter.txt	24	correct	1	This VOA Special English Agriculture Report was written by Gary Garriott. Our reports can be found on the Web at voaspecialenglish.com. I'm Jim Tedder.
precision-A	10	https://learningenglish.voanews.com/a/ok--85357622/115551.html	10	programme	list:credits.txt+list:presenter.txt	23	correct	1	This program was written by Shelley Gollust. I'm Faith Lapidus. You can find more WORDS AND THEIR STORIES at our Web site, voaspecialenglish.com.
precision-A	10	https://learningenglish.voanews.com/a/a-23-2008-10-17-voa5-83136142/128341.html	12	programme	list:credits.txt+list:presenter.txt	23	correct	2	This VOA Special English program was written by Shelley Gollust. I'm Barbara Klein. You can find more WORDS AND THEIR STORIES at voaspecialenglish.com.
precision-A	10	https://learningenglish.voanews.com/a/a-23-2009-06-26-voa2-83140972/116673.html	13	programme	list:credits.txt+list:presenter.txt	23	correct	2	This VOA Special English program was written by Shelley Gollust. I'm Faith Lapidus. You can find more WORDS AND THEIR STORIES at voaspecialenglish.com.
precision-A	10	https://learningenglish.voanews.com/a/hill-beans-farm-expressions-hay-hedging/1781071.html	17	programme	list:credits.txt+list:presenter.txt	23	correct	1	This VOA Special English program Words and Their Stories was written by Marilyn Rice Christiano. Maurice Joyce was the narrator. I’m Shirley Griffith.
precision-A	10	https://learningenglish.voanews.com/a/a-23-2008-03-19-voa1-83139207/129130.html	13	programme	list:credits.txt+list:presenter.txt	23	correct	4	This VOA Special English program, WORDS AND THEIR STORIES, was written by Marilyn Rice Christiano. Maurice Joyce was the narrator. I'm Shirley Griffith.
precision-A	10	https://learningenglish.voanews.com/a/ear-care-do-it-yourself-wax-removal-133538153/115362.html	13	programme	list:credits.txt+list:presenter.txt	22	correct	1	And that's the VOA Special English Health Report, written by Caty Weaver. For more health news, go to voaspecialenglish.com. I'm Christopher Cruise.
precision-A	10	https://learningenglish.voanews.com/a/a-23-2008-07-29-voa2-83138927/129049.html	12	programme	list:credits.txt+list:presenter.txt	22	correct	2	And that's the VOA Special English Health Report, written by Caty Weaver. For more health news, go to voaspecialenglish.com. I'm Steve Ember.
precision-A	10	https://learningenglish.voanews.com/a/ask-a-teacher-raise-of-rise-/4578337.html	24	call_to_action	list:call_to_action.txt	22	correct	1	Do you have a question for Ask a Teacher? Write to us in the Comments area. Be sure to list your country!
precision-A	10	https://learningenglish.voanews.com/a/a-23-2007-04-01-voa1-83134847/127878.html	11	presenter	list:presenter.txt+list:programme.txt	22	correct	3	I’m Warren Scheer. Listen again next week for another Words and Their Stories program in Special English on the Voice of America.
precision-A	10	https://learningenglish.voanews.com/a/a-23-2005-05-22-voa1-83124347/124160.html	46	programme	list:credits.txt+list:presenter.txt	22	correct	1	This program was written by Paul Thompson. It was produced by Cynthia Kirk. Our studio engineer was Mick Shaw. I’m Sarah Long.
precision-A	10	https://learningenglish.voanews.com/a/a-23-2005-10-18-voa2-83124137/124097.html	11	programme	list:credits.txt+list:presenter.txt	22	correct	1	This VOA Special English Agriculture Report was written by Mario Ritter. Our reports are on the Web at voaspecialenglish.com. I'm Shep O'Neal.
precision-A	10	https://learningenglish.voanews.com/a/a-23-2006-04-10-voa1-83130252/126292.html	11	programme	list:credits.txt+list:presenter.txt	22	correct	1	This VOA Special English Agriculture Report was written by Mario Ritter. Read and listen to our reports at voaspecialenglish.com. I'm Steve Ember.
precision-A	10	https://learningenglish.voanews.com/a/a-23-2006-03-31-voa2-83129872/126159.html	12	programme	list:credits.txt+list:presenter.txt	22	correct	1	This VOA Special English Economics Report was written by Mario Ritter. Read and listen to our reports at voaspecialenglish.com. I'm Steve Ember.
precision-A	10	https://learningenglish.voanews.com/a/a-23-2006-02-22-voa1-83131542/126720.html	9	programme	list:credits.txt+list:presenter.txt	22	correct	1	This VOA Special English Education Report was written by Nancy Steinbach. Read and listen to our reports at voaspecialenglish.com. I’m Doug Johnson.
precision-A	10	https://learningenglish.voanews.com/a/a-23-2005-06-14-voa3-83126797/125043.html	12	programme	list:credits.txt+list:presenter.txt	22	correct	1	This VOA Special English Health Report was written by Cynthia Kirk. Our reports are on the Web at voaspecialenglish.com. I'm Gwen Outen.
precision-A	10	https://learningenglish.voanews.com/a/a-23-2005-08-16-voa4-83125097/124483.html	12	programme	list:credits.txt+list:presenter.txt	22	correct	1	This VOA Special English Health Report was written by Cynthia Kirk. Our reports are on the Web at voaspecialenglish.com. I’m Shep O’Neal.
precision-A	10	https://learningenglish.voanews.com/a/a-23-2008-02-24-voa1-83138562/128939.html	14	programme	list:credits.txt+list:presenter.txt	22	correct	1	This VOA Special English program, WORDS AND THEIR STORIES, was written by Marilyn Christiano. The narrator was Maurice Joyce. I'm Warren Scheer.
precision-A	10	https://learningenglish.voanews.com/a/a-23-2009-01-03-voa4-83141282/129742.html	14	programme	list:programme.txt+list:credits.txt+list:presenter.txt	21	correct	1	And that's the VOA Special English Development Report. Transcripts, MP3s and podcasts of our reports are at voaspecialenglish.com. I'm Steve Ember.
precision-A	10	https://learningenglish.voanews.com/a/certainly-or-of-course-/5119108.html	31	call_to_action	list:call_to_action.txt	21	correct	16	Do you have a question for the teacher? We want to hear from you. Write to us in the Comments Section.
precision-A	2+5+10	https://learningenglish.voanews.com/a/davy-jones--the-monkees-142084733/607835.html	0	programme	list:programme.txt	21	correct	6	Read and listen to the article. Then open the activities on the right side of the page to improve your English!
precision-A	10	https://learningenglish.voanews.com/a/a-23-2005-07-20-voa2-83124862/124390.html	10	programme	list:credits.txt+list:presenter.txt	21	correct	1	This VOA Special English Education Report was written by Nancy Steinbach. Our reports are all online at voaspecialenglish.com. I'm Barbara Klein.
precision-A	5+10	https://learningenglish.voanews.com/a/helping-people-one-ride-at-a-time/3724522.html	25	call_to_action	list:call_to_action.txt	21	correct	2	We want to hear from you. Write to us in the Comments Section and share your views on our Facebook Page.
precision-A	10	https://learningenglish.voanews.com/a/a-23-2008-01-12-voa1-83140307/129384.html	51	presenter	list:presenter.txt+list:programme.txt	20	correct	3	And I'm Ray Freeman. Join us again next week for another PEOPLE IN AMERICA program on the Voice of America.
precision-A	10	https://learningenglish.voanews.com/a/what-does-it-mean-to-be-on-the-nose-/5997915.html	20	programme	list:programme.txt+list:presenter.txt	20	correct	1	And that's all the time we have for this Words and Their Stories! Until next time … I’m Anna Matteo.
precision-A	10	https://learningenglish.voanews.com/a/april-showers-bring-may-flowers-/6519628.html	22	programme	list:programme.txt+list:presenter.txt	20	correct	3	And that’s all the time we have for this Words and Their Stories. Until next time ... I’m Anna Matteo.
precision-A	10	https://learningenglish.voanews.com/a/icing-on-the-cake-is-as-good-as-it-sounds/7265587.html	22	programme	list:programme.txt+list:presenter.txt	20	correct	1	And that’s all the time we have for this Words and Their Stories. Until next time … I’m Anna Matteo!
precision-A	5+10	https://learningenglish.voanews.com/a/all-thumbs-/7158652.html	15	programme	list:programme.txt+list:presenter.txt	20	correct	10	And that’s all the time we have for this Words and Their Stories. Until next time … I’m Anna Matteo.
precision-A	10	https://learningenglish.voanews.com/a/let-s-talk-about-our-shadow/6300981.html	25	programme	list:programme.txt+list:presenter.txt	20	correct	1	And that’s all the time we have for this Words and Their Stories. Until next time … I’m Bryan Lynn.
precision-A	10	https://learningenglish.voanews.com/a/words-and-their-stories-nicknames-for-new-york-city-125142244/118796.html	9	programme	list:credits.txt+list:presenter.txt	20	correct	1	This program was written by Shelley Gollust. I'm Barbara Klein. You can find more WORDS AND THEIR STORIES at voaspecialenglish.com.
precision-A	10	https://learningenglish.voanews.com/a/a-23-2005-08-30-voa2-83126392/124915.html	11	programme	list:credits.txt+list:presenter.txt	20	correct	1	This VOA Special English Agriculture Report was written by Mario Ritter. Our reports are online at voaspecialenglish.com. I'm Faith Lapidus.
precision-A	10	https://learningenglish.voanews.com/a/a-23-2005-12-19-voa2-83123452/123871.html	8	programme	list:credits.txt+list:presenter.txt	20	correct	2	This VOA Special English Agriculture Report was written by Mario Ritter. Our reports are online at voaspecialenglish.com. I'm Steve Ember.
precision-A	10	https://learningenglish.voanews.com/a/a-23-2005-11-07-voa2-83124782/124367.html	14	programme	list:credits.txt+list:presenter.txt	20	correct	1	This VOA Special English Development Report was written by Bob Bowen. Our reports are online at voaspecialenglish.com. I'm Steve Ember.
precision-A	10	https://learningenglish.voanews.com/a/a-23-2005-08-17-voa1-83125372/124547.html	12	programme	list:credits.txt+list:presenter.txt	20	correct	1	This VOA Special English Education Report was written by Nancy Steinbach. Our reports are online at voaspecialenglish.com. I’m Shep O'Neal.
precision-A	5	https://learningenglish.voanews.com/a/chinese-astronauts-begin-month-long-stay-in-space/3556772.html	20	call_to_action	list:call_to_action.txt	20	correct	3	We want to hear from you. Write to us in the Comments Section and visit us on our Facebook page.
precision-A	10	https://learningenglish.voanews.com/a/a-23-2009-05-22-voa1-83143822/130462.html	15	programme	list:credits.txt+list:presenter.txt	19	correct	2	(MUSIC) This VOA Special English program, Words and Their Stories, was written by Marilyn Christiano. This is Warren Scheer.
precision-A	10	https://learningenglish.voanews.com/a/bury-your-head-in-the-sand-to-avoid-difficulty/6798789.html	18	programme	list:programme.txt+list:presenter.txt	19	correct	1	And that brings us to the end of this Words and Their Stories! Until next time, I’m Anna Matteo.
precision-A	10	https://learningenglish.voanews.com/a/airbrush-your-way-to-perfection-/6581266.html	24	programme	list:programme.txt+list:presenter.txt	19	correct	4	And that’s all the time we have for this Words and Their Stories. Until next time, I’m Anna Matteo.
precision-A	10	https://learningenglish.voanews.com/a/learn-to-be-careful-with-the-alphabet/6458016.html	23	programme	list:programme.txt+list:presenter.txt	19	correct	2	And that’s all the time we have this Words and Their Stories. Until next time … I’m Anna Matteo.
precision-A	10	https://learningenglish.voanews.com/a/how-to-summarize/7769761.html	16	programme	list:credits.txt+list:call_to_action.txt	19	correct	4	For our readers and listeners, do you have a question about American English? Send us an email at learningenglish@voanews.com.
precision-A	5	https://learningenglish.voanews.com/a/idioms-color-blue/5303536.html	1	programme	list:programme.txt	19	correct	3	Now, it’s time for Words and Their Stories -- our weekly program about common, everyday expressions in American English.
precision-A	10	https://learningenglish.voanews.com/a/a-23-2006-12-05-voa3-83128887/125812.html	15	programme	list:programme.txt+list:presenter.txt	18	correct	1	(MUSIC) You have been listening to the VOA Special English program, Words and Their Stories. I'm Bob Doughty.
precision-A	10	https://learningenglish.voanews.com/a/expressions-for-getting-things-done-/5990473.html	18	programme	list:programme.txt+list:presenter.txt	18	correct	1	And that’s all the time we have for this Words and Their Stories. Until next time…I’m Anna Matteo.
precision-A	5	https://learningenglish.voanews.com/a/3549624.html	40	programme	list:credits.txt	18	correct	1	Anna Matteo wrote this Words and Their Stories for VOA Learning English. Kelly Jean Kelly was the editor.
precision-A	10	https://learningenglish.voanews.com/a/a-23-2007-01-17-voa2-83131617/126760.html	0	presenter	list:presenter.txt	18	correct	6	I'm Susan Clark with Words and Their Stories, a program in Special English on the Voice of America.
precision-A	10	https://learningenglish.voanews.com/a/a-23-2008-01-12-voa1-83140307/129384.html	49	programme	list:credits.txt+list:presenter.txt	18	correct	3	This Special English program was written by Shelley Gollust. It was produced by Lawan Davis. I'm Shirley Griffith.
precision-A	10	https://learningenglish.voanews.com/a/words-and-their-stories-ace-in-the-hole-115370524/118741.html	13	programme	list:credits.txt+list:presenter.txt	18	correct	1	This Special English program WORDS AND THEIR STORIES was written by Marilyn Rice Christiano. This is Bob Doughty.
precision-A	10	https://learningenglish.voanews.com/a/a-23-2007-04-09-voa3-83131762/126809.html	14	programme	list:credits.txt+list:presenter.txt	18	correct	1	This Special English program, Words and Their Stories, was written by Marilyn Rice Christiano. This is Bob Doughty.
precision-A	10	https://learningenglish.voanews.com/a/who-wants-to-be-a-billionaire-/4624503.html	17	call_to_action	list:call_to_action.txt	18	correct	1	We want to hear from you. Write to us in the comments section and visit our Facebook page.
precision-A	5	https://learningenglish.voanews.com/a/islamic-state-called-more-brutal-than-taliban/3036788.html	17	call_to_action	list:call_to_action.txt	18	correct	1	We want to hear from you. Write to us in the Comments section or on our Facebook page.
precision-A	5+10	https://learningenglish.voanews.com/a/americas-national-flag-day/3375867.html	9	call_to_action	list:call_to_action.txt	18	correct	3	We want to hear from you. Write to us in the Comments Section or visit our Facebook page.
precision-A	5+10	https://learningenglish.voanews.com/a/people-in-america-tim-ma/3807131.html	38	call_to_action	list:call_to_action.txt	18	correct	4	We want to hear from you. Write to us in the Comments section, and visit our Facebook page.
precision-A	5+10	https://learningenglish.voanews.com/a/3537726.html	27	call_to_action	list:call_to_action.txt	18	correct	23	We want to hear from you. Write to us in the Comments Section, or visit our Facebook page.
precision-A	10	https://learningenglish.voanews.com/a/a-23-2009-01-23-voa2-83140837/129561.html	15	programme	list:programme.txt+list:presenter.txt	18	correct	2	You have been listening to the VOA Special English program, WORDS AND THEIR STORIES. This is Bob Doughty.
precision-A	10	https://learningenglish.voanews.com/a/words-and-their-stories-top-brass-121440874/118771.html	16	programme	list:credits.txt+list:presenter.txt	17	correct	1	(MUSIC) This Special English program, WORDS AND THEIR STORIES, was written by Jeri Watson. I'm Susan Clark.
precision-A	10	https://learningenglish.voanews.com/a/run-something-up-the-flagpole-to-test-an-idea/7205585.html	13	programme	list:programme.txt	17	correct	1	And that is all the time we have for this Words and Their Stories. Until next time...
precision-A	10	https://learningenglish.voanews.com/a/in-the-hot-seat-is-not-where-you-want-to-be/7148930.html	18	programme	list:programme.txt	17	correct	1	And that’s all the time we have for this Words and Their Stories. Until next time ...
precision-A	10	https://learningenglish.voanews.com/a/holding-down-the-fort-is-a-big-job/7017038.html	20	programme	list:programme.txt	17	correct	2	And that’s all the time we have for this Words and Their Stories. Until next time …
precision-A	5+10	https://learningenglish.voanews.com/a/apple-polishers-often-become-teacher-s-pet-/5070229.html	31	programme	list:programme.txt+list:presenter.txt	17	correct	4	And that’s the end of this Words and Their Stories. Until next time … I’m Anna Matteo.
precision-A	5	https://learningenglish.voanews.com/a/vietnamese-refugee-overcomes-troubled-past-to-become-a-dentist/5012170.html	36	call_to_action	list:call_to_action.txt	17	correct	1	Let us know what you think of this story. Write to us in the comments section below.
precision-A	10	https://learningenglish.voanews.com/a/a-23-2006-11-07-voa3-83127847/125428.html	16	programme	list:credits.txt+list:presenter.txt	17	correct	4	This Special English program, WORDS AND THEIR STORIES, was written by Jeri Watson. This is Susan Clark.
precision-A	10	https://learningenglish.voanews.com/a/dressed-to-kill-ants-in-your-pants/1686202.html	9	programme	list:credits.txt+list:presenter.txt	17	correct	1	This VOA Special English program “Words and Their Stories” was written by Jill Moss. I’m Faith Lapidus.
precision-A	5+10	https://learningenglish.voanews.com/a/heart-to-heart/1844106.html	13	programme	list:credits.txt+list:presenter.txt	17	correct	3	This VOA Special English program Words and Their Stories was written by Jill Moss. I’m Faith Lapidus.
precision-A	10	https://learningenglish.voanews.com/a/baloney-or-blarney/1865532.html	13	programme	list:credits.txt+list:presenter.txt	17	correct	2	This VOA Special English program Words and Their Stories was written by Marilyn Christiano. I’m Warren Scheer.
precision-A	10	https://learningenglish.voanews.com/a/a-23-2009-09-25-voa3-83143072/118600.html	15	programme	list:credits.txt+list:presenter.txt	17	correct	3	This VOA Special English program WORDS AND THEIR STORIES was written by Shelley Gollust. I'm Faith Lapidus.
precision-A	5+10	https://learningenglish.voanews.com/a/a-23-2006-05-15-voa3-83129302/125945.html	13	programme	list:credits.txt+list:presenter.txt	17	correct	28	This VOA Special English program, WORDS AND THEIR STORIES, was written by Jill Moss. I’m Faith Lapidus.
precision-A	10	https://learningenglish.voanews.com/a/words-and-their-stories-hobsons-choice-119976004/118765.html	14	programme	list:credits.txt+list:presenter.txt	17	correct	1	This VOA Special English program, WORDS AND THEIR STORIES, was written by Marilyn Christiano. I’m Christopher Cruise.
precision-A	10	https://learningenglish.voanews.com/a/a-23-2009-05-09-voa2-83142332/130047.html	13	programme	list:credits.txt+list:presenter.txt	17	correct	2	This VOA Special English program, WORDS AND THEIR STORIES, was written by Marilyn Christiano. I'm Rich Kleinfeldt.
precision-A	10	https://learningenglish.voanews.com/a/a-23-2008-07-07-voa1-83138547/128930.html	14	programme	list:credits.txt+list:presenter.txt	17	correct	1	This VOA Special English program, WORDS AND THEIR STORIES, was written by Marilyn Christiano. I'm Warren Scheer.
precision-A	10	https://learningenglish.voanews.com/a/a-23-2007-09-05-voa5-83133597/127463.html	11	programme	list:credits.txt+list:presenter.txt	17	correct	2	This VOA Special English program, WORDS AND THEIR STORIES, was written by Shelley Gollust. I’m Faith Lapidus.
precision-A	10	https://learningenglish.voanews.com/a/a-23-2009-06-05-voa1-83142697/130166.html	15	programme	list:programme.txt+list:presenter.txt	17	correct	1	You have been listening to the VOA Special English program Words and Their Stories. I’m Bob Doughty.
precision-A	10	https://learningenglish.voanews.com/a/words-and-their-stories-grapevine-133291403/118847.html	14	programme	list:programme.txt+list:presenter.txt	17	correct	1	You have been listening to the VOA Special English program WORDS AND THEIR STORIES. I’m Christopher Cruise.
precision-A	10	https://learningenglish.voanews.com/a/words-and-their-stories-grapevine-105595248/118709.html	13	programme	list:programme.txt+list:presenter.txt	17	correct	1	You have been listening to the VOA Special English program WORDS AND THEIR STORIES. I’m Warren Scheer.
precision-A	10	https://learningenglish.voanews.com/a/a-23-2007-02-26-voa3-83131797/126818.html	14	programme	list:programme.txt+list:presenter.txt	17	correct	1	You have been listening to the VOA Special English program, Words and Their Stories. I’m Warren Scheer.
precision-A	10	https://learningenglish.voanews.com/a/battle-second-manassas/2500984.html	19	presenter	list:presenter.txt+list:programme.txt	16	correct	1	And I’m Kelly Jean Kelly. This is The Making of a Nation from VOA Learning English.
precision-A	10	https://learningenglish.voanews.com/a/merrimack-virginia-monitor/2487429.html	22	presenter	list:presenter.txt+list:programme.txt	16	correct	1	And I’m Kelly Jean Kelly. This is The Making of a Nation with VOA Learning English.
precision-A	5	https://learningenglish.voanews.com/a/only-the-best-are-on-the-cutting-edge-words-and-their-stories/4737578.html	23	programme	list:programme.txt+list:presenter.txt	16	correct	1	And that’s all for this Words and Their Stories! Until next time … I’m Anna Matteo.
precision-A	10	https://learningenglish.voanews.com/a/it-is-not-nice-to-dump-on-others/7039864.html	22	programme	list:programme.txt	16	correct	1	And that’s all the time we have for this Words and Their Stories. Until next time.
precision-A	5+10	https://learningenglish.voanews.com/a/let-s-get-to-the-root-of-the-problem-/6559675.html	22	programme	list:programme.txt+list:presenter.txt	16	correct	3	And that’s the end of this Words and Their Stories. Until next time, I’m Anna Matteo.
precision-A	10	https://learningenglish.voanews.com/a/have-your-chickens-come-home-to-roost-/6269365.html	18	programme	list:credits.txt	16	correct	2	Anna Matteo wrote this for VOA Learning English. Susan Shand and Ashley Thompson were the editors.
precision-A	10	https://learningenglish.voanews.com/a/finally-eventually-ultimately-what-s-the-difference-/5922408.html	26	programme	list:credits.txt	16	correct	1	If you have a question for our staff of teachers, send it by email to learningenglish@voanews.com.
precision-A	5	https://learningenglish.voanews.com/a/phrasal-verbs-with-spring-in-them/5868889.html	34	programme	list:credits.txt	16	correct	1	John Russell wrote this Everyday Grammar for VOA Learning English. Mario Ritter, Jr. was the editor.
precision-A	10	https://learningenglish.voanews.com/a/a-23-2006-08-02-voa3-83130042/126216.html	1	programme	list:programme.txt	16	correct	1	THE MAKING OF A NATION -- a program in Special English by the Voice of America.
precision-A	5+10	https://learningenglish.voanews.com/a/a-23-2006-05-15-voa4-83129307/125942.html	11	programme	list:credits.txt+list:presenter.txt	16	correct	14	WORDS AND THEIR STORIES, in VOA Special English, was written by Jill Moss. I’m Faith Lapidus.
precision-A	5	https://learningenglish.voanews.com/a/don-t-sweat-it-and-other-sweaty-expressions/6004902.html	20	programme	list:programme.txt+list:presenter.txt	15	correct	1	And that’s it for this Words and Their Stories. Until next time, I’m Anna Matteo.
precision-A	5	https://learningenglish.voanews.com/a/what-does-it-mean-to-get-the-greenlight-/6529949.html	32	programme	list:programme.txt+list:presenter.txt	15	correct	1	And that’s the end of this Words and Their Stories! Until next time...I’m Anna Matteo.
precision-A	5+10	https://learningenglish.voanews.com/a/a-23-2009-06-01-voa3-83143877/130480.html	14	programme	list:credits.txt+list:presenter.txt	15	correct	3	And that's the VOA Special English Agriculture Report, written by Jerilyn Watson. I'm Bob Doughty.
precision-A	10	https://learningenglish.voanews.com/a/a-23-2006-12-18-voa1-83128987/125842.html	15	programme	list:credits.txt+list:presenter.txt	15	correct	2	And that's the VOA Special English Agriculture report, written by Jerilyn Watson. I'm Steve Ember.
precision-A	10	https://learningenglish.voanews.com/a/a-23-2007-05-08-voa3-83134222/127696.html	16	programme	list:credits.txt+list:presenter.txt	15	correct	1	And that's the VOA Special English Health Report written by Caty Weaver. I'm Barbara Klein.
precision-A	10	https://learningenglish.voanews.com/a/a-23-2007-05-22-voa2-83135497/128092.html	12	programme	list:credits.txt+list:presenter.txt	15	correct	1	And that’s the VOA Special English Health Report, written by Caty Weaver. I'm Barbara Klein.
precision-A	10	https://learningenglish.voanews.com/a/a-23-2009-01-13-voa2-83142632/130143.html	12	programme	list:credits.txt+list:presenter.txt	15	correct	1	And that's the VOA Special English Health Report, written by Caty Weaver. I'm Faith Lapidus.
precision-A	10	https://learningenglish.voanews.com/a/battle-second-manassas/2500984.html	1	programme	list:programme.txt+list:presenter.txt	15	correct	4	From VOA Learning English, this is The Making of a Nation. I’m Kelly Jean Kelly.
precision-A	5	https://learningenglish.voanews.com/a/hockey-children-autism-social-skills/1804661.html	31	presenter	list:presenter.txt+list:programme.txt	15	correct	1	I'm June Simms. Join us again next week for American Mosaic from VOA Learning English.
precision-A	5	https://learningenglish.voanews.com/a/words-and-their-stories-more-clothing-expressions-128522283/118822.html	9	programme	list:credits.txt+list:presenter.txt	15	correct	2	Jill Moss wrote this VOA Special English program WORDS AND THEIR STORIES. I’m Faith Lapidus.
precision-A	10	https://learningenglish.voanews.com/a/a-23-2006-06-04-voa6-83130772/126467.html	10	programme	list:credits.txt+list:presenter.txt	15	correct	1	Jill Moss wrote this VOA Special English program, WORDS AND THEIR STORIES. I’m Faith Lapidus.
precision-A	10	https://learningenglish.voanews.com/a/using-punctuation-marks/6325202.html	41	programme	list:credits.txt	15	correct	1	Jill Robbins wrote this lesson for VOA Learning English. Mario Ritter, Jr. was the editor.
precision-A	10	https://learningenglish.voanews.com/a/a-23-2007-04-09-voa3-83131762/126809.html	0	programme	list:programme.txt	15	correct	3	Now, Words and Their Stories, a program in Special English by the Voice of America.
precision-A	10	https://learningenglish.voanews.com/a/a-23-a-2004-09-21-1-1-83119032/122366.html	10	programme	list:credits.txt+list:presenter.txt	15	correct	2	This VOA Special English Agriculture Report was written by Bob Bowen. This is Gwen Outen.
precision-A	10	https://learningenglish.voanews.com/a/a-23-a-2004-11-01-2-1-83119877/122561.html	14	programme	list:credits.txt+list:presenter.txt	15	correct	1	This VOA Special English Agriculture Report was written by Gary Garriott. This is Gwen Outen.
precision-A	10	https://learningenglish.voanews.com/a/a-23-a-2002-08-31-1-1-83112512/120515.html	7	programme	list:credits.txt+list:presenter.txt	15	correct	1	This VOA Special English AGRICULTURE REPORT was written by George Grow. This is Bill White.
precision-A	10	https://learningenglish.voanews.com/a/a-23-a-2004-07-27-2-1-83123242/123774.html	8	programme	list:credits.txt+list:presenter.txt	15	correct	1	This VOA Special English Agriculture Report was written by George Grow. This is Steve Ember.
precision-A	10	https://learningenglish.voanews.com/a/a-23-a-2003-11-17-2-1-83114787/121082.html	11	programme	list:credits.txt+list:presenter.txt	15	correct	3	This VOA Special English Agriculture Report was written by Mario Ritter. This is Steve Ember.
precision-A	10	https://learningenglish.voanews.com/a/a-23-a-2004-09-20-3-1-83119027/122364.html	11	programme	list:credits.txt+list:presenter.txt	15	correct	1	This VOA Special English Development Report was written by Bob Bowen. This is Gwen Outen.
precision-A	10	https://learningenglish.voanews.com/a/a-23-a-2004-08-27-2-1-83121847/123039.html	11	programme	list:credits.txt+list:presenter.txt	15	correct	1	This VOA Special English Economics Report was written by Mario Ritter. This is Gwen Outen.
precision-A	10	https://learningenglish.voanews.com/a/a-23-a-2004-10-20-2-1-83122457/123365.html	13	programme	list:credits.txt+list:presenter.txt	15	correct	1	This VOA Special English Education Report was written by Nancy Steinbach. This is Gwen Outen.
precision-A	10	https://learningenglish.voanews.com/a/a-23-a-2004-05-05-4-1-83120707/122669.html	10	programme	list:credits.txt+list:presenter.txt	15	correct	3	This VOA Special English Education Report was written by Nancy Steinbach. This is Steve Ember.
precision-A	10	https://learningenglish.voanews.com/a/a-23-a-2004-07-13-2-1-83122227/123235.html	11	programme	list:credits.txt+list:presenter.txt	15	correct	1	This VOA Special English Health Report was written by Cynthia Kirk. This is Phoebe Zimmerman.
precision-A	10	https://learningenglish.voanews.com/a/a-23-a-2004-09-07-4-1-83123162/123731.html	11	programme	list:credits.txt+list:presenter.txt	15	correct	1	This VOA Special English Health Report was written by Karen Leggett. This is Gwen Outen.
precision-A	10	https://learningenglish.voanews.com/a/cold-fish-cold-shoulder-cold-blooded/1820989.html	11	programme	list:credits.txt	15	correct	1	This VOA Special English program Words and Their Stories was written by Marilyn Rice Christiano.
precision-A	10	https://learningenglish.voanews.com/a/is-it-by-train-or-with-train-/6221417.html	23	programme	list:credits.txt	14	correct	1	Alice Bryant wrote this lesson for Learning English. Mario Ritter, Jr. was the editor.
precision-A	5+10	https://learningenglish.voanews.com/a/carrying-a-torch-for-someone-can-hurt-a-lot-/5773446.html	23	programme	list:programme.txt	14	correct	2	And that is all the time we have for this Words and Their Stories.
precision-A	5	https://learningenglish.voanews.com/a/words-and-their-stories-american-versus-british-english/3397694.html	26	programme	list:credits.txt	14	correct	1	Anna Matteo wrote this for VOA Learning English. Kelly Jean Kelly was the editor.
precision-A	10	https://learningenglish.voanews.com/a/it-s-okay-to-take-a-page-from-someone-else-s-book-/6323652.html	31	programme	list:credits.txt	14	correct	1	Anna Matteo wrote this for VOA Learning English. Mario Ritter, Jr. was the editor.
precision-A	10	https://learningenglish.voanews.com/a/adverbs-gerunds-participles/7432627.html	39	call_to_action	list:call_to_action.txt	14	correct	18	Do you have a question about American English? Send us an email at learningenglish@voanews.com.
precision-A	10	https://learningenglish.voanews.com/a/how-to-use-avoid-prevent/6932414.html	21	call_to_action	list:call_to_action.txt	14	correct	1	Do you have a question for the teacher? Send us an email at learningenglish@voanews.com.
precision-A	5	https://learningenglish.voanews.com/a/this-aint-it-and-other-short-forms/5854271.html	37	programme	list:credits.txt	14	correct	1	Dr. Jill Robbins wrote this lesson for Learning English. Caty Weaver was the editor.
precision-A	5	https://learningenglish.voanews.com/a/year-old-graduate-proves-its-never-too-late/1941507.html	1	programme	list:programme.txt+list:presenter.txt	14	correct	1	From VOA Learning English, this is As It Is. I'm Anna Matteo in Washington.
precision-A	5	https://learningenglish.voanews.com/a/describing-your-day-midday-activities-/6253876.html	38	programme	list:credits.txt	14	correct	3	John Russell wrote this lesson for VOA Learning English. Bryan Lynn was the editor.
precision-A	5	https://learningenglish.voanews.com/a/bob-dylan-teaches-you-about-questions-count-nouns/5886769.html	60	programme	list:credits.txt	14	correct	4	John Russell wrote this lesson for VOA Learning English. Caty Weaver was the editor.
precision-A	5	https://learningenglish.voanews.com/a/bts-teaches-you-about-similes-prepositions/6315347.html	42	programme	list:credits.txt	14	correct	5	John Russell wrote this lesson for VOA Learning English. Susan Shand was the editor.
precision-A	10	https://learningenglish.voanews.com/a/is-it-good-to-be-an-eager-beaver-/5248422.html	1	programme	list:programme.txt	14	correct	1	Now, it’s time for Words and Their Stories, a program from VOA Learning English.
precision-A	10	https://learningenglish.voanews.com/a/words-and-their-stories-ace-in-the-hole/1455414.html	13	programme	list:credits.txt	14	correct	1	This Special English program Words and Their Stories was written by Marilyn Rice Christiano.
precision-A	10	https://learningenglish.voanews.com/a/a-23-a-2004-12-28-5-1-83123062/123689.html	14	programme	list:credits.txt+list:presenter.txt	14	correct	3	This VOA Special English Agriculture Report was written by Bob Bowen. I'm Gwen Outen.
precision-A	10	https://learningenglish.voanews.com/a/a-23-a-2005-01-31-2-1-83125437/124591.html	11	programme	list:credits.txt+list:presenter.txt	14	correct	1	This VOA Special English Agriculture Report was written by Mario Ritter. I'm Phoebe Zimmermann.
precision-A	10	https://learningenglish.voanews.com/a/a-23-a-2004-11-28-2-1-83121362/122846.html	12	programme	list:credits.txt+list:presenter.txt	14	correct	2	This VOA Special English Development Report was written by Gary Garriott. I'm Gwen Outen.
precision-A	10	https://learningenglish.voanews.com/a/a-23-2005-08-14-voa1-83126592/124987.html	9	programme	list:credits.txt+list:presenter.txt	14	correct	1	This VOA Special English Development Report was written by Jill Moss. I'm Barbara Klein.
precision-A	10	https://learningenglish.voanews.com/a/a-23-solar-cookers-83126737/125024.html	8	programme	list:credits.txt+list:presenter.txt	14	correct	1	This VOA Special English Development Report was written by Jill Moss. I’m Gwen Outen.
precision-A	10	https://learningenglish.voanews.com/a/a-23-2005-08-24-voa1-83123382/123817.html	11	programme	list:credits.txt+list:presenter.txt	14	correct	1	This VOA Special English Education Report was written by Nancy Steinbach. I’m Barbara Klein.
precision-A	10	https://learningenglish.voanews.com/a/a-23-2005-01-28-voa1-83127352/125258.html	8	programme	list:credits.txt+list:presenter.txt	14	correct	1	This VOA Special English Education Report was written by Nancy Steinbach. I'm Phoebe Zimmermann
precision-A	10	https://learningenglish.voanews.com/a/a-23-2005-03-29-voa7-83125117/124495.html	12	programme	list:credits.txt+list:presenter.txt	14	correct	1	This VOA Special English Health Report was written by Caty Weaver. I'm Gwen Outen.
precision-A	10	https://learningenglish.voanews.com/a/caught-with-pants-down-tighten-your-belt/1686173.html	10	programme	list:credits.txt	14	correct	1	This VOA Special English program “Words and Their Stories” was written by Jill Moss.
precision-A	10	https://learningenglish.voanews.com/a/cant-hold-a-candle-hold-your-tongue-hold-out-hold-on/1875638.html	12	programme	list:credits.txt	14	correct	1	This VOA Special English program Words and Their Stories was written by Frank Beardsley.
precision-A	10	https://learningenglish.voanews.com/a/wildcat-congressmen-money-oil-wells-and-strikers/1455413.html	15	programme	list:credits.txt	14	correct	1	This VOA Special English program Words and Their Stories was written by Jeri Watson.
precision-A	10	https://learningenglish.voanews.com/a/are-you-chicken-livered-or-are-you-a-lame-duck/1246176.html	10	programme	list:credits.txt	14	correct	2	This VOA Special English program Words and Their Stories was written by Jill Moss.
precision-A	10	https://learningenglish.voanews.com/a/broken-heart-or-heart-of-stone/1849410.html	13	programme	list:credits.txt	14	correct	2	This VOA Special English program Words and Their Stories was written by Marilyn Christiano.
precision-A	10	https://learningenglish.voanews.com/a/a-23-2006-10-18-voa1-83129772/126126.html	19	programme	list:credits.txt+list:presenter.txt	14	correct	9	This Words and Their Stories program was written by Jeri Watson. I'm Susan Clark.
precision-A	5	https://learningenglish.voanews.com/a/words-and-their-stories-feel-the-pinch/2942530.html	17	programme	list:credits.txt+list:presenter.txt	14	correct	1	This Words and Their Stories was written by Jeri Watson. And I'm Anna Matteo.
precision-A	2	https://learningenglish.voanews.com/a/everyday-grammar-learn-about-modal-auxiliaries/3854950.html	57	call_to_action	list:call_to_action.txt	14	correct	1	We want to hear from you. Write to us in the Comments Section. ______________________________________________________________
precision-A	2+5	https://learningenglish.voanews.com/a/everyday-grammar-meanings-of-take/3882982.html	50	call_to_action	list:call_to_action.txt	14	correct	4	We want to hear from you. Write to us in the Comments Section. ________________________________________________________________
precision-A	5	https://learningenglish.voanews.com/a/4028896.html	19	call_to_action	list:call_to_action.txt	14	correct	1	We want to hear from you. Write to us in the Comments Section. _________________________________________________________________
precision-A	5+10	https://learningenglish.voanews.com/a/anything-and-nothing/5676353.html	28	call_to_action	list:call_to_action.txt	14	correct	21	What question do you have about American English? Send us an email at learningenglish@voanews.com
precision-A	10	https://learningenglish.voanews.com/a/beyond-and-behind/5559146.html	31	call_to_action	list:call_to_action.txt	14	correct	6	What question do you have about American English? Send us an email at learningenglish@voanews.com.
precision-A	10	https://learningenglish.voanews.com/a/path-and-way/5585937.html	30	call_to_action	list:call_to_action.txt	14	correct	1	What questions do you have about American English? Send us an email at learningenglish@voanews.com
precision-A	10	https://learningenglish.voanews.com/a/is-heads-up-too-informal-/5568793.html	26	call_to_action	list:call_to_action.txt	14	correct	1	What questions do you have about American English? Send us an email at learningenglish@voanews.com.
precision-A	10	https://learningenglish.voanews.com/a/heard-it-through-the-grapevine/1860426.html	13	programme	list:programme.txt	14	correct	1	You have been listening to the VOA Special English program Words and Their Stories.
precision-A	10	https://learningenglish.voanews.com/a/bag-phrases-expressions-cat-out-of-the-bag-holding-the-bag-shays-rebellion-bagman/1794781.html	15	programme	list:programme.txt	14	correct	1	You have been listening to the VOA Special English program, Words and Their Stories.
precision-A	10	https://learningenglish.voanews.com/a/can-you-use-maybe-and-will-together-/5997405.html	15	programme	list:credits.txt	13	correct	2	Alice Bryant wrote this lesson for Learning English. Ashley Thompson was the editor.
precision-A	10	https://learningenglish.voanews.com/a/make-or-create-/5851869.html	21	programme	list:credits.txt	13	correct	1	Alice Bryant wrote this lesson for Learning English. Bryan Lynn was the editor.
precision-A	2+10	https://learningenglish.voanews.com/a/as-while-or-meanwhile-/5982118.html	23	programme	list:credits.txt	13	correct	3	Alice Bryant wrote this lesson for Learning English. Caty Weaver was the editor.
precision-A	2+5+10	https://learningenglish.voanews.com/a/are-you-stuck-between-a-rock-and-a-hard-place-/4931049.html	41	programme	list:programme.txt	13	correct	8	And that brings us to the end of this Words and Their Stories.
precision-A	5	https://learningenglish.voanews.com/a/green-eyed-monsters-and-other-uses-of-green-/5815688.html	28	programme	list:programme.txt	13	correct	1	And that’s all the time we have for this Words and Their Stories!
precision-A	5+10	https://learningenglish.voanews.com/a/are-you-sitting-pretty-/7346804.html	12	programme	list:programme.txt	13	correct	18	And that’s all the time we have for this Words and Their Stories.
precision-A	5	https://learningenglish.voanews.com/a/writing-groups-can-help-students-with-papers/2500440.html	19	programme	list:programme.txt+list:presenter.txt	13	correct	2	And that’s the VOA Learning English Education Report for today. I’m Jeri Watson.
precision-A	5	https://learningenglish.voanews.com/a/words-and-their-stories-for-all-book-lovers/3347532.html	32	programme	list:credits.txt	13	correct	1	Anna Matteo wrote this for VOA Learning English. Caty Weaver was the editor.
precision-A	10	https://learningenglish.voanews.com/a/deciding-by-a-flip-of-a-coin-/5907089.html	23	programme	list:credits.txt	13	correct	1	Anna Matteo wrote this for VOA Learning English. Hai Do was the editor.
precision-A	5+10	https://learningenglish.voanews.com/a/dont-panic/2694338.html	22	programme	list:credits.txt	13	correct	2	Anna Matteo wrote this for VOA Learning English. Mario Ritter was the editor.
precision-A	10	https://learningenglish.voanews.com/a/expressions-to-help-you-stay-healthy/6337731.html	31	programme	list:credits.txt	13	correct	1	Anna Matteo wrote this for VOA Learning English. Susan Shand was the editor.
precision-A	5	https://learningenglish.voanews.com/a/do-you-know-this-blizzard-of-winter-words/3165447.html	1	programme	list:programme.txt	13	correct	1	Hello and welcome to the VOA Learning English program Words and Their Stories!
precision-A	5	https://learningenglish.voanews.com/a/words-and-their-stories-animal-idioms-worm-snake-animals-we-love-to-hate/3053673.html	1	programme	list:programme.txt	13	correct	1	Hello and welcome to the VOA Learning English program, “Words and Their Stories.”
precision-A	5	https://learningenglish.voanews.com/a/create-an-english-language-immersion-experience/5879458.html	23	programme	list:credits.txt	13	correct	1	Jill Robbins wrote this lesson for Learning English. Caty Weaver was the editor.
precision-A	5	https://learningenglish.voanews.com/a/apologies-and-prepositions/5843179.html	33	programme	list:credits.txt	13	correct	1	Jill Robbins wrote this lesson for Learning English. Hai Do was the editor.
precision-A	10	https://learningenglish.voanews.com/a/cant-hold-a-candle-hold-your-tongue-hold-out-hold-on/1875638.html	1	programme	list:programme.txt	13	correct	1	Now, Words and Their Stories, a VOA Special English program about American expressions.
precision-A	5	https://learningenglish.voanews.com/a/fishing-for-more-than-fish/4541177.html	2	programme	patterns.tsv:sentence:1	13	correct	1	On this program we talk about common expressions and phrases in American English.
precision-A	5	https://learningenglish.voanews.com/a/a-23-2008-01-26-voa1-83139692/129267.html	1	programme	list:programme.txt	13	correct	2	People in America, a program in Special English on the Voice of America.
precision-A	2	https://learningenglish.voanews.com/a/computer-ssd/3023674.html	55	call_to_action	list:call_to_action.txt	13	correct	1	Share your thoughts in the Comments section below or on our Facebook page!
precision-A	2+5	https://learningenglish.voanews.com/a/best-place-to-live-teleport/3269894.html	40	call_to_action	list:call_to_action.txt	13	correct	21	Share your thoughts in the Comments Section below or on our Facebook page.
precision-A	5	https://learningenglish.voanews.com/a/old-proverbs-still-speak-truth/1677388.html	14	programme	list:credits.txt+list:presenter.txt	13	correct	1	This VOA Special English program was written by Shelley Gollust. I'm Barbara Klein.
precision-A	5+10	https://learningenglish.voanews.com/a/expressions-from-the-world-of-bugs/2704466.html	11	programme	list:credits.txt+list:presenter.txt	13	correct	2	This VOA Special English program was written by Shelley Gollust. I'm Faith Lapidus.
precision-A	10	https://learningenglish.voanews.com/a/words-and-their-stories-money-talks-135380518/118861.html	13	programme	list:credits.txt+list:presenter.txt	13	correct	1	This WORDS AND THEIR STORIES was written by Jeri Watson. I'm Susan Clark
precision-A	10	https://learningenglish.voanews.com/a/a-23-2007-01-17-voa2-83131617/126760.html	13	programme	list:credits.txt+list:presenter.txt	13	correct	4	This Words and Their Stories was written by Jeri Watson. I'm Susan Clark.
precision-A	2+5+10	https://learningenglish.voanews.com/a/3015834.html	33	call_to_action	list:call_to_action.txt	13	correct	28	We want to hear from you. Write to us in the comments section.
precision-A	10	https://learningenglish.voanews.com/a/hello-teacher-/5493535.html	23	call_to_action	list:call_to_action.txt	13	correct	3	What questions do you have about English? Send us an email at learningenglish@voanews.com.
precision-A	2+5	https://learningenglish.voanews.com/a/3617940.html	28	programme	list:programme.txt	12	correct	3	And that brings us to the end of Words and Their Stories.
precision-A	10	https://learningenglish.voanews.com/a/keep-your-nose-to-the-grindstone/7796985.html	22	programme	list:programme.txt	12	correct	1	And that’s all the time we have this Words and Their Stories.
precision-A	5	https://learningenglish.voanews.com/a/hopes-decrease-in-search-for-survivors-of-s-korean-ferry/1896512.html	17	programme	list:programme.txt+list:presenter.txt	12	correct	1	And that’s In The News from VOA Learning English. I’m Mario Ritter.
precision-A	5+10	https://learningenglish.voanews.com/a/men-and-women-really-do-think-differently/1913014.html	13	programme	list:programme.txt+list:presenter.txt	12	correct	2	And that’s the Health Report, from VOA Learning English. I’m Anna Matteo.
precision-A	5	https://learningenglish.voanews.com/a/a-23-2008-03-24-voa2-83136952/128607.html	13	programme	list:credits.txt	12	correct	1	And that’s the VOA Special English Agriculture Report, written by Jerilyn Watson.
precision-A	5	https://learningenglish.voanews.com/a/explosive-people-are-dangerous/5101525.html	19	programme	list:programme.txt	12	correct	1	And that’s Words and Their Stories for this week. Until next time!
precision-A	2+5+10	https://learningenglish.voanews.com/a/autumn-years-and-other-phases-of-life/5128035.html	23	programme	list:programme.txt+list:presenter.txt	12	correct	5	And that’s Words and Their Stories. Until next time, I’m Anna Matteo.
precision-A	5	https://learningenglish.voanews.com/a/how-to-stay-warm-and-safe-in-freezing-weather/1571922.html	0	programme	list:programme.txt	12	correct	1	From VOA Learning English, this is the Health Report in Special English.
precision-A	2	https://learningenglish.voanews.com/a/memphis-blues-elvis-satchmo-king-beale-peabody-ducks/1881709.html	1	programme	list:programme.txt+list:presenter.txt	12	correct	1	From VOA Learning English, welcome to This Is America. I’m Steve Ember.
precision-A	5	https://learningenglish.voanews.com/a/3549624.html	1	programme	list:programme.txt	12	correct	1	Hello and welcome to Words and Their Stories from VOA Learning English.
precision-A	5+10	https://learningenglish.voanews.com/a/a-23-2006-11-07-voa3-83127847/125428.html	0	presenter	list:presenter.txt	12	correct	11	I'm Susan Clark with the Special English program WORDS AND THEIR STORIES.
precision-A	10	https://learningenglish.voanews.com/a/a-23-2006-10-18-voa1-83129772/126126.html	0	presenter	list:presenter.txt	12	correct	6	I'm Susan Clark with the Special English program, Words and Their Stories.
precision-A	5	https://learningenglish.voanews.com/a/words-and-their-stories-to-keep-at-bay/3956954.html	1	programme	list:programme.txt	12	correct	1	Now, it's time for Words and Their Stories from VOA Learning English.
precision-A	10	https://learningenglish.voanews.com/a/dreamy-expressions/6904149.html	2	programme	list:programme.txt	12	correct	3	On this program we explore words and expressions in the English language.
precision-A	10	https://learningenglish.voanews.com/a/airbrush-your-way-to-perfection-/6581266.html	2	programme	list:programme.txt	12	correct	2	On this program, we explore words and expressions in the English language.
precision-A	5	https://learningenglish.voanews.com/a/learn-how-to-catch-lightning-in-a-bottle-/4518823.html	2	programme	patterns.tsv:sentence:1	12	correct	1	On this show, we explore common phrases and expressions in American English.
precision-A	5	https://learningenglish.voanews.com/a/ios-10-features/3516374.html	36	call_to_action	list:call_to_action.txt	12	correct	1	Share your thoughts in the Comments Section or on our Facebook page.
precision-A	5	https://learningenglish.voanews.com/a/a-23-a-2005-03-08-2-1-83126747/125025.html	11	programme	list:credits.txt+list:presenter.txt	12	correct	1	This VOA Agriculture Report was written by Bob Bowen. I'm Gwen Outen.
precision-A	5	https://learningenglish.voanews.com/a/american-summer-camp-teaches-about-korean-culture/4536601.html	20	call_to_action	list:call_to_action.txt	12	correct	8	Write to us in the Comments Section or on our Facebook page.
precision-A	10	https://learningenglish.voanews.com/a/food-for-thought-spilled-milk-salt-of-the-earth/1709398.html	21	programme	list:credits.txt	12	correct	1	You can find more Words and Their Stories at our website voaspecialenglish.com
precision-A	2+5	https://learningenglish.voanews.com/a/an-ounce-of-prevention-is-worth-a-pound-of-cure-/5326585.html	1	programme	list:programme.txt	11	correct	2	And now, the VOA Learning English program Words and Their Stories.
precision-A	5	https://learningenglish.voanews.com/a/butterfly-effect-and-chain-reactions/4996766.html	26	programme	list:programme.txt	11	correct	1	And that is the end of this Words and Their Stories.
precision-A	5	https://learningenglish.voanews.com/a/writing-school-papers/2423454.html	17	programme	list:programme.txt+list:presenter.txt	11	correct	1	And that’s the VOA Learning English Education Report. I’m Jeri Watson.
precision-A	5	https://learningenglish.voanews.com/a/advice-for-staying-warm-and-safe-in-freezing-weather-112313774/115132.html	13	programme	list:programme.txt+list:presenter.txt	11	correct	1	And that's the VOA Special English Health Report. I'm Shirley Griffith.
precision-A	2	https://learningenglish.voanews.com/a/for-or-since-what-is-the-difference/3097366.html	44	presenter	list:presenter.txt	11	correct	1	For VOA Learning English, I'm Pete Musto. And I'm John Russell.
precision-A	2+5	https://learningenglish.voanews.com/a/adult-coloring-books-cut-stress/3469234.html	1	programme	list:programme.txt	11	correct	20	From VOA Learning English, this is the Health & Lifestyle report.
precision-A	2+5	https://learningenglish.voanews.com/a/choosing-to-be-single-mother-adoption-sprem-donor-motherhood-anna-matteo/2660888.html	1	programme	list:programme.txt	11	correct	6	From VOA Learning English, this is the Health and Lifestyle Report.
precision-A	10	https://learningenglish.voanews.com/a/mcclellan-seven-days-campaign-richmond/2484422.html	1	programme	list:programme.txt	11	correct	2	From VOA Learning English, this is The Making of a Nation.
precision-A	5	https://learningenglish.voanews.com/a/use-photos-for-speaking-and-writing-activities/6412073.html	30	programme	list:credits.txt	11	correct	1	Jill Robbins and Anna Matteo wrote this lesson for Learning English.
precision-A	10	https://learningenglish.voanews.com/a/climbing-the-ladder-to-success/5844544.html	2	programme	list:programme.txt	11	correct	1	On this program, we explore words and expressions in American English.
precision-A	10	https://learningenglish.voanews.com/a/a-23-a-2002-08-31-1-1-83112512/120515.html	0	presenter	list:presenter.txt	11	correct	1	This is Bill White with the VOA Special English AGRICULTURE REPORT.
precision-A	10	https://learningenglish.voanews.com/a/a-23-a-2004-09-21-1-1-83119032/122366.html	1	presenter	list:presenter.txt	11	correct	3	This is Gwen Outen with the VOA Special English Agriculture Report.
precision-A	10	https://learningenglish.voanews.com/a/a-23-a-2004-09-20-3-1-83119027/122364.html	1	presenter	list:presenter.txt	11	correct	1	This is Gwen Outen with the VOA Special English Development Report.
precision-A	10	https://learningenglish.voanews.com/a/a-23-a-2004-08-27-2-1-83121847/123039.html	1	presenter	list:presenter.txt	11	correct	1	This is Gwen Outen with the VOA Special English Economics Report.
precision-A	10	https://learningenglish.voanews.com/a/a-23-a-2004-10-20-2-1-83122457/123365.html	1	presenter	list:presenter.txt	11	correct	1	This is Gwen Outen with the VOA Special English Education Report.
precision-A	10	https://learningenglish.voanews.com/a/a-23-a-2004-09-07-4-1-83123162/123731.html	1	presenter	list:presenter.txt	11	correct	1	This is Gwen Outen with the VOA Special English Health Report.
precision-A	10	https://learningenglish.voanews.com/a/a-23-a-2004-07-13-2-1-83122227/123235.html	1	presenter	list:presenter.txt	11	correct	1	This is Phoebe Zimmerman with the VOA Special English Health Report.
precision-A	10	https://learningenglish.voanews.com/a/a-23-a-2003-11-17-2-1-83114787/121082.html	1	presenter	list:presenter.txt	11	correct	4	This is Steve Ember with the VOA Special English Agriculture Report.
precision-A	10	https://learningenglish.voanews.com/a/a-23-a-2004-05-05-4-1-83120707/122669.html	1	presenter	list:presenter.txt	11	correct	3	This is Steve Ember with the VOA Special English Education Report.
precision-A	10	https://learningenglish.voanews.com/a/first-shot-civil-war-fort-sumter/2441338.html	19	programme	list:programme.txt	11	correct	3	This is The Making of a Nation from VOA Learning English.
precision-A	10	https://learningenglish.voanews.com/a/mcclellan-seven-days-campaign-richmond/2484422.html	27	programme	list:programme.txt	11	correct	1	This is The Making of a Nation with VOA Learning English.
precision-A	5	https://learningenglish.voanews.com/a/a-23-a-2001-10-01-1-1-83032487/118942.html	12	programme	list:credits.txt	11	correct	2	This VOA Special English AGRICULTURE REPORT was written by Bob Bowen.
precision-A	10	https://learningenglish.voanews.com/a/a-23-a-2003-04-21-3-1-83114072/120885.html	12	programme	list:credits.txt	11	correct	1	This VOA Special English Agriculture Report was written by Gary Garriott.
precision-A	5+10	https://learningenglish.voanews.com/a/a-23-a-2003-05-12-2-1-83116482/121517.html	8	programme	list:credits.txt	11	correct	4	This VOA Special English Agriculture Report was written by Mario Ritter.
precision-A	5+10	https://learningenglish.voanews.com/a/a-23-a-2003-08-09-1-1-83116147/121492.html	9	programme	list:credits.txt	11	correct	3	This VOA Special English Development Report was written by Gary Garriott.
precision-A	10	https://learningenglish.voanews.com/a/a-23-a-2003-08-07-2-1-83117352/121761.html	13	programme	list:credits.txt	11	correct	1	This VOA Special English Environment Report was written by Caty Weaver.
precision-A	10	https://learningenglish.voanews.com/a/a-23-a-2004-04-06-2-1-83120557/122611.html	9	programme	list:credits.txt	11	correct	1	This VOA Special English Health Report was written by Jerilyn Watson.
precision-A	10	https://learningenglish.voanews.com/a/a-23-a-2003-05-13-1-1-83114162/120902.html	10	programme	list:credits.txt	11	correct	1	This VOA Special English Health Report was written by Karen Leggett.
precision-A	10	https://learningenglish.voanews.com/a/a-23-a-2003-05-06-1-1-83114897/121106.html	8	programme	list:credits.txt	11	correct	2	This VOA Special English Health Report was written by Nancy Steinbach.
precision-A	5	https://learningenglish.voanews.com/a/a-23-a-2001-10-30-2-1-83033077/119095.html	10	programme	list:credits.txt	11	correct	1	This VOA Special English SCIENCE REPORT was written by George Grow.
precision-A	10	https://learningenglish.voanews.com/a/wont-wash-charlotte-bronte-idioms-robert-browning-charles-funk-talking-turkey/1786632.html	16	programme	list:credits.txt	11	correct	1	This Words and Their Stories program was written by Jeri Watson.
precision-A	5	https://learningenglish.voanews.com/a/ariana-grande-album-is-no-problem/2448199.html	1	programme	list:programme.txt+list:presenter.txt	11	correct	4	Welcome to American Mosaic from VOA Learning English. I’m Caty Weaver.
precision-A	5+10	https://learningenglish.voanews.com/a/ferris-wheel-washington-dc-potomac/1945868.html	1	programme	list:programme.txt+list:presenter.txt	11	correct	2	Welcome to American Mosaic from VOA Learning English. I'm June Simms.
precision-A	5	https://learningenglish.voanews.com/a/colonial-farm-national-park-claude-moore/1816730.html	1	programme	list:programme.txt+list:presenter.txt	11	correct	1	Welcome to American Mosaic from VOA Learning English. I’m Katherine Cole.
precision-A	10	https://learningenglish.voanews.com/a/what-does-it-mean-to-hit-the-nail-on-the-head-/6548950.html	1	programme	list:programme.txt	10	correct	1	And now Words and Their Stories from VOA Learning English!
precision-A	5+10	https://learningenglish.voanews.com/a/airbrush-your-way-to-perfection-/6581266.html	1	programme	list:programme.txt	10	correct	6	And now Words and Their Stories from VOA Learning English.
precision-A	5	https://learningenglish.voanews.com/a/what-does-it-mean-to-push-someone-s-buttons-/6777285.html	1	programme	list:programme.txt	10	correct	1	And now Words and Their Stories, from VOA Learning English.
precision-A	5	https://learningenglish.voanews.com/a/keep-on-the-sunny-side-/5542582.html	1	programme	list:programme.txt	10	correct	1	And now, Words and Their Stories from VOA Learning English!
precision-A	5+10	https://learningenglish.voanews.com/a/all-thumbs-/7158652.html	1	programme	list:programme.txt	10	correct	10	And now, Words and Their Stories from VOA Learning English.
precision-A	5+10	https://learningenglish.voanews.com/a/are-you-sitting-pretty-/7346804.html	1	programme	list:programme.txt	10	correct	57	And now, Words and Their Stories, from VOA Learning English.
precision-A	5	https://learningenglish.voanews.com/a/an-ounce-of-prevention-is-worth-a-pound-of-cure-/5326585.html	37	programme	list:programme.txt	10	correct	2	And that’s the end of this Words and Their Stories!
precision-A	2+5+10	https://learningenglish.voanews.com/a/it-really-is-a-small-world-/5523943.html	26	programme	list:programme.txt	10	correct	12	And that’s the end of this Words and Their Stories.
precision-A	5	https://learningenglish.voanews.com/a/bees-help-woman-get-through-pandemic/5583306.html	30	programme	list:programme.txt+list:presenter.txt	10	correct	7	And that’s the Health & Lifestyle report. I’m Anna Matteo.
precision-A	5	https://learningenglish.voanews.com/a/mortgage-and-death/2906744.html	14	programme	list:programme.txt	10	correct	1	And that’s Words and Their Stories from VOA Learning English.
precision-A	2	https://learningenglish.voanews.com/a/pulling-on-your-heartstrings/4241136.html	22	programme	list:programme.txt	10	correct	1	And that’s Words and Their Stories, from VOA Learning English.
precision-A	10	https://learningenglish.voanews.com/a/big-trouble-with-three-little-words-in-on-and-at/6736267.html	31	programme	list:credits.txt	10	correct	3	Dr. Jill Robbins wrote this lesson for VOA Learning English.
precision-A	5	https://learningenglish.voanews.com/a/3018764.html	1	programme	list:programme.txt	10	correct	2	From VOA Learning English, this is Words and Their Stories.
precision-A	10	https://learningenglish.voanews.com/a/a-23-2005-08-14-voa1-83126592/124987.html	0	presenter	list:presenter.txt	10	correct	1	I'm Barbara Klein with the VOA Special English Development Report.
precision-A	10	https://learningenglish.voanews.com/a/a-23-2005-07-20-voa2-83124862/124390.html	0	presenter	list:presenter.txt	10	correct	2	I’m Barbara Klein with the VOA Special English Education Report.
precision-A	10	https://learningenglish.voanews.com/a/a-23-2005-11-13-voa1-83124847/124380.html	0	presenter	list:presenter.txt	10	correct	1	I'm Bob Doughty with the VOA Special English Development Report.
precision-A	10	https://learningenglish.voanews.com/a/a-23-2006-02-22-voa1-83131542/126720.html	0	presenter	list:presenter.txt	10	correct	1	I’m Doug Johnson with the VOA Special English Education Report.
precision-A	10	https://learningenglish.voanews.com/a/a-23-2005-08-30-voa2-83126392/124915.html	0	presenter	list:presenter.txt	10	correct	1	I’m Faith Lapidus with the VOA Special English Agriculture Report.
precision-A	2	https://learningenglish.voanews.com/a/describing-your-favorite-character-/6747800.html	51	presenter	list:presenter.txt	10	correct	1	I’m Faith Pirlo. I'm Andrew Smith. And I'm Jill Robbins.
precision-A	5+10	https://learningenglish.voanews.com/a/a-23-a-2004-12-28-5-1-83123062/123689.html	1	presenter	list:presenter.txt	10	correct	4	I'm Gwen Outen with the VOA Special English Agriculture Report.
precision-A	10	https://learningenglish.voanews.com/a/a-23-a-2004-11-28-2-1-83121362/122846.html	1	presenter	list:presenter.txt	10	correct	3	I'm Gwen Outen with the VOA Special English Development Report.
precision-A	10	https://learningenglish.voanews.com/a/a-23-2005-03-29-voa7-83125117/124495.html	0	presenter	list:presenter.txt	10	correct	2	I'm Gwen Outen with the VOA Special English Health Report.
precision-A	5	https://learningenglish.voanews.com/a/common-ways-to-express-purpose/3836668.html	62	presenter	list:presenter.txt	10	correct	1	I'm Jill Robbins. I'm Alice Bryant. And I'm Phil Dierking.
precision-A	10	https://learningenglish.voanews.com/a/a-23-2005-07-18-voa1-83124037/124055.html	0	presenter	list:presenter.txt	10	correct	1	I'm Jim Tedder with the VOA Special English Agriculture Report.
precision-A	10	https://learningenglish.voanews.com/a/a-23-a-2005-01-31-2-1-83125437/124591.html	0	presenter	list:presenter.txt	10	correct	1	I’m Phoebe Zimmermann with the VOA Special English Agriculture Report.
precision-A	10	https://learningenglish.voanews.com/a/a-23-2005-01-28-voa1-83127352/125258.html	0	presenter	list:presenter.txt	10	correct	1	I'm Phoebe Zimmermann with the VOA Special English Education Report.
precision-A	10	https://learningenglish.voanews.com/a/a-23-2005-10-18-voa2-83124137/124097.html	0	presenter	list:presenter.txt	10	correct	1	I'm Shep O'Neal with the VOA Special English Agriculture Report.
precision-A	10	https://learningenglish.voanews.com/a/a-23-2005-08-17-voa1-83125372/124547.html	2	presenter	list:presenter.txt	10	correct	1	I’m Shep O'Neal with the VOA Special English Education Report.
precision-A	10	https://learningenglish.voanews.com/a/a-23-2005-08-16-voa4-83125097/124483.html	0	presenter	list:presenter.txt	10	correct	1	I’m Shep O’Neal with the VOA Special English Health Report.
precision-A	10	https://learningenglish.voanews.com/a/a-23-2005-12-19-voa2-83123452/123871.html	0	presenter	list:presenter.txt	10	correct	3	I'm Steve Ember with the VOA Special English Agriculture Report.
precision-A	10	https://learningenglish.voanews.com/a/a-23-2005-11-07-voa2-83124782/124367.html	0	presenter	list:presenter.txt	10	correct	2	I'm Steve Ember with the VOA Special English Development Report.
precision-A	10	https://learningenglish.voanews.com/a/a-23-2006-03-31-voa2-83129872/126159.html	0	presenter	list:presenter.txt	10	correct	1	I’m Steve Ember with the VOA Special English Economics Report.
precision-A	5	https://learningenglish.voanews.com/a/words-and-their-stories-american-versus-british-english/3397694.html	1	programme	list:programme.txt	10	correct	1	Now the VOA Learning English program Words and Their Stories!
precision-A	10	https://learningenglish.voanews.com/a/nicknames-for-new-york-city/1649358.html	0	programme	list:programme.txt	10	correct	2	Now the VOA Special English program Words and Their Stories.
precision-A	2+5+10	https://learningenglish.voanews.com/a/3359365.html	1	programme	list:programme.txt	10	correct	22	Now, the VOA Learning English program Words and Their Stories.
precision-A	5	https://learningenglish.voanews.com/a/are-you-stuck-between-a-rock-and-a-hard-place-/4931049.html	1	programme	list:programme.txt	10	correct	3	Now, the VOA Learning English program, Words and Their Stories.
precision-A	5+10	https://learningenglish.voanews.com/a/a-23-2006-06-14-voa2-83129842/126143.html	1	programme	list:programme.txt	10	correct	60	Now, the VOA Special English program Words and Their Stories.
precision-A	5+10	https://learningenglish.voanews.com/a/a-23-2006-05-15-voa3-83129302/125945.html	1	programme	list:programme.txt	10	correct	42	Now, the VOA Special English program, Words and Their Stories.
precision-A	5	https://learningenglish.voanews.com/a/words-and-their-stories-in-the-drivers-seat/4162374.html	2	programme	list:programme.txt	10	correct	1	On this program we explore common expressions in American English.
precision-A	5	https://learningenglish.voanews.com/a/words-and-their-stories-the-world-is-your-oyster/3937500.html	2	programme	list:programme.txt	10	correct	1	On this program, we explore common expressions in American English.
precision-A	5	https://learningenglish.voanews.com/a/blues-country-soul-memphis-tennessee/1662565.html	51	programme	list:credits.txt	10	correct	1	Our program was written by Jerilyn Watson and Onka Dekker.
precision-A	5+10	https://learningenglish.voanews.com/a/new-orleans-big-easy-jazz-las-vegas-elvis-presley/1734084.html	10	programme	list:credits.txt+list:presenter.txt	10	correct	2	This program was written by Shelley Gollust. I’m Barbara Klein.
precision-A	10	https://learningenglish.voanews.com/a/food-for-thought-spilled-milk-salt-of-the-earth/1709398.html	20	programme	list:credits.txt+list:presenter.txt	10	correct	1	​This program was written by Shelley Gollust. I’m Faith Lapidus.
precision-A	5	https://learningenglish.voanews.com/a/words-and-their-stories-haywire/4128741.html	1	programme	list:programme.txt	10	correct	1	Welcome to Words and Their Stories, from VOA Learning English!
precision-A	5	https://learningenglish.voanews.com/a/the-cost-of-doing-business-words-and-their-stories/3673701.html	14	programme	list:programme.txt	9	correct	1	And that’s all for this Words and Their Stories.
precision-A	5	https://learningenglish.voanews.com/a/words-and-their-stories-to-err-is-human/3921794.html	33	programme	list:programme.txt	9	correct	1	And that's the end of Words and Their Stories.
precision-A	5	https://learningenglish.voanews.com/a/are-you-hardcore-enough-for-crossfit/1893992.html	18	programme	list:programme.txt	9	correct	1	And that’s the Health Report from VOA Learning English.
precision-A	5	https://learningenglish.voanews.com/a/time-to-sing-like-a-canary-/4680239.html	23	programme	list:programme.txt+list:presenter.txt	9	correct	1	And that’s Words and Their Stories! I’m Anna Matteo.
precision-A	5	https://learningenglish.voanews.com/a/words-and-their-stories-full-court-press/4373878.html	22	programme	list:programme.txt+list:presenter.txt	9	correct	1	And that’s Words and Their Stories. I’m Anna Matteo.
precision-A	10	https://learningenglish.voanews.com/a/how-to-improve-your-spelling/7813583.html	50	programme	list:credits.txt	9	correct	7	Andrew Smith wrote this lesson for VOA Learning English.
precision-A	5+10	https://learningenglish.voanews.com/a/are-you-sitting-pretty-/7346804.html	15	programme	list:credits.txt	9	correct	21	Anna Matteo wrote this lesson for VOA Learning English.
precision-A	10	https://learningenglish.voanews.com/a/must-or-have-to-/7508873.html	26	programme	list:credits.txt	9	correct	1	Caty Weaver wrote this lesson for VOA Learning English.
precision-A	5	https://learningenglish.voanews.com/a/everyday-grammar-introducing-phrasal-verbs/3010251.html	47	programme	list:credits.txt	9	correct	2	Dr. Jill Robbins wrote this lesson for Learning English.
precision-A	2+5+10	https://learningenglish.voanews.com/a/award-vs-reward/7138597.html	33	programme	list:credits.txt	9	correct	27	Faith Pirlo wrote this lesson for VOA Learning English.
precision-A	5	https://learningenglish.voanews.com/a/health-and-lifestyle-shoes-that-grow-with-a-child/3576149.html	18	programme	list:programme.txt	9	correct	1	For the Health & Lifestyle report, I’m Anna Matteo.
precision-A	5	https://learningenglish.voanews.com/a/simple-treatment-for-parkinsons-didsease-exercise/2647824.html	22	programme	list:programme.txt	9	correct	1	For the Health and Lifestyle Report, I’m Anna Matteo.
precision-A	5	https://learningenglish.voanews.com/a/2499637.html	1	programme	list:programme.txt	9	correct	1	From VOA Learning English this is the Health Report.
precision-A	5	https://learningenglish.voanews.com/a/hopes-decrease-in-search-for-survivors-of-s-korean-ferry/1896512.html	0	programme	list:programme.txt	9	correct	1	From VOA Learning English, this is In the News.
precision-A	2+5	https://learningenglish.voanews.com/a/improve-your-pronunciation-by-training-your-ears/3853284.html	1	programme	list:programme.txt	9	correct	2	From VOA Learning English, this is the Education Report.
precision-A	5+10	https://learningenglish.voanews.com/a/are-you-hardcore-enough-for-crossfit/1893992.html	1	programme	list:programme.txt	9	correct	5	From VOA Learning English, this is the Health Report.
precision-A	5	https://learningenglish.voanews.com/a/blues-country-soul-memphis-tennessee/1662565.html	1	programme	list:programme.txt	9	correct	1	From VOA Learning English, welcome to This Is America.
precision-A	10	https://learningenglish.voanews.com/a/adverbs-gerunds-participles/7432627.html	42	programme	list:credits.txt	9	correct	10	Gena Bennett wrote this lesson for VOA Learning English.
precision-A	2+5	https://learningenglish.voanews.com/a/it-s-kind-of-just-hedging/7689850.html	25	programme	list:credits.txt	9	correct	3	Jill Robbins wrote this lesson for VOA Learning English.
precision-A	2+5+10	https://learningenglish.voanews.com/a/6423885.html	38	programme	list:credits.txt	9	correct	30	John Russell wrote this lesson for VOA Learning English.
precision-A	5+10	https://learningenglish.voanews.com/a/quit-or-join-the-rat-race-/5257168.html	1	programme	list:programme.txt	9	correct	2	Now Words and Their Stories from VOA Learning English.
precision-A	2	https://learningenglish.voanews.com/a/words-and-their-stories-santa-claus/1565730.html	0	programme	list:programme.txt	9	correct	1	Now, the Special English program WORDS AND THEIR STORIES.
precision-A	10	https://learningenglish.voanews.com/a/a-23-2006-12-05-voa3-83128887/125812.html	0	programme	list:programme.txt	9	correct	1	Now, the Special English program, Words and Their Stories.
precision-A	5+10	https://learningenglish.voanews.com/a/butterfly-effect-and-chain-reactions/4996766.html	1	programme	list:programme.txt	9	correct	5	Now, Words and Their Stories from VOA Learning English.
precision-A	10	https://learningenglish.voanews.com/a/what-is-your-north-star-/7782072.html	1	programme	list:programme.txt	9	correct	1	Now, Words and Their Stories, from VOA Learning English.
precision-A	2+5	https://learningenglish.voanews.com/a/everyday-grammar-grab-onto-phrasal-verbs/3435383.html	0	programme	list:programme.txt	9	correct	3	Welcome back to Everyday Grammar from VOA Learning English.
precision-A	10	https://learningenglish.voanews.com/a/a-23-2005-05-22-voa1-83124347/124160.html	2	programme	list:programme.txt	9	correct	1	Welcome to THIS IS AMERICA, in VOA Special English.
precision-A	10	https://learningenglish.voanews.com/a/improve-your-vocabulary-part-1/7613240.html	22	programme	list:credits.txt	9	correct	1	Yaroslav Khrokalo wrote this lesson for VOA Learning English.
precision-A	5	https://learningenglish.voanews.com/a/an-introduction-to-verb-tenses/3123576.html	73	programme	list:credits.txt	8	correct	3	Adam Brock wrote this lesson for Learning English.
precision-A	5+10	https://learningenglish.voanews.com/a/ask-and-demand/5371952.html	26	programme	list:programme.txt	8	correct	14	And that's Ask a Teacher for this week.
precision-A	5	https://learningenglish.voanews.com/a/2499637.html	37	programme	list:programme.txt+list:presenter.txt	8	correct	2	And that’s the Health Report. I’m Anna Matteo.
precision-A	5	https://learningenglish.voanews.com/a/a-23-2008-06-08-voa1-83138212/128812.html	13	programme	list:programme.txt	8	correct	1	And that's the VOA Special English Development Report.
precision-A	5+10	https://learningenglish.voanews.com/a/do-your-best-with-this-car-expression/6590915.html	18	programme	list:credits.txt	8	correct	4	Anna Matteo wrote this for VOA Learning English.
precision-A	10	https://learningenglish.voanews.com/a/icing-on-the-cake-is-as-good-as-it-sounds/7265587.html	23	programme	list:credits.txt	8	correct	1	Anna Matteo wrote this lesson for Learning English.
precision-A	2+5	https://learningenglish.voanews.com/a/everyday-grammar-grab-onto-phrasal-verbs/3435383.html	45	programme	list:programme.txt	8	correct	2	For Learning English Everyday Grammar, I’m Jill Robbins.
precision-A	2+5	https://learningenglish.voanews.com/a/an-introduction-to-verb-tenses/3123576.html	2	programme	list:programme.txt	8	correct	10	For VOA Learning English, this is Everyday Grammar.
precision-A	5	https://learningenglish.voanews.com/a/adverbial-everday-grammar/3510719.html	1	programme	list:programme.txt	8	correct	5	From VOA Learning English, this is Everyday Grammar.
precision-A	5	https://learningenglish.voanews.com/a/touch-word-and-their-stories/3195323.html	1	programme	list:programme.txt	8	correct	1	Hello and welcome to Words and Their Stories!
precision-A	10	https://learningenglish.voanews.com/a/first-shot-civil-war-fort-sumter/2441338.html	18	presenter	list:presenter.txt	8	correct	1	I’m Kelly Jean Kelly. And I’m Christopher Cruise.
precision-A	2	https://learningenglish.voanews.com/a/teachers-use-games-for-more-enjoyable-learning/6474764.html	25	programme	list:credits.txt	8	correct	2	Jill Robbins wrote this lesson for Learning English.
precision-A	10	https://learningenglish.voanews.com/a/though-throughout-and-go-through/5477466.html	23	programme	list:programme.txt	8	correct	1	That’s all for Ask a Teacher this week.
precision-A	5	https://learningenglish.voanews.com/a/writing-groups-can-help-students-with-papers/2500440.html	1	programme	list:programme.txt	8	correct	2	This is the VOA Learning English Education Report.
precision-A	5+10	https://learningenglish.voanews.com/a/a-23-2006-12-18-voa1-83128987/125842.html	0	programme	list:programme.txt	8	correct	14	This is the VOA Special English Agriculture Report.
precision-A	5+10	https://learningenglish.voanews.com/a/a-23-2008-06-08-voa1-83138212/128812.html	0	programme	list:programme.txt	8	correct	5	This is the VOA Special English Development Report.
precision-A	2	https://learningenglish.voanews.com/a/how-allowance-helps-children-learn-about-money/1552053.html	0	programme	list:programme.txt	8	correct	1	This is the VOA Special English Economics Report.
precision-A	10	https://learningenglish.voanews.com/a/a-23-a-2003-08-07-2-1-83117352/121761.html	1	programme	list:programme.txt	8	correct	1	This is the VOA Special English Environment Report.
precision-A	5+10	https://learningenglish.voanews.com/a/a-23-2007-05-08-voa3-83134222/127696.html	0	programme	list:programme.txt	8	correct	13	This is the VOA Special English Health Report.
precision-A	5	https://learningenglish.voanews.com/a/a-23-a-2001-10-30-2-1-83033077/119095.html	0	programme	list:programme.txt	8	correct	1	This is the VOA Special English SCIENCE REPORT.
precision-A	10	https://learningenglish.voanews.com/a/how-to-do-it-making-paper-by-hand-126083488/113829.html	0	programme	list:programme.txt	8	correct	1	This is the VOA Special English Technology Report.
precision-A	5	https://learningenglish.voanews.com/a/taylor-swift-shake-it-off/2423861.html	1	programme	list:programme.txt	8	correct	1	Welcome to American Mosaic from VOA Learning English.
precision-A	2	https://learningenglish.voanews.com/a/1630766.html	0	programme	list:programme.txt	8	correct	3	Welcome to AMERICAN MOSAIC in VOA Special English.
precision-A	5	https://learningenglish.voanews.com/a/health-lifestyle-autistic-child/4130584.html	20	programme	list:programme.txt	7	correct	6	And that’s the Health & Lifestyle report.
precision-A	2	https://learningenglish.voanews.com/a/miami-woman-guardian-900-immigrant-children/2494451.html	23	presenter	list:presenter.txt	7	correct	1	For VOA Learning English, I'm Anne Ball.
precision-A	2	https://learningenglish.voanews.com/a/everyday-grammar-past-unreal-conditional-mixed-conditional/2809016.html	22	presenter	list:presenter.txt	7	correct	1	I'm Adam Brock. And I'm Jill Robbins.
precision-A	2	https://learningenglish.voanews.com/a/diminutives-make-many-things-smaller/4814152.html	38	presenter	list:presenter.txt	7	correct	1	I’m Alice Bryant. And I’m Bryan Lynn.
precision-A	2	https://learningenglish.voanews.com/a/use-a-language-corpus-to-improve-your-vocabulary/7189316.html	27	presenter	list:presenter.txt	7	correct	1	I’m Andrew Smith. And I’m Jill Robbins.
precision-A	2	https://learningenglish.voanews.com/a/early-literacy-fluency/7155518.html	35	presenter	list:presenter.txt	7	correct	1	I’m Anna Matteo. And I’m Caty Weaver.
precision-A	5	https://learningenglish.voanews.com/a/everyday-grammar-disagreements-in-conversation/3725998.html	68	presenter	list:presenter.txt	7	correct	1	I’m Anne Ball. And I’m John Russell.
precision-A	2	https://learningenglish.voanews.com/a/one-doctor-stayed-film-supports-sudanese-hospital-in-war-area-/4637376.html	25	presenter	list:presenter.txt	7	correct	1	I’m Ashley Thompson. And I'm Mario Ritter.
precision-A	5	https://learningenglish.voanews.com/a/laughter-is-the-best-medicine-/4636716.html	36	presenter	list:presenter.txt	7	correct	1	I’m Bryan Lynn. And I’m Anna Matteo.
precision-A	2	https://learningenglish.voanews.com/a/the-worth-of-a-girl---katie-and-ashley-young-mothers-to-be/5034679.html	33	presenter	list:presenter.txt	7	correct	1	I’m Caty Weaver. And I’m Anna Mateo.
precision-A	5	https://learningenglish.voanews.com/a/magnifying-glass-phones/4024864.html	33	presenter	list:presenter.txt	7	correct	1	I’m Caty Weaver. And I’m Pete Musto.
precision-A	2	https://learningenglish.voanews.com/a/puzzle-apps-2017/3917636.html	60	presenter	list:presenter.txt	7	correct	1	I’m Dan Friedell. And I’m Caty Weaver.
precision-A	5	https://learningenglish.voanews.com/a/free-ebook-websites/3734667.html	40	presenter	list:presenter.txt	7	correct	1	I’m Dorothy Gundy. And I’m Bruce Alpert.
precision-A	2	https://learningenglish.voanews.com/a/settings-actions-lesson-in-fairy-tales-/6952246.html	38	presenter	list:presenter.txt	7	correct	1	I’m Faith Pirlo. And I’m Caty Weaver.
precision-A	2+5	https://learningenglish.voanews.com/a/an-introduction-to-verb-tenses/3123576.html	72	presenter	list:presenter.txt	7	correct	2	I’m Jill Robbins. And I’m John Russell.
precision-A	5	https://learningenglish.voanews.com/a/ariana-grande-album-is-no-problem/2448199.html	16	presenter	list:presenter.txt	7	correct	1	I’m June Simms. And I’m Caty Weaver.
precision-A	5	https://learningenglish.voanews.com/a/ios-10-features/3516374.html	34	presenter	list:presenter.txt	7	correct	1	I’m Pete Musto. And I’m Caty Weaver.
precision-A	2	https://learningenglish.voanews.com/a/learn-prefixes-and-suffixes-to-expand-your-vocabulary/4140658.html	21	presenter	list:presenter.txt	7	correct	1	I'm Phil Dierking. And I'm Alice Bryant.
precision-A	2	https://learningenglish.voanews.com/a/emoji-say-volumes-without-a-word-/3004375.html	42	call_to_action	list:call_to_action.txt	7	correct	1	Let us know in the Comments Section.
precision-A	5+10	https://learningenglish.voanews.com/a/grammar-and-gossip-/6825557.html	25	call_to_action	list:call_to_action.txt	7	correct	18	Pause the audio to consider your answer.
precision-A	10	https://learningenglish.voanews.com/a/as-while-or-meanwhile-/5982118.html	21	programme	list:programme.txt	7	correct	3	That’s Ask a Teacher for this week.
precision-A	5	https://learningenglish.voanews.com/a/calendars-elvis-marilyn-monroe-new-years/1820816.html	14	programme	list:credits.txt	7	correct	1	This program was written by Avi Arditti.
precision-A	5	https://learningenglish.voanews.com/a/a-23-2008-03-24-voa2-83136952/128607.html	0	programme	list:programme.txt	7	correct	2	This the VOA Special English Agriculture Report.
precision-A	10	https://learningenglish.voanews.com/a/english-s-mile-expressions-are-a-mile-long/6628480.html	17	programme	list:programme.txt+list:presenter.txt	7	correct	1	Until next time ... I’m Anna Matteo.
precision-A	5+10	https://learningenglish.voanews.com/a/a-dime-a-dozen/5183831.html	28	programme	list:programme.txt+list:presenter.txt	7	correct	6	Until next time … I’m Anna Matteo!
precision-A	5+10	https://learningenglish.voanews.com/a/are-you-sitting-pretty-/7346804.html	14	programme	list:programme.txt+list:presenter.txt	7	correct	23	Until next time … I’m Anna Matteo.
precision-A	10	https://learningenglish.voanews.com/a/a-23-2008-01-12-voa1-83140307/129384.html	13	script	patterns.tsv:line:2	6	correct	1	"(MUSIC: ""Battle Hymn of the Republic"")"
precision-A	5+10	https://learningenglish.voanews.com/a/how-to-dish-up-something-good/7980848.html	14	programme	list:programme.txt	6	correct	7	And that’s Words and Their Stories.
precision-A	5+10	https://learningenglish.voanews.com/a/3015834.html	1	programme	list:programme.txt	6	correct	2	From Washington, this is VOA News.
precision-A	5	https://learningenglish.voanews.com/a/modals-permission-everyday-grammar/3355585.html	22	presenter	list:presenter.txt	6	correct	1	I’m Jonathan Evans with Ashley Thompson.
precision-A	5	https://learningenglish.voanews.com/a/whats-trending-today-american-ninja-warrior-jessie-graff-wonder-woman/3367626.html	1	programme	list:programme.txt	6	correct	1	This is What’s Trending Today ...
precision-A	5	https://learningenglish.voanews.com/a/raise-a-red-flag/6922417.html	23	presenter	list:presenter.txt	6	correct	1	Until next time, I’m Andrew Smith.
precision-A	5+10	https://learningenglish.voanews.com/a/expressions-using-our-head-and-shoulders/7825009.html	22	presenter	list:presenter.txt	6	correct	10	Until next time, I’m Anna Matteo.
precision-A	5	https://learningenglish.voanews.com/a/it-s-not-the-end-of-the-world/5605253.html	25	programme	list:programme.txt+list:presenter.txt	6	correct	1	Until next time. I’m Anna Matteo.
precision-A	5	https://learningenglish.voanews.com/a/carrying-a-torch-for-someone-can-hurt-a-lot-/5773446.html	24	programme	list:programme.txt+list:presenter.txt	6	correct	1	Until next time... I’m Anna Matteo.
precision-A	2	https://learningenglish.voanews.com/a/americas-presidents-william-mckinley/3979185.html	1	programme	list:programme.txt	6	correct	1	VOA Learning English presents America’s Presidents.
precision-A	5	https://learningenglish.voanews.com/a/a-23-a-2002-01-25-1-1-83111602/120176.html	30	script	patterns.tsv:line:2	5	correct	1	"((TAPE: ""I have a dream""))"
precision-A	2	https://learningenglish.voanews.com/a/lets-learn-english-lesson-35-lets-make-dinner/3571922.html	28	programme	list:programme.txt	5	correct	1	(The story continues next week)
precision-A	5	https://learningenglish.voanews.com/a/fishing-for-more-than-fish/4541177.html	53	presenter	list:presenter.txt	5	correct	1	... and I’m Anna Matteo.
precision-A	2+5+10	https://learningenglish.voanews.com/a/blues-country-soul-memphis-tennessee/1662565.html	3	presenter	list:presenter.txt	5	correct	5	And I’m Kelly Jean Kelly.
precision-A	2+5+10	https://learningenglish.voanews.com/a/advising-others-to-take-your-advice/4991191.html	18	programme	list:programme.txt	5	correct	17	And that’s Ask a Teacher!
precision-A	5+10	https://learningenglish.voanews.com/a/adverbs-gerunds-participles/7432627.html	40	programme	list:programme.txt	5	correct	58	And that’s Ask a Teacher.
precision-A	2	https://learningenglish.voanews.com/a/mers-outbreak/1908794.html	24	programme	list:programme.txt	5	correct	1	And that’s the Health Report.
precision-A	5	https://learningenglish.voanews.com/a/trending-snowboard-video-bear/3284301.html	31	programme	list:programme.txt	5	correct	1	​And That’s What’s Trending Today
precision-A	5+10	https://learningenglish.voanews.com/a/american-girl-doll-prosthetic-leg/3360946.html	14	programme	list:programme.txt	5	correct	12	And that’s What’s Trending Today.
precision-A	5	https://learningenglish.voanews.com/a/trending-today-march-18-2016-dc-eagle-cam/3244322.html	14	programme	list:programme.txt	5	correct	2	And that’s What’s Trending Today…
precision-A	10	https://learningenglish.voanews.com/a/whats-trending-rally-cat/3980604.html	21	programme	list:programme.txt	5	correct	1	And that’s What’s Trending Today….
precision-A	2	https://learningenglish.voanews.com/a/lets-learn-english-lesson-44-making-healthy-choices/3688552.html	46	programme	list:programme.txt	5	correct	1	Anna: Until next time …
precision-A	2	https://learningenglish.voanews.com/a/a-visit-from-st-nicholas/4174093.html	18	programme	patterns.tsv:sentence:5	5	correct	1	Dorothy Gundy produced the video.
precision-A	10	https://learningenglish.voanews.com/a/cold-fish-cold-shoulder-cold-blooded/1820989.html	12	programme	list:credits.txt	5	correct	1	Maurice Joyce was the narrator.
precision-A	5	https://learningenglish.voanews.com/a/american-students-chinese-prom-dress-starts-debate/4372946.html	1	programme	list:programme.txt	5	correct	4	This is What’s Trending Today.
precision-A	5	https://learningenglish.voanews.com/a/what-s-next-for-dc-s-eagle-pair-liberty-and-justice-/4809718.html	1	programme	list:programme.txt	5	correct	1	This is What's Trending Today...
precision-A	5	https://learningenglish.voanews.com/a/batman-superman-reviews/3251397.html	1	programme	list:programme.txt	5	correct	1	This is What’s Trending Today:
precision-A	5+10	https://learningenglish.voanews.com/a/feelings-and-fashion-at-video-music-awards/3485470.html	1	programme	list:programme.txt	5	correct	6	This is What’s Trending Today…
precision-A	5+10	https://learningenglish.voanews.com/a/trending-today-march-18-2016-dc-eagle-cam/3244322.html	1	programme	list:programme.txt	5	correct	2	This is What’s Trending Today….
precision-A	10	https://learningenglish.voanews.com/a/one-trick-pony-has-limits/5791227.html	20	presenter	list:presenter.txt	5	correct	1	Until next time...I’m Anna Matteo.
precision-A	5	https://learningenglish.voanews.com/a/how-fast-is-two-shakes-of-a-lamb-s-tail-/5386845.html	19	presenter	list:presenter.txt	5	correct	1	Until next time…I’m Anna Matteo!
precision-A	5+10	https://learningenglish.voanews.com/a/green-eyed-monsters-and-other-uses-of-green-/5815688.html	29	presenter	list:presenter.txt	5	correct	2	Until next time…I’m Anna Matteo.
precision-A	2	https://learningenglish.voanews.com/a/tips-for-email/3842882.html	57	presenter	list:presenter.txt	5	correct	1	… and I’m Anna Matteo.
precision-A	10	https://learningenglish.voanews.com/a/a-23-a-2002-11-29-3-1-83112602/120556.html	5	script	patterns.tsv:line:2	4	correct	1	((MUSIC: FIFE AND DRUMS))
precision-A	5	https://learningenglish.voanews.com/a/a-23-a-2002-01-25-1-1-83111602/120176.html	35	script	patterns.tsv:line:2	4	correct	1	((MUSIC: We Shall Overcome))
precision-A	5	https://learningenglish.voanews.com/a/a-23-2008-01-26-voa1-83139692/129267.html	35	script	patterns.tsv:line:2	4	correct	1	"(MUSIC: ""We Shall Overcome"")"
precision-A	10	https://learningenglish.voanews.com/a/a-23-a-2004-08-04-1-1-83118962/122312.html	0	programme	patterns.tsv:line:1	4	correct	1	[Broadcast May 6, 2004]
precision-A	2	https://learningenglish.voanews.com/a/america-national-parks-learning-english-shenandoah/3590982.html	39	presenter	list:presenter.txt	4	correct	1	And I'm Adam Brock.
precision-A	2+5	https://learningenglish.voanews.com/a/adverbial-everday-grammar/3510719.html	54	presenter	list:presenter.txt	4	correct	7	And I'm Alice Bryant.
precision-A	10	https://learningenglish.voanews.com/a/big-trouble-with-three-little-words-in-on-and-at/6736267.html	28	presenter	list:presenter.txt	4	correct	1	And I’m Andrew Smith.
precision-A	2	https://learningenglish.voanews.com/a/reviewing-pet-descriptions-/7386630.html	42	presenter	list:presenter.txt	4	correct	1	And I’m Anna Mateo.
precision-A	2+5	https://learningenglish.voanews.com/a/fight-tension-boredom-with-a-container-garden/5401518.html	72	presenter	list:presenter.txt	4	correct	7	And I’m Anna Matteo.
precision-A	2+5	https://learningenglish.voanews.com/a/3817026.html	36	presenter	list:presenter.txt	4	correct	14	And I’m Ashley Thompson.
precision-A	2+5	https://learningenglish.voanews.com/a/butterfly-effect-and-chain-reactions/4996766.html	28	presenter	list:presenter.txt	4	correct	8	And I’m Bryan Lynn.
precision-A	2+5	https://learningenglish.voanews.com/a/americas-national-parks-arches/3551240.html	30	presenter	list:presenter.txt	4	correct	9	And I'm Caty Weaver.
precision-A	10	https://learningenglish.voanews.com/a/battle-second-manassas/2500984.html	2	presenter	list:presenter.txt	4	correct	7	And I’m Christopher Cruise.
precision-A	2+5	https://learningenglish.voanews.com/a/everyday-grammar-good-and-nice-common-adjectives-many-uses/4056631.html	51	presenter	list:presenter.txt	4	correct	2	And I'm Dorothy Gundy.
precision-A	2	https://learningenglish.voanews.com/a/writing-about-your-life/6516279.html	49	presenter	list:presenter.txt	4	correct	1	And I’m Faith Pirlo.
precision-A	2+10	https://learningenglish.voanews.com/a/friendship-idioms/5666309.html	26	presenter	list:presenter.txt	4	correct	4	And I’m Greg Stachel.
precision-A	10	https://learningenglish.voanews.com/a/let-and-leave/5594733.html	37	presenter	list:presenter.txt	4	correct	1	And I’m Gregory Stachel.
precision-A	2+5+10	https://learningenglish.voanews.com/a/4027485.html	60	presenter	list:presenter.txt	4	correct	15	And I’m Jill Robbins.
precision-A	2+5	https://learningenglish.voanews.com/a/adverbs-and-adjectives/3702382.html	45	presenter	list:presenter.txt	4	correct	22	And I'm John Russell.
precision-A	5	https://learningenglish.voanews.com/a/everyday-grammar-fun-with-future-tenses/2935173.html	26	presenter	list:presenter.txt	4	correct	1	And I’m Jonathan Evans.
precision-A	2	https://learningenglish.voanews.com/a/your-body-posture-can-change-your-brain/2710394.html	38	presenter	list:presenter.txt	4	correct	1	And I’m Mario Ritter.
precision-A	5	https://learningenglish.voanews.com/a/wwdc-2016-ios-10/3386601.html	37	presenter	list:presenter.txt	4	correct	1	And I'm Marsha James.
precision-A	2	https://learningenglish.voanews.com/a/google-services/3496811.html	66	presenter	list:presenter.txt	4	correct	1	And I'm Mehrnoush Karimian-Ainsworth.
precision-A	2	https://learningenglish.voanews.com/a/words-to-the-wise-wiretap/3760800.html	26	presenter	list:presenter.txt	4	correct	1	And I’m Phil Dierking.
precision-A	2+5	https://learningenglish.voanews.com/a/grammar-and-talking-about-hot-weather/7641038.html	27	programme	list:programme.txt	4	correct	4	And that’s Everyday Grammar!
precision-A	2+5	https://learningenglish.voanews.com/a/advice-modals-and-coronavirus-/5374838.html	49	programme	list:programme.txt	4	correct	8	And that’s Everyday Grammar.
precision-A	2	https://learningenglish.voanews.com/a/prepositions-time-place-everyday-grammar-in-on-at/2732061.html	17	presenter	list:presenter.txt	4	correct	1	And, I’m Ashley Thompson.
precision-A	2	https://learningenglish.voanews.com/a/are-you-free-on-friday-lets-learn-english/3355785.html	35	programme	list:programme.txt	4	correct	4	Anna: Until next time!
precision-A	10	https://learningenglish.voanews.com/a/a-23-a-2004-04-12-2-1-83122527/123392.html	0	programme	patterns.tsv:line:1	4	correct	1	Broadcast: April 13, 2004
precision-A	10	https://learningenglish.voanews.com/a/a-23-a-2003-04-21-3-1-83114072/120885.html	0	programme	patterns.tsv:line:1	4	correct	1	Broadcast: April 22, 2003
precision-A	10	https://learningenglish.voanews.com/a/a-23-a-2004-04-26-2-1-83122792/123555.html	0	programme	patterns.tsv:line:1	4	correct	1	Broadcast: April 27, 2004
precision-A	10	https://learningenglish.voanews.com/a/a-23-a-2004-04-06-2-1-83120557/122611.html	0	programme	patterns.tsv:line:1	4	correct	1	Broadcast: April 7, 2004
precision-A	10	https://learningenglish.voanews.com/a/a-23-a-2004-08-27-2-1-83121847/123039.html	0	programme	patterns.tsv:line:1	4	correct	1	Broadcast: August 27, 2004
precision-A	10	https://learningenglish.voanews.com/a/a-23-a-2003-08-07-2-1-83117352/121761.html	0	programme	patterns.tsv:line:1	4	correct	1	Broadcast: August 8, 2003
precision-A	10	https://learningenglish.voanews.com/a/a-23-a-2004-12-21-2-1-83118357/122146.html	0	programme	patterns.tsv:line:1	4	correct	1	Broadcast: December 21, 2004
precision-A	10	https://learningenglish.voanews.com/a/a-23-a-2004-12-28-5-1-83123062/123689.html	0	programme	patterns.tsv:line:1	4	correct	1	Broadcast: December 28, 2004
precision-A	10	https://learningenglish.voanews.com/a/a-23-a-2003-09-03-1-1-83114812/121102.html	0	programme	patterns.tsv:line:1	4	correct	1	Broadcast: January 1, 2003
precision-A	10	https://learningenglish.voanews.com/a/a-23-a-2004-07-13-2-1-83122227/123235.html	0	programme	patterns.tsv:line:1	4	correct	1	Broadcast: July 14, 2004
precision-A	10	https://learningenglish.voanews.com/a/a-23-a-2003-07-02-1-1-83118097/122032.html	0	programme	patterns.tsv:line:1	4	correct	1	Broadcast: July 2, 2003
precision-A	10	https://learningenglish.voanews.com/a/a-23-a-2004-07-20-2-1-83122342/123283.html	0	programme	patterns.tsv:line:1	4	correct	1	Broadcast: July 20, 2004
precision-A	10	https://learningenglish.voanews.com/a/a-23-a-2004-07-21-2-1-83122392/123296.html	0	programme	patterns.tsv:line:1	4	correct	1	Broadcast: July 22, 2004
precision-A	10	https://learningenglish.voanews.com/a/a-23-a-2004-07-27-2-1-83123242/123774.html	0	programme	patterns.tsv:line:1	4	correct	1	Broadcast: July 27, 2004
precision-A	10	https://learningenglish.voanews.com/a/a-23-a-2003-05-13-1-1-83114162/120902.html	0	programme	patterns.tsv:line:1	4	correct	1	Broadcast: May 14, 2003
precision-A	10	https://learningenglish.voanews.com/a/a-23-a-2004-05-05-4-1-83120707/122669.html	0	programme	patterns.tsv:line:1	4	correct	1	Broadcast: May 6, 2004
precision-A	10	https://learningenglish.voanews.com/a/a-23-a-2003-05-06-1-1-83114897/121106.html	0	programme	patterns.tsv:line:1	4	correct	1	Broadcast: May 7, 2003
precision-A	10	https://learningenglish.voanews.com/a/a-23-a-2003-11-17-2-1-83114787/121082.html	0	programme	patterns.tsv:line:1	4	correct	1	Broadcast: November 18, 2003
precision-A	10	https://learningenglish.voanews.com/a/a-23-a-2004-11-01-2-1-83119877/122561.html	0	programme	patterns.tsv:line:1	4	correct	1	Broadcast: November 2, 2004
precision-A	10	https://learningenglish.voanews.com/a/a-23-a-2004-11-28-2-1-83121362/122846.html	0	programme	patterns.tsv:line:1	4	correct	1	Broadcast: November 29, 2004
precision-A	10	https://learningenglish.voanews.com/a/a-23-a-2004-10-20-2-1-83122457/123365.html	0	programme	patterns.tsv:line:1	4	correct	1	Broadcast: October 21, 2004
precision-A	10	https://learningenglish.voanews.com/a/a-23-a-2004-09-20-3-1-83119027/122364.html	0	programme	patterns.tsv:line:1	4	correct	1	Broadcast: September 20, 2004
precision-A	10	https://learningenglish.voanews.com/a/a-23-a-2004-09-21-1-1-83119032/122366.html	0	programme	patterns.tsv:line:1	4	correct	1	Broadcast: September 21, 2004
precision-A	10	https://learningenglish.voanews.com/a/a-23-a-2004-09-07-4-1-83123162/123731.html	0	programme	patterns.tsv:line:1	4	correct	1	Broadcast: September 8, 2004
precision-A	10	https://learningenglish.voanews.com/a/a-23-a-2003-09-10-2-1-83117242/121735.html	0	programme	patterns.tsv:line:1	4	correct	1	Broadcast: September 9, 2003
precision-A	5	https://learningenglish.voanews.com/a/american-girl-doll-prosthetic-leg/3360946.html	1	programme	list:programme.txt	4	correct	1	Here’s What’s Trending Today…
precision-A	5	https://learningenglish.voanews.com/a/how-to-safely-care-for-covid-19-patients-at-home/5516710.html	34	presenter	list:presenter.txt	4	correct	2	I’m Anna Matteo …
precision-A	5	https://learningenglish.voanews.com/a/fishing-for-more-than-fish/4541177.html	52	presenter	list:presenter.txt	4	correct	1	I’m Bryan Lynn …
precision-A	10	https://learningenglish.voanews.com/a/voa-english-newscast-november-4/3037702.html	2	presenter	list:presenter.txt	4	correct	1	I’m Dave DeForest reporting.
precision-A	5	https://learningenglish.voanews.com/a/3015834.html	2	presenter	list:presenter.txt	4	correct	1	I’m Frances Alonzo reporting.
precision-A	2+5	https://learningenglish.voanews.com/a/tips-for-email/3842882.html	56	presenter	list:presenter.txt	4	correct	2	I’m Jonathan Evans …
precision-A	2+5+10	https://learningenglish.voanews.com/a/americas-presidents-william-mckinley/3979185.html	49	presenter	list:presenter.txt	4	correct	17	I’m Kelly Jean Kelly.
precision-A	10	https://learningenglish.voanews.com/a/bag-phrases-expressions-cat-out-of-the-bag-holding-the-bag-shays-rebellion-bagman/1794781.html	16	presenter	list:presenter.txt	4	correct	2	This is Bob Doughty.
precision-A	2	https://learningenglish.voanews.com/a/cleft-sentences-in-speaking-writing/5164836.html	1	programme	list:programme.txt	4	correct	2	This is Everyday Grammar.
precision-A	10	https://learningenglish.voanews.com/a/voa-english-newscast-november-4/3037702.html	11	programme	list:programme.txt	4	correct	1	This is VOA News.
precision-A	5	https://learningenglish.voanews.com/a/sit-less-live-longer-health/2450738.html	23	programme	list:programme.txt	4	correct	1	Words in this Story
precision-A	2+5+10	https://learningenglish.voanews.com/a/a-common-form-be-adjective-infinitive-/5284365.html	39	presenter	list:presenter.txt	3	correct	80	I’m Alice Bryant.
precision-A	2+10	https://learningenglish.voanews.com/a/how-to-improve-your-spelling/7813583.html	49	presenter	list:presenter.txt	3	correct	10	I’m Andrew Smith.
precision-A	2	https://learningenglish.voanews.com/a/trending-us-this-week-star-wars-clinton-biden-cubs/3020505.html	22	presenter	list:presenter.txt	3	correct	1	I’m Anna Mateo.
precision-A	2	https://learningenglish.voanews.com/a/1950115.html	15	presenter	list:presenter.txt	3	correct	2	I'm Anna Matteo
precision-A	2+5+10	https://learningenglish.voanews.com/a/1945556.html	18	presenter	list:presenter.txt	3	correct	83	I’m Anna Matteo.
precision-A	2	https://learningenglish.voanews.com/a/pharsalia-massie-anniversary/1959100.html	26	presenter	list:presenter.txt	3	correct	1	I’m Anne Ball
precision-A	2+5+10	https://learningenglish.voanews.com/a/3817026.html	35	presenter	list:presenter.txt	3	correct	28	I'm Anne Ball.
precision-A	10	https://learningenglish.voanews.com/a/the-difference-between-try-and-attempt/5735947.html	21	presenter	list:presenter.txt	3	correct	1	I’m Armen Kassabian.
precision-A	2+5+10	https://learningenglish.voanews.com/a/america-national-parks-learning-english-shenandoah/3590982.html	38	presenter	list:presenter.txt	3	correct	22	I'm Ashley Thompson.
precision-A	5	https://learningenglish.voanews.com/a/blues-country-soul-memphis-tennessee/1662565.html	2	presenter	list:presenter.txt	3	correct	2	I’m Avi Arditti.
precision-A	2	https://learningenglish.voanews.com/a/cheetah-fast-enough-to-survive/2484459.html	18	presenter	list:presenter.txt	3	correct	4	I’m Bob Doughty.
precision-A	2+5	https://learningenglish.voanews.com/a/introducing-the-funniest-wildlife-photos-of-2017/4165963.html	26	presenter	list:presenter.txt	3	correct	6	I’m Bryan Lynn.
precision-A	2+5	https://learningenglish.voanews.com/a/2491592.html	17	presenter	list:presenter.txt	3	correct	47	I'm Caty Weaver.
precision-A	10	https://learningenglish.voanews.com/a/heard-it-through-the-grapevine/1860426.html	14	presenter	list:presenter.txt	3	correct	1	I’m Christopher Cruise
precision-A	2+10	https://learningenglish.voanews.com/a/battle-second-manassas/2500984.html	18	presenter	list:presenter.txt	3	correct	9	I’m Christopher Cruise.
precision-A	2+5+10	https://learningenglish.voanews.com/a/a-mixture-of-food-and-guns-at-shooters-grill/2915209.html	25	presenter	list:presenter.txt	3	correct	19	I’m Christopher Jones-Cruise.
precision-A	2+5	https://learningenglish.voanews.com/a/batman-superman-reviews/3251397.html	25	presenter	list:presenter.txt	3	correct	5	I’m Dan Friedell.
precision-A	2+5	https://learningenglish.voanews.com/a/blue-light-filters/3325898.html	23	presenter	list:presenter.txt	3	correct	6	I’m Dorothy Gundy.
precision-A	5+10	https://learningenglish.voanews.com/a/are-you-chicken-livered-or-are-you-a-lame-duck/1246176.html	11	presenter	list:presenter.txt	3	correct	4	I’m Faith Lapidus.
precision-A	10	https://learningenglish.voanews.com/a/learning-new-words-parts-of-speech-and-suffixes/6549060.html	72	presenter	list:presenter.txt	3	correct	1	I’m Faith Pirlo
precision-A	2+5+10	https://learningenglish.voanews.com/a/award-vs-reward/7138597.html	32	presenter	list:presenter.txt	3	correct	23	I’m Faith Pirlo.
precision-A	10	https://learningenglish.voanews.com/a/improve-your-vocabulary-part-3/7631919.html	22	presenter	list:presenter.txt	3	correct	1	I’m Gena Bennett
precision-A	10	https://learningenglish.voanews.com/a/adverbs-gerunds-participles/7432627.html	41	presenter	list:presenter.txt	3	correct	10	I’m Gena Bennett.
precision-A	2	https://learningenglish.voanews.com/a/in-store-training-on-healthy-food-choice/2863162.html	20	presenter	list:presenter.txt	3	correct	1	I’m George Grow.
precision-A	2+5+10	https://learningenglish.voanews.com/a/american-breakfast/5612538.html	20	presenter	list:presenter.txt	3	correct	5	I’m Gregory Stachel.
precision-A	2	https://learningenglish.voanews.com/a/holding-a-paintbrush-instead-of-a-gun/2495101.html	10	presenter	list:presenter.txt	3	correct	2	I’m Jeri Watson.
precision-A	2+5+10	https://learningenglish.voanews.com/a/adverbial-everday-grammar/3510719.html	52	presenter	list:presenter.txt	3	correct	58	I’m Jill Robbins.
precision-A	2	https://learningenglish.voanews.com/a/america-famous-front-lawn-get-overhaul/2782118.html	17	presenter	list:presenter.txt	3	correct	7	I’m Jim Tedder.
precision-A	2+5+10	https://learningenglish.voanews.com/a/4027485.html	59	presenter	list:presenter.txt	3	correct	94	I'm John Russell.
precision-A	2+5+10	https://learningenglish.voanews.com/a/americas-national-flag-day/3375867.html	8	presenter	list:presenter.txt	3	correct	34	I’m Jonathan Evans.
precision-A	2	https://learningenglish.voanews.com/a/1630766.html	1	presenter	list:presenter.txt	3	correct	5	I’m June Simms.
precision-A	5	https://learningenglish.voanews.com/a/colonial-farm-national-park-claude-moore/1816730.html	17	presenter	list:presenter.txt	3	correct	1	I’m Katherine Cole.
precision-A	2	https://learningenglish.voanews.com/a/ces-2016/3163620.html	51	presenter	list:presenter.txt	3	correct	4	I’m Kathleen Struck.
precision-A	5	https://learningenglish.voanews.com/a/trending-today-march-18-2016-dc-eagle-cam/3244322.html	15	presenter	list:presenter.txt	3	correct	1	I’m Lucija Millonig.
precision-A	2	https://learningenglish.voanews.com/a/cruise-baldwin-rogue-nation-action-adventure/2907146.html	11	presenter	list:presenter.txt	3	correct	4	I’m Mario Ritter.
precision-A	2	https://learningenglish.voanews.com/a/wwdc-2016-part-2/3396699.html	29	presenter	list:presenter.txt	3	correct	1	I’m Marsha James
precision-A	2+5+10	https://learningenglish.voanews.com/a/animal-weapons-offer-lesons-for-human-arms-race/2643415.html	21	presenter	list:presenter.txt	3	correct	23	I’m Marsha James.
precision-A	5	https://learningenglish.voanews.com/a/fu-yuanhui-happiest-olympian/3460537.html	24	presenter	list:presenter.txt	3	correct	1	I'm Mehrnoush Karimian-Ainsworth
precision-A	5	https://learningenglish.voanews.com/a/american-girl-doll-prosthetic-leg/3360946.html	15	presenter	list:presenter.txt	3	correct	1	I’m Mehrnoush Karimian-Ainsworth.
precision-A	5	https://learningenglish.voanews.com/a/prisma-app/3423097.html	33	presenter	list:presenter.txt	3	correct	1	I'm Patrick Merentie.
precision-A	2	https://learningenglish.voanews.com/a/difference-between-say-tell/5034651.html	25	presenter	list:presenter.txt	3	correct	1	I’m Pete Musto
precision-A	2+5+10	https://learningenglish.voanews.com/a/brazil-welcomes-refugees/3467565.html	14	presenter	list:presenter.txt	3	correct	10	I’m Pete Musto.
precision-A	2+5+10	https://learningenglish.voanews.com/a/improve-your-pronunciation-by-training-your-ears/3853284.html	49	presenter	list:presenter.txt	3	correct	4	I'm Phil Dierking.
precision-A	10	https://learningenglish.voanews.com/a/a-23-2008-01-12-voa1-83140307/129384.html	1	presenter	list:presenter.txt	3	correct	3	I'm Ray Freeman.
precision-A	10	https://learningenglish.voanews.com/a/broken-heart-or-heart-of-stone/1849410.html	14	presenter	list:presenter.txt	3	correct	2	I’m Rich Kleinfeldt.
precision-A	10	https://learningenglish.voanews.com/a/cold-fish-cold-shoulder-cold-blooded/1820989.html	13	presenter	list:presenter.txt	3	correct	1	I’m Shirley Griffith.
precision-A	10	https://learningenglish.voanews.com/a/wont-wash-charlotte-bronte-idioms-robert-browning-charles-funk-talking-turkey/1786632.html	17	presenter	list:presenter.txt	3	correct	1	I’m Susan Clark.
precision-A	5	https://learningenglish.voanews.com/a/american-youngsters-plant-harvest-learn-about-farm-life/4140567.html	25	presenter	list:presenter.txt	3	correct	1	I'm Susan Shand
precision-A	2+5	https://learningenglish.voanews.com/a/4358189.html	20	presenter	list:presenter.txt	3	correct	8	I'm Susan Shand.
precision-A	10	https://learningenglish.voanews.com/a/wildcat-congressmen-money-oil-wells-and-strikers/1455413.html	16	presenter	list:presenter.txt	3	correct	1	I'm Warren Scheer.
precision-A	5	https://learningenglish.voanews.com/a/a-23-a-2002-01-25-1-1-83111602/120176.html	5	script	list:script.txt	2	correct	4	VOICE 1:
precision-A	5	https://learningenglish.voanews.com/a/a-23-a-2002-01-25-1-1-83111602/120176.html	8	script	list:script.txt	2	correct	4	VOICE 2:
precision-A	5+10	https://learningenglish.voanews.com/a/a-23-2005-05-22-voa1-83124347/124160.html	5	script	list:script.txt	2	correct	44	VOICE ONE:
precision-A	5+10	https://learningenglish.voanews.com/a/a-23-2005-05-22-voa1-83124347/124160.html	8	script	list:script.txt	2	correct	38	VOICE TWO:
precision-A	10	https://learningenglish.voanews.com/a/a-23-a-2002-11-29-3-1-83112602/120556.html	11	script	direction	1	correct	3	((MUSIC))
precision-A	5+10	https://learningenglish.voanews.com/a/a-23-2005-05-22-voa1-83124347/124160.html	0	script	direction	1	correct	159	(MUSIC)
precision-A	5+10	https://learningenglish.voanews.com/a/a-23-2008-01-26-voa1-83139692/129267.html	30	script	direction	1	correct	5	(SOUND)
precision-A	5+10	https://learningenglish.voanews.com/a/a-23-2006-05-15-voa3-83129302/125945.html	14	script	direction	1	correct	8	(THEME)
precision-A	5	https://learningenglish.voanews.com/a/a-23-a-2002-01-25-1-1-83111602/120176.html	0	script	list:script.txt	1	correct	2	Anncr:
precision-A	5+10	https://learningenglish.voanews.com/a/a-23-2005-05-22-voa1-83124347/124160.html	1	script	list:script.txt	1	correct	3	ANNOUNCER:
precision-A	10	https://learningenglish.voanews.com/a/call-/7601370.html	9	script	list:script.txt	1	correct	23	Answer
precision-A	2+5+10	https://learningenglish.voanews.com/a/a-struggle-to-understand/4959339.html	4	script	list:script.txt	1	correct	73	Answer:
precision-A	2	https://learningenglish.voanews.com/a/a-23-a-2001-09-10-1-1-83034512/119425.html	0	script	list:script.txt	1	correct	2	HOST:
precision-A	10	https://learningenglish.voanews.com/a/call-/7601370.html	2	script	list:script.txt	1	correct	18	Question
precision-A	2+5+10	https://learningenglish.voanews.com/a/a-struggle-to-understand/4959339.html	2	script	list:script.txt	1	correct	76	Question:
precision-B	<=10	https://learningenglish.voanews.com/a/a-23-2009-06-24-voa3-83140367/129431.html	54	script	list:script.txt	1	correct	1	ANNOUNCER:
precision-B	<=10	https://learningenglish.voanews.com/a/a-23-2005-10-26-voa3-83124362/124157.html	50	programme	list:programme.txt	7	correct	1	That will be our story next week.
precision-B	<=10	https://learningenglish.voanews.com/a/a-23-a-2002-12-31-1-1-83113147/120645.html	2	script	patterns.tsv:line:2	4	correct	1	(MUSIC: AULD LANG SYNE)
precision-B	<=10	https://learningenglish.voanews.com/a/a-23-2008-08-30-voa3-83138602/128944.html	24	script	list:script.txt	2	correct	1	VOICE ONE:
precision-B	<=10	https://learningenglish.voanews.com/a/a-23-2007-05-30-voa1-83133842/127574.html	4	script	direction	1	correct	1	(MUSIC)
precision-B	<=10	https://learningenglish.voanews.com/a/a-23-2009-04-25-voa2-83141147/129694.html	16	script	list:script.txt	2	correct	1	VOICE TWO:
precision-B	<=10	https://learningenglish.voanews.com/a/a-23-2006-06-11-voa1-83131492/126716.html	39	script	list:script.txt	2	correct	1	VOICE TWO:
precision-B	<=10	https://learningenglish.voanews.com/a/iceland-pineapple-pizza/3735640.html	1	programme	list:programme.txt	5	correct	1	This is What’s Trending Today.
precision-B	<=10	https://learningenglish.voanews.com/a/a-23-2008-04-05-voa1-83136437/128444.html	17	script	list:script.txt	2	correct	1	VOICE TWO:
precision-B	<=10	https://learningenglish.voanews.com/a/a-23-2009-09-27-voa1-83141112/112403.html	43	script	list:script.txt	2	correct	1	VOICE ONE:
precision-B	<=10	https://learningenglish.voanews.com/a/poorly-paid-healthcare-workers-leaving-africa/7653288.html	20	presenter	list:presenter.txt	3	correct	1	I’m Dan Novak.
precision-B	<=10	https://learningenglish.voanews.com/a/english-newscast-for-august-11/3460386.html	1	programme	list:programme.txt	6	correct	1	From Washington, this is VOA News.
precision-B	<=10	https://learningenglish.voanews.com/a/how-catalonia-independence-effort-raise-tension-in-belgium/4104681.html	22	presenter	list:presenter.txt	4	correct	1	And I'm Susan Shand.
precision-B	<=10	https://learningenglish.voanews.com/a/a-23-2008-04-24-voa2-83135802/128231.html	1	programme	list:programme.txt	8	correct	1	Welcome to AMERICAN MOSAIC in VOA Special English.
precision-B	<=10	https://learningenglish.voanews.com/a/a-23-a-2002-07-29-1-1-83111752/120229.html	22	script	list:script.txt	2	correct	1	VOICE TWO:
precision-B	<=10	https://learningenglish.voanews.com/a/a-23-2007-01-07-voa1-83132722/127144.html	46	script	direction	1	correct	1	(MUSIC)
precision-B	<=10	https://learningenglish.voanews.com/a/a-23-a-2004-10-26-1-1-83122632/123446.html	49	script	direction	1	correct	1	(MUSIC)
precision-B	<=10	https://learningenglish.voanews.com/a/mcclellan-seven-days-campaign-richmond/2484422.html	2	presenter	list:presenter.txt	4	correct	1	I’m Kelly Jean Kelly.
precision-B	<=10	https://learningenglish.voanews.com/a/a-23-a-2003-05-29-3-1-83114687/121049.html	38	script	direction	1	correct	1	(MUSIC)
precision-B	<=10	https://learningenglish.voanews.com/a/a-23-2005-07-27-voa7-83126017/124771.html	19	script	list:script.txt	2	correct	1	VOICE ONE:
precision-B	<=10	https://learningenglish.voanews.com/a/a-23-a-2002-05-28-1-1-83111667/120200.html	0	script	list:script.txt	2	correct	1	VOICE ONE:
precision-B	<=10	https://learningenglish.voanews.com/a/a-23-a-2001-11-13-2-1-83033002/119084.html	45	script	direction	1	correct	1	(THEME)
precision-B	<=10	https://learningenglish.voanews.com/a/a-23-2008-05-27-voa1-83136152/128343.html	47	script	direction	1	correct	1	(MUSIC)
precision-B	<=10	https://learningenglish.voanews.com/a/a-23-2008-08-09-voa1-83138857/129030.html	46	script	list:script.txt	2	correct	1	VOICE TWO:
precision-B	<=10	https://learningenglish.voanews.com/a/a-23-2009-06-01-voa2-83143782/130441.html	9	script	list:script.txt	2	correct	1	VOICE TWO:
precision-B	<=10	https://learningenglish.voanews.com/a/a-23-a-2003-03-04-3-1-83115337/121287.html	19	script	list:script.txt	2	correct	1	VOICE TWO:
precision-B	<=10	https://learningenglish.voanews.com/a/a-23-2006-01-14-voa2-83130602/126418.html	25	script	list:script.txt	2	correct	1	VOICE ONE:
precision-B	<=10	https://learningenglish.voanews.com/a/a-23-2007-12-12-voa1-83135417/128064.html	48	script	list:script.txt	2	correct	1	VOICE TWO:
precision-B	<=10	https://learningenglish.voanews.com/a/a-23-2006-07-20-voa1-83127572/125338.html	41	script	list:script.txt	2	correct	1	MARIO RITTER:
precision-B	<=10	https://learningenglish.voanews.com/a/a-23-a-2004-08-15-1-1-83121447/123013.html	35	script	list:script.txt	2	correct	1	VOICE TWO:
precision-B	<=10	https://learningenglish.voanews.com/a/spacecraft-makes-historic-landing-on-comet/2518068.html	18	presenter	list:presenter.txt	3	correct	1	I'm Mario Ritter.
precision-B	<=10	https://learningenglish.voanews.com/a/us-colleges-cut-programs-because-of-budget-deficits-fewer-students/7744085.html	28	presenter	list:presenter.txt	4	correct	1	I’m Mario Ritter Jr.
precision-B	<=10	https://learningenglish.voanews.com/a/a-23-2009-06-16-voa1-83140887/129598.html	4	script	direction	1	correct	1	(MUSIC)
precision-B	<=10	https://learningenglish.voanews.com/a/covid-19-vaccine-may-be-required-for-international-travelers/5674990.html	15	presenter	list:presenter.txt	3	correct	1	I’m Bryan Lynn.
precision-B	<=10	https://learningenglish.voanews.com/a/a-23-a-2002-07-09-3-1-83111017/120062.html	45	script	direction	1	correct	1	((THEME))
precision-B	<=10	https://learningenglish.voanews.com/a/a-23-a-2003-10-09-1-1-83115262/121244.html	3	script	direction	1	correct	1	(THEME)
precision-B	<=10	https://learningenglish.voanews.com/a/a-23-a-2003-05-13-2-1-83116542/121521.html	1	script	direction	1	correct	1	(THEME)
precision-B	<=10	https://learningenglish.voanews.com/a/a-23-a-2003-05-08-2-1-83114777/121120.html	1	programme	list:programme.txt	8	correct	1	This is the VOA Special English Environment Report.
precision-B	<=10	https://learningenglish.voanews.com/a/a-23-2006-01-07-voa3-83129822/126138.html	40	script	list:script.txt	2	correct	1	VOICE TWO:
precision-B	<=10	https://learningenglish.voanews.com/a/a-23-2005-04-02-voa3-83123492/123888.html	36	script	list:script.txt	2	correct	1	VOICE TWO:
precision-B	<=10	https://learningenglish.voanews.com/a/russia-detains-american-reporter-on-allegation-of-spying/7028949.html	21	presenter	list:presenter.txt	3	correct	1	I’m Gregory Stachel.
precision-B	<=10	https://learningenglish.voanews.com/a/a-23-a-2001-09-10-14-1-83034657/119470.html	0	script	list:script.txt	1	correct	1	HOST:
precision-B	<=10	https://learningenglish.voanews.com/a/a-23-2006-04-19-voa2-83127592/125345.html	0	presenter	list:presenter.txt	10	correct	1	I’m Steve Ember with the VOA Special English Education Report.
precision-B	<=10	https://learningenglish.voanews.com/a/myanmar-statue-building-risks-tensions-with-minorities/4591815.html	22	presenter	list:presenter.txt	3	correct	1	I’m Susan Shand.
precision-B	<=10	https://learningenglish.voanews.com/a/a-23-a-2003-09-20-1-1-83117602/121863.html	36	script	list:script.txt	2	correct	1	VOICE TWO:
precision-B	<=10	https://learningenglish.voanews.com/a/a-23-2006-02-03-voa1-83131362/126690.html	25	script	direction	1	correct	1	(MUSIC)
precision-B	<=10	https://learningenglish.voanews.com/a/a-23-2009-12-28-voa1-84659652/130709.html	30	script	list:script.txt	2	correct	1	VOICE TWO:
precision-B	<=10	https://learningenglish.voanews.com/a/scientist-uses-game-show-winnings-to-finance-research/4915561.html	18	presenter	list:presenter.txt	3	correct	1	I’m Jill Robbins.
precision-B	<=10	https://learningenglish.voanews.com/a/a-23-a-2004-12-23-1-1-83118472/122168.html	36	script	list:script.txt	2	correct	1	VOICE ONE:
precision-B	<=10	https://learningenglish.voanews.com/a/a-23-a-2004-04-04-1-1-83120287/122585.html	5	script	list:script.txt	2	correct	1	VOICE ONE:
precision-B	<=10	https://learningenglish.voanews.com/a/american-history-president-clintons-legal-problems-141898323/611499.html	33	script	direction	1	correct	1	(MUSIC)
precision-B	<=10	https://learningenglish.voanews.com/a/a-23-2006-02-21-voa2-83131337/126648.html	14	script	direction	1	correct	1	(MUSIC)
precision-B	<=10	https://learningenglish.voanews.com/a/a-23-2009-10-30-voa5-83144242/130604.html	25	script	list:script.txt	2	correct	1	VOICE TWO:
precision-B	<=10	https://learningenglish.voanews.com/a/a-23-2007-02-07-voa4-83131782/126816.html	35	script	list:script.txt	2	correct	1	VOICE ONE:
precision-B	<=10	https://learningenglish.voanews.com/a/a-23-a-2001-08-22-7-1-83033907/119306.html	14	script	direction	2	correct	1	((MUSIC BRIDGE))
precision-B	<=10	https://learningenglish.voanews.com/a/syrian-refugees-continue-to-flee-to-greece/3247453.html	7	presenter	list:presenter.txt	3	correct	1	I’m Anna Matteo.
precision-B	<=10	https://learningenglish.voanews.com/a/a-23-2005-12-07-voa2-83124647/124292.html	26	script	list:script.txt	2	correct	1	VOICE ONE:
precision-B	<=10	https://learningenglish.voanews.com/a/a-23-2006-05-09-voa1-83128207/125587.html	30	script	list:script.txt	2	correct	1	VOICE TWO:
precision-B	<=10	https://learningenglish.voanews.com/a/laura-hillenbrands-unbroken-is-a-story-of-survival-and-heroism-121190159/114422.html	17	script	direction	1	correct	1	(MUSIC)
precision-B	<=10	https://learningenglish.voanews.com/a/a-23-2006-12-23-voa1-83130552/126393.html	33	script	list:script.txt	2	correct	1	VOICE ONE:
precision-B	<=10	https://learningenglish.voanews.com/a/do-people-still-say-that-/7908917.html	26	presenter	list:presenter.txt	3	correct	1	I’m Andrew Smith.
precision-B	<=10	https://learningenglish.voanews.com/a/russia-continues-major-offensive-in-eastern-ukraine/6635026.html	17	presenter	list:presenter.txt	3	correct	1	I’m Dan Novak.
precision-B	<=10	https://learningenglish.voanews.com/a/a-23-2009-07-01-voa1-83141772/129901.html	26	script	direction	1	correct	1	(SOUND)
precision-B	<=10	https://learningenglish.voanews.com/a/a-23-2008-01-21-voa1-83139327/129169.html	21	script	direction	1	correct	1	(MUSIC)
precision-B	<=10	https://learningenglish.voanews.com/a/yes-virginia-every-vote-does-count/4171936.html	11	programme	list:programme.txt	5	correct	1	And that’s What’s Trending Today.
precision-B	<=10	https://learningenglish.voanews.com/a/a-23-2008-11-18-voa1-83137772/128733.html	20	script	list:script.txt	2	correct	1	VOICE TWO:
precision-B	<=10	https://learningenglish.voanews.com/a/remembering-hollywood-legend-elizabeth-taylor-118615049/112579.html	36	script	patterns.tsv:line:2	7	correct	1	(MUSIC: “I Almost Lost My Mind”/Pinetop Perkins)
precision-B	<=10	https://learningenglish.voanews.com/a/getting-married-during-a-pandemic/5544134.html	29	programme	list:programme.txt	7	correct	1	And that’s the Health & Lifestyle report.
precision-B	<=10	https://learningenglish.voanews.com/a/a-23-2007-08-16-voa1-83133582/127462.html	3	presenter	list:presenter.txt+list:programme.txt	8	correct	1	I'm Barbara Klein. On our show this week:
precision-B	<=10	https://learningenglish.voanews.com/a/a-23-2006-06-01-voa1-83128677/125734.html	40	script	direction	1	correct	1	(MUSIC)
precision-B	<=10	https://learningenglish.voanews.com/a/a-23-2009-03-19-voa3-83140797/129558.html	0	programme	list:programme.txt	8	correct	1	Welcome to AMERICAN MOSAIC in VOA Special English.
precision-B	<=10	https://learningenglish.voanews.com/a/scientists-produce-gene-edited-chickens-to-stop-spread-of-flu-virus/4757743.html	13	presenter	list:presenter.txt	3	correct	1	I’m Jonathan Evans.
precision-B	<=10	https://learningenglish.voanews.com/a/4372912.html	10	presenter	list:presenter.txt	3	correct	1	I’m Caty Weaver.
precision-B	<=10	https://learningenglish.voanews.com/a/a-23-2007-12-12-voa2-83135452/128072.html	0	programme	list:programme.txt	8	correct	1	This is the VOA Special English Education Report.
precision-B	<=10	https://learningenglish.voanews.com/a/perseverance-mars-rover-gets-name-ahead-of-summer-launch/5318723.html	20	presenter	list:presenter.txt	3	correct	1	I’m Anne Ball.
precision-B	<=10	https://learningenglish.voanews.com/a/a-23-2006-10-15-voa1-83131222/126614.html	14	script	list:script.txt	2	correct	1	VOICE ONE:
precision-B	<=10	https://learningenglish.voanews.com/a/a-23-2005-05-30-voa2-83127017/125116.html	30	script	list:script.txt	2	correct	1	VOICE ONE:
precision-B	<=10	https://learningenglish.voanews.com/a/a-23-a-2004-04-07-1-1-83122397/123298.html	31	script	direction	1	correct	1	(MUSIC)
precision-B	<=10	https://learningenglish.voanews.com/a/a-23-a-2002-11-04-1-1-83109027/119698.html	36	script	list:script.txt	2	correct	1	VOICE ONE:
precision-B	<=10	https://learningenglish.voanews.com/a/roberto-clemente-1934-1972-the-first-latino-baseball-player-honored-in-the-baseball-hall-of-fame--90528109/116386.html	4	script	list:script.txt	2	correct	1	FAITH LAPIDUS:
precision-B	<=10	https://learningenglish.voanews.com/a/a-23-2005-07-20-voa3-83126152/124804.html	27	script	list:script.txt	2	correct	1	VOICE TWO:
precision-B	<=10	https://learningenglish.voanews.com/a/a-23-2006-03-13-voa1-83130027/126230.html	6	script	list:script.txt	2	correct	1	VOICE ONE:
precision-B	<=10	https://learningenglish.voanews.com/a/a-23-a-2004-02-29-2-1-83119817/122527.html	38	script	list:script.txt	2	correct	1	VOICE TWO:
precision-B	<=10	https://learningenglish.voanews.com/a/trump-profile-america-elects-2016/3585293.html	21	presenter	list:presenter.txt	3	correct	1	I’m Caty Weaver.
precision-B	<=10	https://learningenglish.voanews.com/a/no-one-killer-among-youth-traffic-accidents/3017358.html	14	presenter	list:presenter.txt	3	correct	1	I’m Mario Ritter.
precision-B	<=10	https://learningenglish.voanews.com/a/have-we-found-the-first-moon-outside-the-solar-system/4599869.html	16	presenter	list:presenter.txt	3	correct	1	I’m Caty Weaver.
precision-B	<=10	https://learningenglish.voanews.com/a/a-23-2006-05-15-voa1-83129227/125946.html	1	programme	list:programme.txt	8	correct	1	Now, the VOA Special English program, American Stories.
precision-B	<=10	https://learningenglish.voanews.com/a/a-23-a-2002-11-15-3-1-83112027/120341.html	31	script	list:script.txt	2	correct	1	VOICE TWO:
precision-B	<=10	https://learningenglish.voanews.com/a/seven-year-old-changes-people-s-ideas-about-disabilities/5667731.html	19	presenter	list:presenter.txt	3	correct	1	I’m Alice Bryant.
precision-B	<=10	https://learningenglish.voanews.com/a/a-23-2006-08-24-voa1-83127937/125458.html	1	script	direction	1	correct	1	(MUSIC)
precision-B	<=10	https://learningenglish.voanews.com/a/a-23-2005-10-16-voa2-83123892/123989.html	17	script	list:script.txt	2	correct	1	VOICE TWO:
precision-B	<=10	https://learningenglish.voanews.com/a/a-23-a-2002-11-22-2-1-83112282/120431.html	12	script	list:script.txt	2	correct	1	VOICE 2:
precision-B	<=10	https://learningenglish.voanews.com/a/a-23-2007-04-08-voa2-83132187/126969.html	9	script	list:script.txt	2	correct	1	VOICE TWO:
precision-B	<=10	https://learningenglish.voanews.com/a/mexico-discovers-another-ancient-mayan-city-/7147198.html	13	presenter	list:presenter.txt	3	correct	1	I’m John Russell.
precision-B	<=10	https://learningenglish.voanews.com/a/a-23-2007-10-15-voa1-83134312/127726.html	1	script	direction	1	correct	1	(MUSIC)
precision-B	<=10	https://learningenglish.voanews.com/a/ghana-artist-finds-new-market-for-hand-painted-movie-posters/6462909.html	15	presenter	list:presenter.txt	3	correct	1	I’m Bryan Lynn.
precision-B	<=10	https://learningenglish.voanews.com/a/a-23-2009-11-17-voa3-83143607/130394.html	45	script	list:script.txt	2	correct	1	VOICE TWO:
precision-B	<=10	https://learningenglish.voanews.com/a/a-23-a-2002-12-19-1-1-83110492/119922.html	52	script	list:script.txt	2	correct	1	VOICE TWO:
precision-B	<=10	https://learningenglish.voanews.com/a/drones-will-soon-begin-delivering-burritos-to-students-at-virginia-tech/3500907.html	19	presenter	list:presenter.txt	3	correct	1	I’m Bryan Lynn.
precision-B	<=10	https://learningenglish.voanews.com/a/nigeria-boko-haram-attacks-car/1796460.html	20	presenter	list:presenter.txt	3	correct	1	I’m Steve Ember.
precision-B	<=10	https://learningenglish.voanews.com/a/a-23-2006-03-31-voa1-83129862/126156.html	0	script	direction	1	correct	1	(MUSIC)
precision-B	<=10	https://learningenglish.voanews.com/a/a-23-2009-07-30-voa3-83141632/129854.html	27	script	list:script.txt	2	correct	1	FAITH LAPIDUS:
precision-B	<=10	https://learningenglish.voanews.com/a/a-23-2009-06-18-voa1-83143167/116333.html	20	script	direction	1	correct	1	(MUSIC)
precision-B	<=10	https://learningenglish.voanews.com/a/voa-newscast-february-1/3171804.html	1	programme	list:programme.txt	6	correct	1	From Washington, this is VOA News.
precision-B	<=10	https://learningenglish.voanews.com/a/a-23-a-2001-10-10-2-1-83032677/118980.html	42	script	list:script.txt	2	correct	1	VOICE ONE:
precision-B	<=10	https://learningenglish.voanews.com/a/a-23-2006-12-03-voa8-83130942/112367.html	32	script	direction	1	correct	1	(MUSIC)
precision-B	<=10	https://learningenglish.voanews.com/a/a-23-a-2004-11-30-1-1-83122887/123588.html	42	script	list:script.txt	2	correct	1	VOICE TWO:
precision-B	<=10	https://learningenglish.voanews.com/a/north-korea-sends-intermediate-range-missile-over-japan/6775689.html	19	presenter	list:presenter.txt	3	correct	1	I’m Jill Robbins.
precision-B	<=10	https://learningenglish.voanews.com/a/war-in-europe-expands-us-121661844/116109.html	20	script	direction	1	correct	1	(SOUND)
precision-B	<=10	https://learningenglish.voanews.com/a/a-23-a-2001-11-05-2-1-83034942/119563.html	13	script	list:script.txt	2	correct	1	VOICE ONE:
precision-B	<=10	https://learningenglish.voanews.com/a/a-23-2005-10-04-voa4-83127397/125265.html	16	script	list:script.txt	2	correct	1	VOICE TWO:
precision-B	<=10	https://learningenglish.voanews.com/a/a-23-2008-09-03-voa2-83136647/128521.html	12	script	list:script.txt	2	correct	1	VOICE ONE:
precision-B	<=10	https://learningenglish.voanews.com/a/making-music-together-121467669/114430.html	57	script	direction	1	correct	1	(MUSIC)
precision-B	<=10	https://learningenglish.voanews.com/a/pacific-ocean-castaways-rescued/3292544.html	10	presenter	list:presenter.txt	3	correct	1	I’m Dan Friedell.
precision-B	<=10	https://learningenglish.voanews.com/a/philippines-looking-at-ecotourism-south-china-sea/2932992.html	12	presenter	list:presenter.txt	3	correct	1	I’m Jonathan Evans.
precision-B	<=10	https://learningenglish.voanews.com/a/california-group-loans-money-people-83-countries-kiva/3522363.html	40	presenter	list:presenter.txt	3	correct	1	I’m Bruce Alpert.
precision-B	<=10	https://learningenglish.voanews.com/a/a-23-2007-11-21-voa2-83131747/126790.html	42	script	direction	1	correct	1	(MUSIC)
precision-B	<=10	https://learningenglish.voanews.com/a/a-23-a-2003-05-20-1-1-83117217/121729.html	1	script	list:script.txt	2	correct	1	VOICE ONE:
precision-B	<=10	https://learningenglish.voanews.com/a/a-23-2009-07-19-voa2-83143362/130364.html	5	script	list:script.txt	2	correct	1	VOICE ONE:
precision-B	<=10	https://learningenglish.voanews.com/a/a-23-2009-02-16-voa1-83141392/129778.html	61	script	list:script.txt	2	correct	1	VOICE ONE:
precision-B	<=10	https://learningenglish.voanews.com/a/kay-yow-1942-2009-and-betty-jameson-1919-2009-they-changed-the-world-of-sports-for-women-130855773/116610.html	0	presenter	label+list:presenter.txt	5	correct	1	STEVE EMBER: I’m Steve Ember.
precision-B	<=10	https://learningenglish.voanews.com/a/a-23-2007-03-13-voa1-83135117/127975.html	23	script	list:script.txt	2	correct	1	VOICE TWO:
precision-B	<=10	https://learningenglish.voanews.com/a/a-23-2005-05-24-voa1-83124667/124298.html	5	script	patterns.tsv:line:2	7	correct	1	"(MUSIC: ""LITTLE MARTHA"" BY THE ALLMAN BROTHERS)"
precision-B	<=10	https://learningenglish.voanews.com/a/a-23-2008-10-05-voa4-83139152/129111.html	19	script	direction	1	correct	1	(MUSIC)
precision-B	<=10	https://learningenglish.voanews.com/a/everyday-grammar-thanksgiving-and-english-grammar/3606052.html	51	presenter	list:presenter.txt	4	correct	1	And I'm John Russell.
precision-B	<=10	https://learningenglish.voanews.com/a/a-23-a-2004-09-07-1-1-83118492/122179.html	54	script	list:script.txt	2	correct	1	VOICE ONE:
precision-B	<=10	https://learningenglish.voanews.com/a/a-23-2006-08-27-voa1-83129827/126140.html	28	script	list:script.txt	2	correct	1	VOICE ONE:
precision-B	<=10	https://learningenglish.voanews.com/a/a-23-2009-02-09-voa3-83144172/130565.html	26	script	list:script.txt	2	correct	1	VOICE ONE:
precision-B	<=10	https://learningenglish.voanews.com/a/4057742.html	25	programme	list:programme.txt	9	correct	1	And that's all for this Words and Their Stories.
precision-B	<=10	https://learningenglish.voanews.com/a/a-23-a-2003-05-29-1-1-83114627/121042.html	27	script	list:script.txt	2	correct	1	VOICE ONE:
precision-B	<=10	https://learningenglish.voanews.com/a/a-23-2009-01-20-voa4-83142042/129980.html	2	script	list:script.txt	2	correct	1	VOICE TWO:
precision-B	<=10	https://learningenglish.voanews.com/a/lana-del-rey-song-teaches-about-figurative-language/6547775.html	62	presenter	list:presenter.txt	3	correct	1	I’m Faith Pirlo.
precision-B	<=10	https://learningenglish.voanews.com/a/a-23-a-2004-01-07-3-1-83120692/122650.html	2	script	list:script.txt	2	correct	1	VOICE ONE:
precision-B	<=10	https://learningenglish.voanews.com/a/a-23-2008-07-05-voa4-83140132/129342.html	48	script	list:script.txt	2	correct	1	VOICE TWO:
precision-B	<=10	https://learningenglish.voanews.com/a/age-70-social-media-personalities-change-people-s-ideas/6216108.html	27	presenter	list:presenter.txt	7	correct	1	I’m Anna Matteo. And I’m Alice Bryant.
precision-B	<=10	https://learningenglish.voanews.com/a/this-classical-music-is-not-what-you-might-think-98211809/114089.html	61	script	list:script.txt	2	correct	1	VOICE TWO:
precision-B	<=10	https://learningenglish.voanews.com/a/a-23-2010-01-17-voa1-84658937/116385.html	0	script	list:script.txt	2	correct	1	VOICE ONE:
precision-B	<=10	https://learningenglish.voanews.com/a/a-23-2006-12-31-voa2-83132427/127037.html	0	script	direction	1	correct	1	(MUSIC)
precision-B	<=10	https://learningenglish.voanews.com/a/a-23-a-2004-04-28-3-1-83122847/123577.html	0	programme	patterns.tsv:line:1	4	correct	1	Broadcast: April 29, 2004
precision-B	<=10	https://learningenglish.voanews.com/a/a-23-2009-06-04-voa2-83142372/130059.html	1	programme	list:programme.txt	8	correct	1	Welcome to AMERICAN MOSAIC in VOA Special English.
precision-B	<=10	https://learningenglish.voanews.com/a/a-23-2009-09-09-voa1-83142032/129971.html	44	script	list:script.txt	2	correct	1	VOICE ONE:
precision-B	<=10	https://learningenglish.voanews.com/a/a-traditional-thanksgiving-meal-with-modern-shortcuts-109959634/112121.html	0	programme	list:programme.txt	8	correct	1	This is the VOA Special English Agriculture Report.
precision-B	<=10	https://learningenglish.voanews.com/a/a-23-2005-10-05-voa4-83125022/124453.html	10	script	list:script.txt	2	correct	1	VOICE ONE:
precision-B	<=10	https://learningenglish.voanews.com/a/iran-marks-41-years-of-islamic-revolution-/5283831.html	11	presenter	list:presenter.txt	4	correct	1	I’m Mario Ritter, Jr.
precision-B	<=10	https://learningenglish.voanews.com/a/a-23-2009-05-12-voa1-83143482/130393.html	19	script	list:script.txt	2	correct	1	VOICE TWO:
precision-B	<=10	https://learningenglish.voanews.com/a/a-23-2006-01-22-voa4-83128337/125606.html	44	script	list:script.txt	2	correct	1	VOICE ONE:
precision-B	<=10	https://learningenglish.voanews.com/a/a-23-a-2004-02-02-1-1-83123152/123717.html	4	script	direction	1	correct	1	(MUSIC)
precision-B	<=10	https://learningenglish.voanews.com/a/a-23-2006-02-03-voa1-83131362/126690.html	31	script	list:script.txt	1	correct	1	HOST:
precision-B	<=10	https://learningenglish.voanews.com/a/a-23-2005-09-27-voa2-83123592/123897.html	6	script	list:script.txt	2	correct	1	VOICE ONE:
precision-B	<=10	https://learningenglish.voanews.com/a/a-23-a-2001-08-29-1-1-83034157/119346.html	0	programme	list:programme.txt	8	correct	1	This is the VOA Special English Science Report.
precision-B	<=10	https://learningenglish.voanews.com/a/a-23-2006-08-27-voa3-83128197/125579.html	4	script	list:script.txt	2	correct	1	VOICE ONE:
precision-B	<=10	https://learningenglish.voanews.com/a/a-23-2005-05-01-voa2-83127202/125170.html	39	script	list:script.txt	2	correct	1	VOICE TWO:
precision-B	<=10	https://learningenglish.voanews.com/a/a-23-a-2003-01-30-1-1-83116747/121563.html	11	script	list:script.txt	1	correct	1	ANNCR:
precision-B	<=10	https://learningenglish.voanews.com/a/a-23-2006-02-05-voa3-83128017/125498.html	20	script	direction	1	correct	1	(MUSIC)
precision-B	<=10	https://learningenglish.voanews.com/a/a-23-a-2002-08-28-1-1-83112307/120442.html	39	script	list:script.txt	2	correct	1	VOICE 2:
precision-B	<=10	https://learningenglish.voanews.com/a/a-23-a-2003-07-22-2-1-83115842/121417.html	34	script	list:script.txt	2	correct	1	VOICE TWO:
precision-B	<=10	https://learningenglish.voanews.com/a/a-23-2008-04-14-voa2-83139627/129249.html	17	script	list:script.txt	2	correct	1	VOICE TWO:
precision-B	<=10	https://learningenglish.voanews.com/a/neo-nazi-groups-rise-in-brazil/7138613.html	17	presenter	list:presenter.txt	3	correct	1	I’m Dan Novak.
precision-B	<=10	https://learningenglish.voanews.com/a/a-23-a-2001-12-13-2-1-83034912/119555.html	31	script	list:script.txt	1	correct	1	ANNCR:
precision-B	<=10	https://learningenglish.voanews.com/a/green-eyed-monsters-and-other-uses-of-green-/5815688.html	29	presenter	list:presenter.txt	5	correct	1	Until next time…I’m Anna Matteo.
precision-B	<=10	https://learningenglish.voanews.com/a/a-23-2007-04-25-voa1-83133327/127367.html	25	script	list:script.txt	2	correct	1	VOICE TWO:
precision-B	<=10	https://learningenglish.voanews.com/a/a-23-2008-11-18-voa1-83137772/128733.html	44	script	list:script.txt	2	correct	1	VOICE TWO:
precision-B	<=10	https://learningenglish.voanews.com/a/story-of-somali-pirates-fishing-without-nets/2500423.html	15	presenter	list:presenter.txt	3	correct	1	I’m Jeri Watson.
precision-B	<=10	https://learningenglish.voanews.com/a/a-23-2008-03-15-voa1-83135612/128132.html	8	script	list:script.txt	2	correct	1	VOICE TWO:
precision-B	<=10	https://learningenglish.voanews.com/a/a-23-2007-05-02-voa2-83132022/126892.html	5	script	direction	1	correct	1	(MUSIC)
precision-B	<=10	https://learningenglish.voanews.com/a/run-something-up-the-flagpole-to-test-an-idea/7205585.html	15	programme	list:credits.txt	9	correct	1	Anna Matteo wrote this lesson for VOA Learning English.
precision-B	<=10	https://learningenglish.voanews.com/a/scientists-create-tool-to-interpret-pig-emotions/6479562.html	18	presenter	list:presenter.txt	3	correct	1	I’m Bryan Lynn.
precision-B	<=10	https://learningenglish.voanews.com/a/a-23-a-2002-08-13-2-1-83109112/119745.html	2	script	list:script.txt	2	correct	1	VOICE 2:
precision-B	<=10	https://learningenglish.voanews.com/a/tractor-pulls-farmers-comments-no-doubt-beegees-snoop/1489985.html	1	script	direction	1	correct	1	(MUSIC)
precision-B	<=10	https://learningenglish.voanews.com/a/a-23-a-2002-08-01-1-1-83111827/120259.html	28	script	list:script.txt	1	correct	1	HOST:
precision-B	<=10	https://learningenglish.voanews.com/a/a-23-2007-06-11-voa1-83134397/127759.html	0	script	list:script.txt	2	correct	1	VOICE ONE:
precision-B	<=10	https://learningenglish.voanews.com/a/a-23-2008-03-06-voa1-83139157/129113.html	28	script	list:script.txt	1	correct	1	HOST:
precision-B	<=10	https://learningenglish.voanews.com/a/a-23-2009-09-11-voa2-83140517/118590.html	1	script	direction	1	correct	1	(MUSIC)
precision-B	<=10	https://learningenglish.voanews.com/a/facebook-angers-small-oregon-town-with-plan-for-undersea-cable/5240388.html	19	presenter	list:presenter.txt	3	correct	1	I’m Ashley Thompson.
precision-B	<=10	https://learningenglish.voanews.com/a/liberia-amputeee-soccer-team-in-us/2964940.html	23	presenter	list:presenter.txt	3	correct	1	I’m Bob Doughty.
precision-B	<=10	https://learningenglish.voanews.com/a/a-23-a-2003-12-15-1-1-83117797/121940.html	26	script	list:script.txt	2	correct	1	VOICE ONE:
precision-B	<=10	https://learningenglish.voanews.com/a/longleaf-pines-return-to-southern-grasslands/5720412.html	20	presenter	list:presenter.txt	3	correct	1	I’m Jill Robbins.
precision-B	<=10	https://learningenglish.voanews.com/a/a-23-2005-12-06-voa3-83124572/124253.html	30	script	direction	1	correct	1	(MUSIC)
precision-B	<=10	https://learningenglish.voanews.com/a/will-immigrants-save-us-economy-/7484364.html	19	presenter	list:presenter.txt	3	correct	1	I'm Gregory Stachel.
precision-B	<=10	https://learningenglish.voanews.com/a/groups-seek-4-billion-for-child-vaccines--102915179/115007.html	0	programme	list:programme.txt	8	correct	1	This is the VOA Special English Health Report.
precision-B	<=10	https://learningenglish.voanews.com/a/a-23-2007-03-29-voa3-83134437/127778.html	4	script	direction	1	correct	1	(MUSIC)
precision-B	<=10	https://learningenglish.voanews.com/a/europe-is-eu-study/3376732.html	10	presenter	list:presenter.txt	3	correct	1	I’m Pete Musto.
precision-B	<=10	https://learningenglish.voanews.com/a/a-23-2008-01-01-voa1-83139317/129164.html	2	script	list:script.txt	2	correct	1	VOICE TWO:
precision-B	<=10	https://learningenglish.voanews.com/a/tech-problems-fixes/3564944.html	57	presenter	list:presenter.txt	3	correct	1	I’m Pete Musto.
precision-B	<=10	https://learningenglish.voanews.com/a/big-bambu-arcade-fire-100538849/112433.html	14	script	direction	1	correct	1	(SOUND)
precision-B	<=10	https://learningenglish.voanews.com/a/mesh-networks-keep-americans-connected-during-natural-disasters/4015988.html	18	presenter	list:presenter.txt	3	correct	1	I’m Jonathan Evans.
precision-B	<=10	https://learningenglish.voanews.com/a/a-23-2007-03-20-voa2-83133702/127510.html	30	script	list:script.txt	2	correct	1	VOICE TWO:
precision-B	<=10	https://learningenglish.voanews.com/a/businesses-recover-from-major-worldwide-tech-outage/7711099.html	18	presenter	list:presenter.txt	3	correct	1	I’m Bryan Lynn.
precision-B	<=10	https://learningenglish.voanews.com/a/a-23-a-2003-04-21-1-1-83115007/121148.html	20	script	list:script.txt	2	correct	1	VOICE TWO:
precision-B	<=10	https://learningenglish.voanews.com/a/a-23-a-2001-10-12-1-1-83032697/118989.html	27	script	list:script.txt	2	correct	1	VOICE TWO:
precision-B	<=10	https://learningenglish.voanews.com/a/a-23-2008-09-03-voa2-83136647/128521.html	32	script	direction	1	correct	1	(MUSIC)
precision-B	<=10	https://learningenglish.voanews.com/a/a-23-2009-08-25-voa1-83140912/129607.html	46	script	list:script.txt	2	correct	1	VOICE ONE:
precision-B	<=10	https://learningenglish.voanews.com/a/count-of-greater-one-horned-rhinoceros-in-nepal-shows-increased-population-125351348/115286.html	11	script	direction	1	correct	1	(MUSIC)
precision-B	<=10	https://learningenglish.voanews.com/a/different-from-or-than-/7553685.html	8	script	list:script.txt	1	correct	1	Answer
precision-B	<=10	https://learningenglish.voanews.com/a/a-23-2007-02-11-voa2-83134382/127756.html	5	script	list:script.txt	2	correct	1	VOICE TWO:
precision-B	<=10	https://learningenglish.voanews.com/a/a-23-2005-11-01-voa1-83124352/124155.html	52	script	list:script.txt	2	correct	1	VOICE ONE:
precision-B	<=10	https://learningenglish.voanews.com/a/a-23-2009-03-28-voa1-83140967/129643.html	25	script	direction	1	correct	1	(MUSIC)
precision-B	<=10	https://learningenglish.voanews.com/a/words-and-their-stories-hobsons-choice-119976004/118765.html	13	script	direction	1	correct	1	(MUSIC)
precision-B	<=10	https://learningenglish.voanews.com/a/can-music-help-your-pain/1861832.html	49	presenter	list:presenter.txt	3	correct	1	I’m Jim Tedder.
precision-B	<=10	https://learningenglish.voanews.com/a/a-23-2009-06-15-voa2-83142847/130224.html	38	script	list:script.txt	2	correct	1	VOICE TWO:
precision-B	<=10	https://learningenglish.voanews.com/a/a-23-2007-09-20-voa1-83135012/127952.html	0	script	list:script.txt	1	correct	1	HOST:
precision-B	<=10	https://learningenglish.voanews.com/a/a-23-2005-12-21-voa3-83125327/124537.html	3	script	direction	1	correct	1	(MUSIC)
precision-B	<=10	https://learningenglish.voanews.com/a/a-23-2006-02-22-voa2-83127577/125339.html	14	script	list:script.txt	2	correct	1	VOICE TWO:
precision-B	<=10	https://learningenglish.voanews.com/a/a-23-a-2004-05-22-1-1-83121422/122885.html	2	script	list:script.txt	2	correct	1	VOICE ONE:
precision-B	<=10	https://learningenglish.voanews.com/a/a-23-a-2003-03-11-1-1-83115537/121361.html	30	script	list:script.txt	2	correct	1	VOICE TWO:
precision-B	<=10	https://learningenglish.voanews.com/a/4058079.html	13	presenter	list:presenter.txt	3	correct	1	I’m Jonathan Evans.
precision-B	<=10	https://learningenglish.voanews.com/a/to-me-vs-for-me/6639621.html	43	presenter	list:presenter.txt	3	correct	1	I’m Faith Pirlo.
precision-B	<=10	https://learningenglish.voanews.com/a/a-23-2008-08-03-voa1-83140142/129343.html	0	programme	list:programme.txt	8	correct	1	This is the VOA Special English Development Report.
precision-B	<=10	https://learningenglish.voanews.com/a/are-you-a-bull-in-a-china-shop-/7059316.html	18	programme	list:credits.txt	9	correct	1	Anna Matteo wrote this lesson for VOA Learning English.
precision-B	<=10	https://learningenglish.voanews.com/a/programs-aim-to-increase-number-of-black-doctors/7275214.html	32	presenter	list:presenter.txt	7	correct	1	I’m Caty Weaver. And I’m Dan Friedell.
precision-B	<=10	https://learningenglish.voanews.com/a/a-23-a-2004-11-23-1-1-83121077/122745.html	23	script	list:script.txt	2	correct	1	VOICE ONE:
precision-B	<=10	https://learningenglish.voanews.com/a/melania-trump-wants-to-be-best/5569682.html	30	presenter	list:presenter.txt	3	correct	1	I’m Alice Bryant.
precision-B	<=10	https://learningenglish.voanews.com/a/a-23-2007-10-15-voa5-83134387/127757.html	36	script	list:script.txt	2	correct	1	VOICE ONE:
precision-B	<=10	https://learningenglish.voanews.com/a/guidance-for-masks-in-schools-differs-widely-across-us-/5513243.html	25	presenter	list:presenter.txt	3	correct	1	I'm Pete Musto.
precision-B	<=10	https://learningenglish.voanews.com/a/technology-helps-americans-see-national-bird-in-the-wild/4985172.html	18	presenter	list:presenter.txt	3	correct	1	I’m Bryan Lynn.
precision-B	<=10	https://learningenglish.voanews.com/a/a-23-2009-02-16-voa1-83141392/129778.html	21	script	list:script.txt	2	correct	1	VOICE ONE:
precision-B	<=10	https://learningenglish.voanews.com/a/a-23-a-2003-05-20-1-1-83117217/121729.html	48	script	list:script.txt	2	correct	1	VOICE TWO:
precision-B	<=10	https://learningenglish.voanews.com/a/a-23-a-2003-05-29-1-1-83114627/121042.html	41	script	list:script.txt	2	correct	1	VOICE ONE:
precision-B	<=10	https://learningenglish.voanews.com/a/a-23-2006-02-18-voa3-83128577/125707.html	15	script	list:script.txt	2	correct	1	VOICE TWO:
precision-B	<=10	https://learningenglish.voanews.com/a/a-23-2007-11-24-voa1-83132652/127115.html	2	script	list:script.txt	2	correct	1	VOICE TWO:
precision-B	<=10	https://learningenglish.voanews.com/a/a-23-2008-10-05-voa4-83139152/129111.html	20	script	list:script.txt	2	correct	1	VOICE TWO:
precision-B	<=10	https://learningenglish.voanews.com/a/a-23-2007-07-31-voa2-83132662/127118.html	2	script	direction	1	correct	1	(MUSIC)
precision-B	<=10	https://learningenglish.voanews.com/a/a-23-2008-09-18-voa1-83138297/128847.html	39	script	direction	1	correct	1	(MUSIC)
precision-B	<=10	https://learningenglish.voanews.com/a/a-23-a-2003-05-09-2-1-83116447/121512.html	20	script	list:script.txt	2	correct	1	VOICE ONE:
precision-B	<=10	https://learningenglish.voanews.com/a/american-history-president-clintons-legal-problems-141898323/611499.html	53	script	direction	1	correct	1	(MUSIC)
precision-B	<=10	https://learningenglish.voanews.com/a/a-23-2009-12-22-voa3-83140807/129572.html	48	script	direction	1	correct	1	(MUSIC)
precision-B	<=10	https://learningenglish.voanews.com/a/climate-change-sea-levels-and-arctic-temperatures-rise/3203794.html	15	presenter	list:presenter.txt	3	correct	1	I’m Anne Ball.
precision-B	<=10	https://learningenglish.voanews.com/a/a-23-a-2002-03-19-1-1-83111802/120262.html	24	script	list:script.txt	2	correct	1	VOICE TWO:
precision-B	<=10	https://learningenglish.voanews.com/a/low-coal-prices-mean-heavy-smog-in-china/3683766.html	29	presenter	list:presenter.txt	3	correct	1	I’m Anne Ball.
precision-B	<=10	https://learningenglish.voanews.com/a/a-23-2009-02-21-voa1-83142307/130033.html	14	script	list:script.txt	2	correct	1	VOICE ONE:
precision-B	<=10	https://learningenglish.voanews.com/a/a-23-2005-07-02-voa1-83124797/124353.html	5	script	direction	1	correct	1	(MUSIC)
precision-B	<=10	https://learningenglish.voanews.com/a/a-23-a-2003-07-07-3-1-83116717/121549.html	29	script	list:script.txt	2	correct	1	VOICE ONE:
precision-B	<=10	https://learningenglish.voanews.com/a/llama-antibodies-could-help-in-fight-against-coronavirus-/6014407.html	16	presenter	list:presenter.txt	3	correct	1	I’m John Russell.
precision-B	<=10	https://learningenglish.voanews.com/a/nasa-celebrates-glorious-past-while-facing-uncertain-future-140653783/116339.html	42	script	direction	1	correct	1	(MUSIC)
precision-B	<=10	https://learningenglish.voanews.com/a/un-chief-rising-seas-a-death-sentence-for-some-nations/6964400.html	15	presenter	list:presenter.txt	4	correct	1	I’m mario Ritter, Jr.
precision-B	<=10	https://learningenglish.voanews.com/a/a-23-a-2003-05-14-1-1-83116552/121529.html	34	script	direction	1	correct	1	(MUSIC)
precision-B	<=10	https://learningenglish.voanews.com/a/a-23-2005-10-18-voa1-83124067/124070.html	5	script	list:script.txt	2	correct	1	VOICE ONE:
precision-B	<=10	https://learningenglish.voanews.com/a/a-piece-of-red-calico-101184424/114108.html	94	script	list:script.txt	2	correct	1	BOB DOUGHTY:
precision-B	<=10	https://learningenglish.voanews.com/a/a-23-a-2002-09-09-1-1-83109057/119707.html	32	script	list:script.txt	2	correct	1	VOICE ONE:
precision-B	<=10	https://learningenglish.voanews.com/a/idioms-about-sports/5687440.html	27	presenter	list:presenter.txt	3	correct	1	I’m Armen Kassabian.
precision-B	<=10	https://learningenglish.voanews.com/a/lena-horne-1917-2010-a-star-who-broke-racial-barriers-94649189/114048.html	5	script	direction	1	correct	1	(MUSIC)
precision-B	<=10	https://learningenglish.voanews.com/a/a-23-a-2005-02-14-1-1-83124482/124207.html	49	script	list:script.txt	2	correct	1	VOICE TWO:
precision-B	<=10	https://learningenglish.voanews.com/a/independent-chefs-exchange-ideas/4301793.html	29	presenter	list:presenter.txt	3	correct	1	I’m Phil Dierking.
precision-B	<=10	https://learningenglish.voanews.com/a/electronic-skin-developed-to-recreate-sense-of-touch/5529047.html	12	presenter	list:presenter.txt	3	correct	1	I’m Bryan Lynn.
precision-B	<=10	https://learningenglish.voanews.com/a/japan-diplomatic-tensions-china-south-korea-island-dispute/1490554.html	0	programme	list:programme.txt	9	correct	1	This is IN THE NEWS in VOA Special English.
precision-B	<=10	https://learningenglish.voanews.com/a/grammar-and-the-economy-negotiations/7145357.html	60	presenter	list:presenter.txt	3	correct	1	I’m John Russell.
precision-B	<=10	https://learningenglish.voanews.com/a/a-23-a-2003-07-13-1-1-83116797/121580.html	11	script	list:script.txt	2	correct	1	VOICE TWO:
precision-B	<=10	https://learningenglish.voanews.com/a/american-history-nixon-resigns-over-watergate-135655588/116246.html	12	script	direction	1	correct	1	(MUSIC)
precision-B	<=10	https://learningenglish.voanews.com/a/a-23-2007-11-25-voa2-83133712/127512.html	33	script	list:script.txt	2	correct	1	VOICE ONE:
precision-B	<=10	https://learningenglish.voanews.com/a/a-23-a-2003-09-11-2-1-83118232/122093.html	1	programme	list:programme.txt	8	correct	1	This is the VOA Special English Environment Report.
precision-B	<=10	https://learningenglish.voanews.com/a/on-stage-the-great-american-novel-all-of-it-in-gatz-109045984/114220.html	0	programme	label+list:programme.txt	10	correct	1	DOUG JOHNSON: Welcome to AMERICAN MOSAIC in VOA Special English.
precision-B	<=10	https://learningenglish.voanews.com/a/a-23-a-2003-05-08-1-1-83116347/121526.html	39	script	list:script.txt	1	correct	1	HOST:
precision-B	11-20	https://learningenglish.voanews.com/a/a-23-a-2004-02-24-1-1-83121762/122999.html	54	programme	list:credits.txt+list:presenter.txt	19	correct	1	This Special English program was written by Paul Thompson. It was produced by Mario Ritter. This is Steve Ember.
precision-B	11-20	https://learningenglish.voanews.com/a/facebook-brazil/4010154.html	13	call_to_action	list:call_to_action.txt	18	correct	1	We want to hear from you. Write to us in the Comments Section, or visit our Facebook page.
precision-B	11-20	https://learningenglish.voanews.com/a/a-23-a-2005-03-02-2-1-83126607/124995.html	13	programme	list:credits.txt+list:presenter.txt	14	correct	1	This VOA Special English Health Report was written by Cynthia Kirk. I’m Gwen Outen.
precision-B	11-20	https://learningenglish.voanews.com/a/a-23-a-2001-11-06-2-1-83032852/119047.html	10	programme	list:credits.txt	11	correct	1	This VOA Special English SCIENCE REPORT was written by George Grow.
precision-B	11-20	https://learningenglish.voanews.com/a/a-23-a-2004-10-30-2-1-83122702/123484.html	47	programme	list:credits.txt+list:presenter.txt	17	correct	1	This program was written by Jill Moss. It was produced by Lawan Davis. This is Faith Lapidus.
precision-B	11-20	https://learningenglish.voanews.com/a/a-23-2010-02-04-voa4-84658847/112657.html	14	programme	list:credits.txt+list:presenter.txt	15	correct	1	And that's the VOA Special English Economics Report, written by Mario Ritter. I'm Steve Ember.
precision-B	11-20	https://learningenglish.voanews.com/a/a-23-a-2002-06-17-5-1-83110607/119944.html	11	programme	list:credits.txt	11	correct	1	This VOA Special English ENVIRONMENT REPORT was written by Cynthia Kirk.
precision-B	11-20	https://learningenglish.voanews.com/a/madrid-becomes-the-latest-city-to-open-public-napping-space/3976843.html	19	call_to_action	list:call_to_action.txt	18	correct	1	We want to hear from you. Write to us in the Comments section, and visit our Facebook page.
precision-B	11-20	https://learningenglish.voanews.com/a/fair-singalong-conservation-santa-cruz-pakistani-chef/1517887.html	0	programme	list:programme.txt+list:presenter.txt	12	correct	1	Welcome to THIS IS AMERICA in VOA Special English. I’m Barbara Klein.
precision-B	11-20	https://learningenglish.voanews.com/a/chinese-migrants-protest-unpaid-wages/3688477.html	29	call_to_action	list:call_to_action.txt	13	correct	1	We want to hear from you. Write to us in the Comments Section.
precision-B	11-20	https://learningenglish.voanews.com/a/a-23-a-2001-07-31-4-1-83033637/119241.html	7	programme	list:credits.txt	11	correct	1	This VOA Special English Development Report was written by Jill Moss.
precision-B	11-20	https://learningenglish.voanews.com/a/a-23-2008-02-19-voa2-83136722/128553.html	1	programme	list:programme.txt+list:presenter.txt	13	correct	1	This is SCIENCE IN THE NEWS in VOA Special English. I'm Bob Doughty.
precision-B	11-20	https://learningenglish.voanews.com/a/ban-ki-moon-prepares-to-end-his-term-as-un-chief/3632884.html	18	call_to_action	list:call_to_action.txt	18	correct	1	We want to hear from you. Write to us in the Comments Section, or visit our Facebook page.
precision-B	11-20	https://learningenglish.voanews.com/a/scientists-grow-mini-organs-in-cells-from-pregnancy-fluid/7517633.html	1	programme	list:programme.txt	11	correct	1	From VOA Learning English, this is the Health and Lifestyle report.
precision-B	11-20	https://learningenglish.voanews.com/a/a-23-2008-03-26-voa2-83137547/128693.html	11	programme	list:credits.txt+list:presenter.txt	15	correct	1	And that's the VOA Special English Education Report, written by Nancy Steinbach. I'm Steve Ember.
precision-B	11-20	https://learningenglish.voanews.com/a/a-23-a-2004-05-02-1-1-83122947/123622.html	3	programme	list:programme.txt+list:presenter.txt	12	correct	1	Welcome to THIS IS AMERICA, in VOA Special English. I’m Faith Lapidus.
precision-B	11-20	https://learningenglish.voanews.com/a/airplanes-need-better-information-for-flights-over-conflict-areas/4798835.html	13	call_to_action	list:call_to_action.txt	12	correct	1	Write to us in the Comments Section or on our Facebook page.
precision-B	11-20	https://learningenglish.voanews.com/a/a-23-a-2003-07-10-2-1-83115592/121348.html	10	programme	list:credits.txt	11	correct	1	This VOA Special English Environment Report was written by Caty Weaver.
precision-B	11-20	https://learningenglish.voanews.com/a/a-23-2009-04-01-voa2-83141567/129829.html	1	programme	list:programme.txt	14	correct	1	Welcome to the MAKING OF A NATION -- American history in VOA Special English.
precision-B	11-20	https://learningenglish.voanews.com/a/a-23-a-2002-12-26-2-1-83110857/120025.html	3	programme	list:programme.txt	11	correct	1	Welcome to AMERICAN MOSAIC -- VOA’s radio magazine in Special English.
precision-B	11-20	https://learningenglish.voanews.com/a/protective-devices-automobile-accidents-guns-117098688/115166.html	37	programme	label+list:credits.txt+list:presenter.txt	20	correct	1	CHRISTOPHER CRUISE: This SCIENCE IN THE NEWS was written by Jerilyn Watson. Our producer was June Simms. I’m Christopher Cruise.
precision-B	11-20	https://learningenglish.voanews.com/a/recovering-objects-of-war-helps-to-heal-wounds/4840060.html	20	call_to_action	list:call_to_action.txt	13	correct	1	We want to hear from you. Write to us in the Comments Section.
precision-B	11-20	https://learningenglish.voanews.com/a/ark-theme-park/3407996.html	17	call_to_action	list:call_to_action.txt	18	correct	1	We want to hear from you. Write to us in the Comments Section or visit our Facebook page.
precision-B	11-20	https://learningenglish.voanews.com/a/article-1930s-britain-calls-for-peace-in-our-time-121285834/116104.html	0	programme	label+list:programme.txt	14	correct	1	STEVE EMBER: Welcome to The Making of a Nation—American history in VOA Special English.
precision-B	11-20	https://learningenglish.voanews.com/a/a-23-a-2004-04-01-2-1-83119867/122545.html	12	programme	list:credits.txt+list:presenter.txt	15	correct	1	This VOA Special English Economics Report was written by Mario Ritter. This is Bob Doughty.
precision-B	11-20	https://learningenglish.voanews.com/a/nasa-observer-discovers-earth-sized-world-in-habitable-zone-/5239095.html	19	call_to_action	list:call_to_action.txt	18	correct	1	We want to hear from you. Write to us in the Comments section, and visit our Facebook page.
precision-B	11-20	https://learningenglish.voanews.com/a/a-23-a-2003-01-09-2-1-83116852/121608.html	8	programme	list:credits.txt	11	correct	1	This VOA Special English ENVIRONMENT REPORT was written by George Grow.
precision-B	11-20	https://learningenglish.voanews.com/a/african-films-explore-sense-time/3469297.html	21	call_to_action	list:call_to_action.txt	13	correct	1	We want to hear from you. Write to us in the Comments Section.
precision-B	11-20	https://learningenglish.voanews.com/a/japan-to-restart-commercial-whale-hunts-in-2019/4717101.html	16	programme	list:credits.txt	17	correct	1	Mario Ritter Jr. adapted this Associated Press story for VOA Learning English. George Grow was the editor.
precision-B	11-20	https://learningenglish.voanews.com/a/a-23-2005-04-26-voa7-83124672/124295.html	10	programme	list:credits.txt+list:presenter.txt	14	correct	1	This VOA Special English Health Report was written by Cynthia Kirk. I'm Gwen Outen.
precision-B	11-20	https://learningenglish.voanews.com/a/a-23-2009-05-19-voa1-83141262/129734.html	42	programme	list:credits.txt+list:presenter.txt	15	correct	1	This program was written by Karen Leggett and produced by Mario Ritter. I'm Barbara Klein.
precision-B	11-20	https://learningenglish.voanews.com/a/a-23-a-2002-08-09-4-1-83109052/119706.html	0	presenter	list:presenter.txt	13	correct	1	This is Steve Ember with the VOA Special English program, IN THE NEWS.
precision-B	11-20	https://learningenglish.voanews.com/a/mandela-world-react/1805551.html	15	programme	list:programme.txt+list:presenter.txt	12	correct	1	And that’s In The News, from VOA Learning English. I’m Christopher Cruise.
precision-B	11-20	https://learningenglish.voanews.com/a/new-smart-cameras-help-capture-better-photo-moments/4085922.html	27	call_to_action	list:call_to_action.txt	18	correct	1	We want to hear from you. Write to us in the Comments section, and visit our Facebook page.
precision-B	11-20	https://learningenglish.voanews.com/a/rights-group-calls-on-europe-to-accept-more-refugees/4749603.html	19	call_to_action	list:call_to_action.txt	18	correct	1	We want to hear from you. Write to us in the Comments section, and visit our Facebook page.
precision-B	11-20	https://learningenglish.voanews.com/a/scientists-find-evidence-ancient-war/3156668.html	11	call_to_action	list:call_to_action.txt	18	correct	1	We want to hear from you. Write to us in the Comments Section or visit our Facebook page.
precision-B	11-20	https://learningenglish.voanews.com/a/have-you-ever-wondered-/5100151.html	21	call_to_action	list:call_to_action.txt	20	correct	1	Do you have a question for the teacher? Write to us in the Comments Section or on our Facebook page.
precision-B	11-20	https://learningenglish.voanews.com/a/a-23-2007-10-12-voa1-83134187/127690.html	13	programme	list:credits.txt+list:presenter.txt	16	correct	1	And that's IN THE NEWS in VOA Special English, written by Brianna Blake. I’m Steve Ember.
precision-B	11-20	https://learningenglish.voanews.com/a/after-elections-greece-may-renegotiate-loans/2619658.html	14	programme	list:programme.txt+list:presenter.txt	12	correct	1	And that’s the Economics Report from VOA Learning English. I’m Mario Ritter.
precision-B	>20	https://learningenglish.voanews.com/a/a-23-a-2002-12-25-2-1-83110777/119976.html	48	presenter	list:presenter.txt+list:programme.txt	23	correct	1	And this is Ray Freeman. Join us again next week for another V-O-A Special English program about the history of the United States.
precision-B	>20	https://learningenglish.voanews.com/a/commodity-prices-reach-a-two-year-high-111234854/112930.html	12	programme	list:credits.txt+list:call_to_action.txt+list:presenter.txt	27	correct	1	And that’s the VOA Special English Economics Report, written by Mario Ritter. Follow us on Facebook, Twitter, YouTube and iTunes at VOA Learning English. I’m Steve Ember.
precision-B	>20	https://learningenglish.voanews.com/a/a-23-a-2003-05-31-2-1-83114737/121064.html	42	programme	label+list:credits.txt+list:presenter.txt+list:script.txt	22	correct	1	VOICE TWO: This Special English program was written by Shelley Gollust. It was produced by Lawan Davis. I'm Steve Ember. VOICE ONE:
precision-B	>20	https://learningenglish.voanews.com/a/woody-guthrie1912-1967--he-wrote-one-of-americas-best-loved-songs-this-land-is-your-land-96661829/115457.html	30	presenter	label+list:presenter.txt+list:programme.txt	22	correct	1	STEVE EMBER: And I’m Steve Ember. Join us again next week for another PEOPLE IN AMERICA program on the Voice of America.
precision-B	>20	https://learningenglish.voanews.com/a/words-and-their-stories-how-the-rx-sign-came-to-be-134178873/118849.html	14	programme	list:credits.txt+list:presenter.txt	22	correct	1	This VOA Special English program WORDS AND THEIR STORIES was written by Frank Beardsley. The narrator was Maurice Joyce. I'm Warren Sheer.
precision-B	>20	https://learningenglish.voanews.com/a/a-23-a-2002-08-06-1-1-83111972/120328.html	6	presenter	list:presenter.txt	23	correct	1	And this is Rich Kleinfeldt with THE MAKING OF A NATION, a v-o-a Special English program about the history of the United States.
precision-B	>20	https://learningenglish.voanews.com/a/a-23-a-2003-07-29-2-1-83116037/121463.html	48	programme	list:credits.txt+list:presenter.txt	22	correct	1	This Special English program was written by Paul Thompson and Nancy Steinbach. It was produced by Paul Thompson. This is Shirley Griffith.
precision-B	>20	https://learningenglish.voanews.com/a/a-23-a-2003-06-01-1-1-83114742/121065.html	31	presenter	list:presenter.txt+list:programme.txt	27	correct	1	And I’m Phoebe Zimmermann. Join us again next week for another report about life in the United States on the VOA Special English program, THIS IS AMERICA.
precision-B	>20	https://learningenglish.voanews.com/a/students-compete-to-find-tech-solutions-for-world-problems-127964173/131280.html	0	programme	list:programme.txt	21	correct	1	Read and listen to the article. Then open the activities on the right side of the page to improve your English!
precision-C	>20	https://learningenglish.voanews.com/a/helen-keller-1880-1968-out-of-a-world-of-darkness-and-silence-she-brought-hope-to-millions-of-people-126450003/116591.html	1	presenter	label+list:presenter.txt+list:programme.txt	23	correct	1	RAY FREEMAN: And I'm Ray Freeman. Every week we tell about a person who was important in the history of the United States.
precision-C	>20	https://learningenglish.voanews.com/a/a-23-2006-01-17-voa3-83128442/125660.html	58	presenter	list:presenter.txt+list:credits.txt+list:programme.txt	33	correct	1	And I’m Pat Bodnar. Internet users can read and listen to our programs at voaspecialenglish.com. Join us again next week for more news about science in Special English on the Voice of America.
precision-C	>20	https://learningenglish.voanews.com/a/a-23-2007-05-27-voa2-83133422/127408.html	34	programme	list:credits.txt+list:presenter.txt+list:programme.txt	35	correct	1	This Special English program was written by Nancy Steinbach. The announcers were Shirley Griffith and Steve Ember. I'm Sarah Long. Listen again next week for another People in America program on the Voice of America.
precision-C	>20	https://learningenglish.voanews.com/a/a-23-2005-11-19-voa1-83127112/125165.html	15	programme	list:credits.txt+list:presenter.txt	21	correct	1	IN THE NEWS in VOA Special English was written by Nancy Steinbach. Our reports are online at voaspecialenglish.com. I'm Steve Ember.
precision-C	>20	https://learningenglish.voanews.com/a/a-23-a-2004-05-04-1-1-83122967/123630.html	60	presenter	list:presenter.txt+list:programme.txt	21	correct	1	And this is Sarah Long. Listen next week for more news about science, in Special English, on the Voice of America.
precision-C	>20	https://learningenglish.voanews.com/a/a-23-a-2003-05-08-1-1-83116347/121526.html	42	programme	list:credits.txt	22	correct	1	Our program was written by Nancy Steinbach and Caty Weaver. Our studio engineer was Rick Barnes. And our producer was Paul Thompson.
precision-C	>20	https://learningenglish.voanews.com/a/a-23-2007-02-27-voa1-83131862/126843.html	11	programme	list:credits.txt+list:presenter.txt	25	correct	1	And that's the VOA Special English Agriculture Report, written by Jerilyn Watson. Transcripts and audio files of our reports are at voaspecialenglish.com. I'm Faith Lapidus.
precision-C	>20	https://learningenglish.voanews.com/a/earths-continents-and-ocean-floors-are-always-moving-112802174/116790.html	39	programme	label+list:credits.txt+list:presenter.txt	24	correct	1	FAITH LAPIDUS: This SCIENCE IN THE NEWS program was written by Nancy Steinbach and Christopher Cruise. Our producer was Dana Demange. I’m Faith Lapidus.
precision-C	>20	https://learningenglish.voanews.com/a/treaty-brings-quick-end-to-the-spanish-american-war-98966804/115895.html	35	programme	label+list:credits.txt+list:call_to_action.txt+list:programme.txt	64	correct	1	SHIRLEY GRIFFITH: Our program was written by Frank Beardsley. The narrators were Doug Johnson and Steve Ember. You can find our series online with transcripts, MP3s, podcasts and images at voaspecialenglish.com. You can also follow us on Facebook and Twitter at VOA Learning English. Join us again next week for THE MAKING OF A NATION -- an American history series in VOA Special English.
precision-C	>20	https://learningenglish.voanews.com/a/a-visit-to-volcanoes-national-park-and-haleakala-national-park--136622828/116993.html	45	programme	list:programme.txt+list:call_to_action.txt	36	correct	1	For English learning activities and interactive features, click on The Classroom at VOA Learning English. And follow us on Facebook, Twitter, YouTube and iTunes. Join us again next week for more EXPLORATIONS in VOA Special English.
precision-C	>20	https://learningenglish.voanews.com/a/a-23-a-2001-10-07-3-1-83032652/118983.html	44	programme	list:credits.txt+list:presenter.txt	21	correct	1	This SCIENCE IN THE NEWS program was written by Mario Ritter. It was produced by George Grow. This is Bob Doughty.
precision-C	>20	https://learningenglish.voanews.com/a/mobile-phones-may-soon-test-for-stis-and-blood-pressure-111348799/115076.html	14	programme	list:credits.txt+list:presenter.txt	26	correct	1	And that's the VOA Special English Technology Report, written by June Simms. Our programs are online with transcripts and MP3 files at voaspecialenglish.com. I'm Steve Ember.
precision-C	>20	https://learningenglish.voanews.com/a/a-23-2005-06-22-voa1-83125792/124704.html	12	programme	list:credits.txt+list:presenter.txt	21	correct	1	This VOA Special English Education Report was written by Nancy Steinbach. Our reports are all online at voaspecialenglish.com. I'm Gwen Outen.
precision-C	>20	https://learningenglish.voanews.com/a/a-23-2007-01-08-voa2-83132622/127107.html	54	presenter	list:presenter.txt+list:credits.txt+list:programme.txt	24	correct	1	And I’m Doug Johnson. Our reports are online at voaspecialenglish.com. Join us again next week for Science in the News in VOA Special English.
precision-C	>20	https://learningenglish.voanews.com/a/a-23-a-2001-12-17-1-1-83034247/119408.html	48	programme	list:credits.txt+list:presenter.txt	21	correct	1	This SCIENCE IN THE NEWS program was written by George Grow. It was produced by Caty Weaver. This is Sarah Long.
precision-C	>20	https://learningenglish.voanews.com/a/a-23-2009-09-18-voa2-83141627/129853.html	58	programme	list:credits.txt+list:presenter.txt	24	correct	1	This program was written and produced by Dana Demange. You can download this program and others from our Web site, voaspecialenglish.com. I’m Steve Ember.
precision-C	>20	https://learningenglish.voanews.com/a/a-23-2009-11-26-voa4-83142467/115560.html	47	presenter	list:presenter.txt+list:credits.txt+list:call_to_action.txt	30	correct	1	I'm Doug Johnson. Our program was written and produced by Dana Demange. For transcripts, MP3s and podcasts of our programs, go to voaspecialenglish.com. You can also comment on our programs.
precision-C	>20	https://learningenglish.voanews.com/a/kenyan-communities-worry-about-new-mineral-finds/1726128.html	38	programme	list:credits.txt	24	correct	1	If you would like to reach us, send an email to learningenglish@voanews.com. Or go to our website at learningenglish.voanews.com and click on “Contact Us.”
precision-C	>20	https://learningenglish.voanews.com/a/a-23-a-2003-08-14-2-1-83117132/121700.html	42	programme	list:credits.txt+list:programme.txt	38	correct	1	Our program was written by Shelley Gollust, Karen Leggett and Caty Weaver, who was also our producer. I hope you enjoyed our program! Join us again next week for AMERICAN MOSAIC -- VOA’s radio magazine in Special English.
precision-C	>20	https://learningenglish.voanews.com/a/a-23-2006-06-05-voa2-83130882/126494.html	13	programme	list:credits.txt+list:presenter.txt	23	correct	1	This VOA Special English Agriculture Report was written by Mario Ritter. Read and listen to our reports at voaspecialenglish.com. This is Shep O'Neal.
precision-C	>20	https://learningenglish.voanews.com/a/a-23-2008-12-01-voa3-83140092/129341.html	61	presenter	list:presenter.txt+list:credits.txt+list:programme.txt	30	correct	1	And I'm Shirley Griffith. Read and listen to our programs at voaspecialenglish.com. Join us again next week for more news about science in Special English on the Voice of America.
precision-C	>20	https://learningenglish.voanews.com/a/vitamins-ng-alzheimers-disease-dinosaurs-104304734/115047.html	23	programme	label+list:programme.txt	23	correct	1	BOB DOUGHTY: You are listening to the VOA Special English program SCIENCE IN THE NEWS. With Faith Lapidus, I'm Bob Doughty in Washington.
precision-C	>20	https://learningenglish.voanews.com/a/a-23-2009-06-26-voa8-83142812/130215.html	11	programme	list:credits.txt+list:presenter.txt	24	correct	1	And that's the VOA Special English Development Report, written by June Simms. Transcripts and MP3s of our reports are at voaspecialenglish.com. I'm Steve Ember.
precision-C	>20	https://learningenglish.voanews.com/a/death-valley-a-beautiful-but-dangerous-place-126614013/116158.html	33	presenter	label+list:presenter.txt+list:programme.txt	24	correct	1	PHEOBE ZIMMERMAN: And this is Phoebe Zimmerman. Join us again next week for Explorations, a program in Special English on the Voice of America.
precision-C	>20	https://learningenglish.voanews.com/a/a-23-a-2003-01-13-1-1-83116917/121620.html	44	programme	list:credits.txt+list:presenter.txt	21	correct	1	This SCIENCE IN THE NEWS program was written by Jill Moss. It was produced by George Grow. This is Bob Doughty.
precision-C	>20	https://learningenglish.voanews.com/a/a-23-a-2005-03-08-1-1-83124937/124419.html	31	programme	list:programme.txt+list:presenter.txt	21	correct	1	You are listening to SCIENCE IN THE NEWS in VOA Special English. This is Sarah Long with Bob Doughty in Washington.
precision-C	>20	https://learningenglish.voanews.com/a/a-23-2005-12-07-voa1-83127032/125118.html	9	programme	list:credits.txt+list:presenter.txt	25	correct	1	This VOA Special English Education Report was written by Nancy Steinbach. Internet users can read and listen to our reports at voaspecialenglish.com. I’m Faith Lapidus.
precision-C	>20	https://learningenglish.voanews.com/a/a-23-2005-12-28-voa3-83127442/125272.html	10	programme	list:credits.txt+list:presenter.txt	25	correct	1	This VOA Special English Education Report was written by Dana Demange. Internet users can read and listen to our reports at voaspecialenglish.com. I’m Faith Lapidus.
precision-C	>20	https://learningenglish.voanews.com/a/a-23-a-2003-05-27-5-1-83114492/121020.html	50	presenter	list:presenter.txt+list:programme.txt	21	correct	1	And I’m Shirley Griffith. Join us again next week for EXPLORATIONS, a program in Special English on the Voice of America.
precision-C	>20	https://learningenglish.voanews.com/a/a-23-2007-08-13-voa1-83135387/128054.html	46	presenter	list:presenter.txt+list:credits.txt+list:programme.txt	33	correct	1	And I'm Barbara Klein. Read and listen to our programs at voaspecialenglish.com. Join us again at this time next week for more news about science in Special English on the Voice of America.
precision-C	>20	https://learningenglish.voanews.com/a/a-23-a-2002-10-03-1-1-83113847/120783.html	38	presenter	list:presenter.txt+list:programme.txt	31	correct	1	This is Doug Johnson. I hope you enjoyed our program today. And I hope you will join us again next week for AMERICAN MOSAIC -- VOA’s radio magazine in Special English.
precision-C	>20	https://learningenglish.voanews.com/a/a-23-2008-07-01-voa1-83136752/128566.html	49	presenter	list:presenter.txt+list:credits.txt+list:programme.txt	27	correct	1	And I'm Steve Ember. You can read scripts and download audio at our Web site, voaspecialenglish.com. Join us again next week for EXPLORATIONS in VOA Special English.
precision-C	>20	https://learningenglish.voanews.com/a/firefighters-fight-california-fires/3469265.html	20	call_to_action	list:call_to_action.txt	21	correct	1	We want to hear from you. Write to us in the Comments Section and visit us on our Facebook page. ________________________________________________________________
precision-C	>20	https://learningenglish.voanews.com/a/a-23-a-2001-12-10-3-1-83034347/119402.html	40	presenter	list:presenter.txt+list:programme.txt	23	correct	1	And I’m Steve Ember. Join us again next week at this time for another People in America program on the Voice of America.
precision-C	>20	https://learningenglish.voanews.com/a/edgar-allan-poe-1809-1849-his-poems-and-stories-are-strange-and-frightening-106377094/116509.html	57	programme	label+list:credits.txt+list:presenter.txt	24	correct	1	STEVE EMBER: This program was written by Shelley Gollust. It was produced by Lawan Davis. Our poetry reader was Richard Rael. I'm Steve Ember.
precision-C	>20	https://learningenglish.voanews.com/a/a-23-a-2004-06-30-1-1-83119087/122370.html	31	programme	list:programme.txt+list:credits.txt	38	correct	1	You have been listening to the Special English program, THE MAKING OF A NATION. Your narrators were Jack Moyles and Jack Weitzel. Our program was written by Frank Beardsley. THE MAKING OF A NATION can be heard Thursdays.
precision-C	>20	https://learningenglish.voanews.com/a/a-23-a-2004-03-21-2-1-83119097/122385.html	52	presenter	list:presenter.txt+list:programme.txt	21	correct	1	And I'm Steve Ember. Join us again next week for THIS IS AMERICA, in Special English on the Voice of America.
precision-C	>20	https://learningenglish.voanews.com/a/nat-king-cole-1919-1965-one-of-americas-most-popular-singers-144098936/611404.html	27	presenter	label+list:presenter.txt+list:programme.txt	25	correct	1	STEVE EMBER: And I’m Steve Ember. Join us again next week at this time for another People in America program on the Voice of America.
precision-C	>20	https://learningenglish.voanews.com/a/a-23-2007-03-13-voa1-83135117/127975.html	3	presenter	list:presenter.txt	24	correct	1	And this is Doug Johnson with THE MAKING OF A NATION -- a VOA Special English program about the history of the United States.
precision-C	>20	https://learningenglish.voanews.com/a/a-23-a-2002-12-26-2-1-83110857/120025.html	36	programme	list:credits.txt	28	correct	1	This AMERICAN MOSAIC program was written by Oliver Chanler, Lawan Davis, Nancy Steinbach and Paul Thompson. Our studio engineer was Jim Harmon. And our producer was Paul Thompson.
precision-C	>20	https://learningenglish.voanews.com/a/a-23-a-2002-12-21-2-1-83110652/119954.html	41	presenter	list:presenter.txt+list:programme.txt	27	correct	1	And I'm Ray Freeman. Join us again next week for another report about life in the United States on the V-O-A Special English program, THIS IS AMERICA.
precision-C	>20	https://learningenglish.voanews.com/a/height-hooks-the-passing-of-two-civil-rights-leaders-91929574/115797.html	20	programme	list:credits.txt+list:presenter.txt	26	correct	1	And that’s IN THE NEWS in VOA Special English, written by Brianna Blake. You can read and listen to our programs at voaspecialenglish.com. I’m Steve Ember.
precision-C	>20	https://learningenglish.voanews.com/a/a-23-2009-12-22-voa4-83140947/129616.html	13	programme	list:credits.txt+list:presenter.txt	29	correct	1	And that's the VOA Special English Report, written by Caty Weaver. For more health news, along with transcripts and MP3s of our reports, go to voaspecialenglish.com. I'm Steve Ember.
precision-C	>20	https://learningenglish.voanews.com/a/todd-duncan-opened-doors-for-other-black-classical-music-singers-86671132/113975.html	40	presenter	label+list:presenter.txt+list:programme.txt	21	correct	1	RICH KLEINFELDT: And I'm Rich Kleinfeldt. Listen again next week for another PEOPLE IN AMERICA program on the Voice of America.
precision-C	>20	https://learningenglish.voanews.com/a/navajo-nation-sees-a-shrinking-population-124815939/114500.html	50	presenter	label+list:presenter.txt+list:credits.txt+list:programme.txt	34	correct	1	DOUG JOHNSON: I’m Doug Johnson. Our program was written by Chris Cruise, Dana Demange and Caty Weaver, who was also the producer. Join us again next week for AMERICAN MOSAIC in VOA Special English.
precision-C	>20	https://learningenglish.voanews.com/a/remembering-neil-armstrong-/1499625.html	44	presenter	label+list:presenter.txt+list:programme.txt	21	correct	1	JUNE SIMMS: I’m June Simms. Join us again next week for music and more on AMERICAN MOSAIC in VOA Special English.
precision-C	>20	https://learningenglish.voanews.com/a/scientists-call-for-quieter-ships-to-protect-whales-124741969/113154.html	40	presenter	label+list:presenter.txt+list:credits.txt+list:call_to_action.txt+list:programme.txt	41	correct	1	BARBARA KLEIN: And I’m Barbara Klein. Our programs are online with transcripts and MP3 files at voaspecialenglish.com. And you can find us on Facebook and YouTube at VOA Learning English. Join us again next week for EXPLORATIONS in VOA Special English.
precision-C	>20	https://learningenglish.voanews.com/a/a-23-2008-11-03-voa12-83139422/129188.html	11	programme	list:credits.txt+list:presenter.txt	21	correct	1	And that’s the VOA Special English Agriculture Report, written by Jerilyn Watson with additional reporting by Jessica Berman. I’m Bob Doughty.
precision-C	>20	https://learningenglish.voanews.com/a/a-23-2008-08-06-voa3-83138532/128919.html	43	programme	list:credits.txt	35	correct	1	Our program was written by Frank Beardsley. The narrators were Maurice Joyce and Stuart Spencer. Join us each week for THE MAKING OF A NATION – an American history series in VOA Special English. __
precision-C	>20	https://learningenglish.voanews.com/a/a-23-2008-11-10-voa2-83135642/128150.html	53	presenter	list:presenter.txt+list:programme.txt	21	correct	1	And I'm Barbara Klein. Listen again next week for more news about science, in Special English, on the Voice of America.
precision-C	>20	https://learningenglish.voanews.com/a/a-23-2009-04-08-voa2-83143102/113462.html	10	programme	list:credits.txt+list:presenter.txt	25	correct	1	And that's the VOA Special English Education Report, written by Nancy Steinbach. Transcripts, MP3s and podcasts of our programs are at voaspecialenglish.com. I'm Shirley Griffith.
precision-C	>20	https://learningenglish.voanews.com/a/a-23-2005-08-30-voa1-83126317/124888.html	58	presenter	list:presenter.txt+list:programme.txt	22	correct	1	And I’m Bob Doughty. Join us again next week at this time for more news about science on the Voice of America.
precision-C	>20	https://learningenglish.voanews.com/a/a-23-a-2004-07-07-1-1-83122027/123129.html	40	programme	list:programme.txt+list:credits.txt	38	correct	1	You have been listening to the Special English program, THE MAKING OF A NATION. Your narrators were Jack Moyles and Maurice Joyce. Our program was written by Frank Beardsley. THE MAKING OF A NATION can be heard Thursdays.
precision-C	>20	https://learningenglish.voanews.com/a/a-23-2007-10-08-voa1-83132132/126938.html	43	programme	list:credits.txt+list:presenter.txt	23	correct	1	This SCIENCE IN THE NEWS was written by Mario Ritter, Nancy Steinbach and Caty Weaver. Our producer was Brianna Blake. I'm Faith Lapidus.
precision-C	>20	https://learningenglish.voanews.com/a/a-23-2009-09-21-voa3-83141952/129940.html	56	presenter	list:presenter.txt+list:programme.txt	21	correct	1	And I'm Doug Johnson. Listen again next week for more news about science in Special English on the Voice of America.
precision-C	>20	https://learningenglish.voanews.com/a/a-23-2008-01-28-voa1-83137442/128683.html	52	presenter	list:presenter.txt+list:credits.txt+list:programme.txt	29	correct	1	And I’m Steve Ember. Read and listen to our programs at voaspecialenglish.com. Listen again next week for more news about science in Special English on the Voice of America.
precision-C	>20	https://learningenglish.voanews.com/a/a-23-a-2002-02-21-4-1-83112272/120429.html	64	programme	list:programme.txt+list:credits.txt	43	correct	1	You have been listening to the Special English program, EXPLORATIONS. Your narrators were Shirley Griffith and Ray Freeman. Our program was written and produced by Paul Thompson. Listen again next week at this time for another EXPLORATIONS program on the Voice of America.
precision-C	>20	https://learningenglish.voanews.com/a/1801065.html	48	programme	list:programme.txt+list:presenter.txt	23	correct	1	And that’s our show for today. As It Is is a production of VOA Learning English. I’m Steve Ember. See you next time.
precision-C	>20	https://learningenglish.voanews.com/a/a-23-a-2002-07-09-2-1-83113722/120761.html	54	programme	list:credits.txt+list:programme.txt	34	correct	1	This Special English program was written and produced by Paul Thompson. Your narrators were Maurice Joyce and Tony Riggs. Listen again next week to another People in America program on the Voice of America.
precision-C	>20	https://learningenglish.voanews.com/a/a-23-2007-04-19-voa2-83131982/126881.html	14	programme	list:credits.txt+list:presenter.txt	24	correct	1	And that's the VOA Special English Economics Report, written by Mario Ritter. Transcripts and archives of our reports are at voaspecialenglish.com. I'm Steve Ember.
precision-C	>20	https://learningenglish.voanews.com/a/un-african-economy/1700960.html	27	presenter	list:presenter.txt+list:programme.txt+list:credits.txt	25	correct	1	And I’m Kelly Jean Kelly. See you next time on As It Is. If you would like to reach us, send an email to learningenglish@voanews.com.
precision-C	>20	https://learningenglish.voanews.com/a/a-23-2007-06-23-voa2-83131907/126859.html	43	programme	list:credits.txt+list:presenter.txt+list:programme.txt	41	correct	1	This Special English program was written by Cynthia Kirk. It was produced by Paul Thompson. Your narrators were Steve Ember and Rich Kleinfeldt. I’m Faith Lapidus. Listen again next week for another PEOPLE IN AMERICA program on the Voice of America.
precision-C	>20	https://learningenglish.voanews.com/a/a-23-2007-07-04-voa1-83134542/127801.html	47	presenter	list:presenter.txt+list:programme.txt	23	correct	1	And this is Ray Freeman. Join us again next week for another V-O-A Special English program about the history of the United States.
precision-C	>20	https://learningenglish.voanews.com/a/these-are-not-your-usual-businesses-136907653/116602.html	53	presenter	label+list:presenter.txt+list:credits.txt+list:programme.txt	30	correct	1	BOB DOUGHTY: And I'm Bob Doughty. You can find transcripts and MP3s of our programs at voaspecialenglish.com. Join us again next week for THIS IS AMERICA in VOA Special English.
precision-C	>20	https://learningenglish.voanews.com/a/milton-hershey-1857-1945-he-created-a-successful-business-and-built-a-sweet-town-111323784/112490.html	31	presenter	label+list:presenter.txt+list:credits.txt+list:call_to_action.txt+list:programme.txt	44	correct	1	STEVE EMBER: And I’m Steve Ember. Our programs are online with transcripts and MP3 files at voaspecialenglish.com. And you can find us on Twitter, Facebook and YouTube at VOA Learning English. Join us again next week for PEOPLE IN AMERICA in VOA Special English.
precision-C	>20	https://learningenglish.voanews.com/a/a-23-a-2001-12-21-6-1-83034642/119468.html	53	programme	list:credits.txt+list:presenter.txt+list:programme.txt	34	correct	1	This Special English program was written by Marilyn Rice Christiano. Your narrators were Richard Rael and Shep O'Neal. I'm Shirley Griffith. Listen again next week for another EXPLORATIONS program on the Voice of America.
precision-C	>20	https://learningenglish.voanews.com/a/a-23-2008-04-22-voa4-83140227/129361.html	53	presenter	list:presenter.txt+list:credits.txt+list:programme.txt	25	correct	1	And I’m Steve Ember. Transcripts, MP3s and podcasts of our programs are at voaspecialenglish.com. Join us again next week for EXPLORATIONS in VOA Special English.
precision-C	>20	https://learningenglish.voanews.com/a/a-23-2006-07-25-voa1-83129347/125979.html	51	programme	list:credits.txt+list:presenter.txt	26	correct	1	SCIENCE IN THE NEWS was written by Nancy Steinbach and produced by Brianna Blake. Transcripts and archives of our shows are at voaspecialenglish.com. I'm Pat Bodnar.
precision-C	>20	https://learningenglish.voanews.com/a/116250.html	38	presenter	label+list:presenter.txt+list:programme.txt	22	correct	1	PHOEBE ZIMMERMAN: And I’m Phoebe Zimmermann. Join us again next week for another PEOPLE IN AMERICA program on the Voice of America.
precision-C	>20	https://learningenglish.voanews.com/a/a-23-2007-02-21-voa2-83135362/128048.html	54	programme	list:credits.txt+list:presenter.txt	22	correct	1	This program of THE MAKING OF A NATION was written by Jeri Watson and produced by Paul Thompson. This is Phil Murray.
precision-C	>20	https://learningenglish.voanews.com/a/a-23-2009-07-21-voa3-83141902/129935.html	9	programme	list:credits.txt+list:presenter.txt	24	correct	1	And that's the VOA Special English Health Report, written by Caty Weaver. Transcripts and podcasts of our reports are at voaspecialenglish.com. I'm Steve Ember.
precision-C	>20	https://learningenglish.voanews.com/a/a-23-a-2002-07-23-1-1-83111632/120189.html	50	programme	list:credits.txt+list:presenter.txt	22	correct	1	This program of THE MAKING OF A NATION, was written by Jeri Watson and produced by Paul Thompson. This is Doug Johnson.
precision-C	>20	https://learningenglish.voanews.com/a/a-23-2006-09-19-voa1-83130652/126427.html	42	presenter	list:presenter.txt+list:credits.txt+list:programme.txt	28	correct	1	And I’m Faith Lapidus. You can read and listen to this program on our Web site, voaspecialenglish.com. Join us again next week for Explorations in VOA Special English.
precision-C	>20	https://learningenglish.voanews.com/a/a-23-2006-01-27-voa1-83129052/125888.html	13	programme	list:credits.txt+list:presenter.txt	23	correct	1	IN THE NEWS in VOA Special English was written by Nancy Steinbach. Read and listen to our reports at voaspecialenglish.com. I'm Steve Ember.
precision-C	>20	https://learningenglish.voanews.com/a/let-it-snow-but-in-october-135067088/116967.html	35	programme	label+list:credits.txt+list:presenter.txt	23	correct	1	BOB DOUGHTY: This SCIENCE IN THE NEWS was written by George Grow and Christopher Cruise. June Simms was our producer. I’m Bob Doughty.
precision-C	>20	https://learningenglish.voanews.com/a/a-23-2005-07-13-voa3-83125872/124734.html	12	programme	list:credits.txt+list:presenter.txt	23	correct	1	This VOA Special English Education Report was written by Nancy Steinbach. Our reports are all on the Web at voaspecialenglish.com. I'm Bob Doughty.
precision-C	>20	https://learningenglish.voanews.com/a/barbara-jordan-1936-1996-a-powerful-voice-for-justice-and-social-change-93193739/115826.html	35	presenter	label+list:presenter.txt+list:programme.txt	21	correct	1	SARAH LONG: And I'm Sarah Long. Join us again next week for another People in America program in VOA Special English.
precision-C	>20	https://learningenglish.voanews.com/a/a-23-2009-06-11-voa2-83144157/130573.html	49	programme	list:credits.txt+list:programme.txt	50	correct	1	Our program was written by Frank Beardsley. The narrators were Frank Oliver and Larry West. Transcripts, MP3s and podcasts of our programs are online, along with historical images, at voaspecialenglish.com. Join us again next week for THE MAKING OF A NATION -- an American history series in VOA Special English.
precision-C	>20	https://learningenglish.voanews.com/a/a-23-a-2003-07-01-1-1-83118092/122031.html	50	presenter	list:presenter.txt+list:programme.txt	22	correct	1	And this is Nicole Nichols. Join us again next week for another EXPLORATIONS program in Special English on the Voice of America.
precision-C	>20	https://learningenglish.voanews.com/a/a-23-2006-10-02-voa2-83130502/126383.html	58	presenter	list:presenter.txt+list:credits.txt	39	correct	1	And I'm Bob Doughty. Internet users can download transcripts and audio archives of our programs at voaspecialenglish.com. And we hope you join us again next week for more news about science in Special English on the Voice of America.
precision-C	>20	https://learningenglish.voanews.com/a/a-23-2008-07-17-voa3-83138992/129065.html	40	programme	list:credits.txt	32	correct	1	It was written by Dana Demange, Elizabeth Stern and Caty Weaver, who was also the producer. To read the text of this program and download audio, go to our Web site, voaspecialenglish.com.
precision-C	>20	https://learningenglish.voanews.com/a/a-23-2009-08-27-voa3-83142897/130237.html	13	programme	list:credits.txt+list:presenter.txt	24	correct	1	And that's the VOA Special English Economics Report, written by Mario Ritter. Transcripts and podcasts of our reports are at voaspecialenglish.com. I'm Steve Ember.
precision-C	>20	https://learningenglish.voanews.com/a/a-23-2009-12-02-voa2-83142827/115707.html	62	programme	list:credits.txt+list:programme.txt	53	correct	1	Our program was written by Frank Beardsley and Christine Johnson. The narrators were Harry Monroe and Kay Gallant. Transcripts, MP3s and podcasts of our programs are online, along with historical images, at voaspecialenglish.com. Join us again next week for THE MAKING OF A NATION -- an American history series in VOA Special English.
precision-C	>20	https://learningenglish.voanews.com/a/a-23-2005-07-11-voa1-83125477/124604.html	54	presenter	list:presenter.txt+list:programme.txt	22	correct	1	And I’m Barbara Klein. Join us again next week for more news about science in Special English on the Voice of America.
precision-C	>20	https://learningenglish.voanews.com/a/itzhak-perlman-a-citizen-of-the-world-with-his-violin-as-a-passport--106451158/114190.html	21	programme	list:credits.txt+list:presenter.txt+list:programme.txt	26	correct	1	Our program was written and produced by Paul Thompson. I’m Steve Ember. Join us again next week for the VOA Special English program THIS IS AMERICA.
precision-C	>20	https://learningenglish.voanews.com/a/a-23-2006-12-13-voa2-83128512/125682.html	43	programme	list:credits.txt	52	correct	1	You have been listening to THE MAKING OF A NATION, a program in Special English by the Voice of America. Your narrators were Harry Monroe and Jim Tedder. Our program was written by David Jarmul. The Voice of America invites you to listen again next week to THE MAKING OF A NATION.
precision-C	>20	https://learningenglish.voanews.com/a/a-23-a-2001-09-28-2-1-83032472/118936.html	56	presenter	list:presenter.txt+list:credits.txt	21	correct	1	I'm Ray Freeman. Listen again next week at this time for another PEOPLE IN AMERICA program on the Voice of America.
precision-C	>20	https://learningenglish.voanews.com/a/a-23-a-2002-08-22-1-1-83114027/120853.html	38	programme	list:credits.txt	26	correct	1	This AMERICAN MOSAIC program was written by Caty Weaver, George Grow and Jill Moss. Our studio engineer was Eva Nenicka. And our producer was Caty Weaver.
precision-C	>20	https://learningenglish.voanews.com/a/a-hollywood-movie-producer-helps-develop-a-mobile-calendar-application/1455404.html	14	programme	list:credits.txt+list:call_to_action.txt+list:presenter.txt	41	correct	1	And that's the VOA Special English Technology Report, written by June Simms, with additional reporting by Elizabeth Lee. Transcripts, MP3s and podcasts of our reports are at voaspecialenglish.com. We're also on Facebook and Twitter at VOA Learning English. I'm Steve Ember.
precision-C	>20	https://learningenglish.voanews.com/a/a-23-a-2004-11-18-2-1-83120752/122682.html	49	programme	list:programme.txt+list:credits.txt	29	correct	1	You have been listening to the Special English program, THE MAKING OF A NATION. Your narrators were Larry West and Frank Oliver. Our program was written by Frank Beardsley.
precision-C	>20	https://learningenglish.voanews.com/a/a-23-2008-09-06-voa3-83140007/129302.html	61	programme	list:credits.txt+list:programme.txt	24	correct	1	Our programs are online with transcripts and MP3 files at voaspecialenglish.com. Join us again next week for THIS IS AMERICA in VOA Special English.
precision-C	>20	https://learningenglish.voanews.com/a/walter-cronkite-1916-2009-a-trusted-tv-newsman-129523083/116595.html	55	presenter	label+list:presenter.txt+list:credits.txt+list:programme.txt	43	correct	1	SHIRLEY GRIFFITH: And I'm Shirley Griffith. Our program was written by Jerilyn Watson and produced by Dana Demange. You can find transcripts, MP3s and podcasts of our programs at voaspecialenglish.com. Join us again next week for PEOPLE IN AMERICA in VOA Special English.
precision-C	>20	https://learningenglish.voanews.com/a/the-man-who-declared-himself-emperor-of-the-us-128561083/116161.html	32	programme	list:credits.txt+list:presenter.txt+list:programme.txt	49	correct	1	Our program was written by Paul Thompson and Nancy Steinbach. The narrators were Steve Ember and Robert Cohen. I'm Barbara Klein. You can find transcripts, MP3s and podcasts of our programs at voaspecialenglish.com. We hope you join us again next week for THIS IS AMERICA in VOA Special English.
precision-C	>20	https://learningenglish.voanews.com/a/a-23-2007-03-13-voa2-83132682/127121.html	45	presenter	list:presenter.txt+list:credits.txt+list:programme.txt	28	correct	1	And I’m Shirley Griffith. You can read and listen to this program on our Web site, voaspecialenglish.com. Join us again next week for Explorations in VOA Special English.
precision-C	>20	https://learningenglish.voanews.com/a/a-23-2006-07-26-voa1-83129527/126041.html	35	programme	list:credits.txt+list:programme.txt	53	correct	1	You have been listening to THE MAKING OF A NATION, a program in Special English on the Voice of America. Your reporters have been Harry Monroe and Rich Kleinfeldt. Our program was written by David Jarmul. The Voice of America invites you to listen again next week to THE MAKING OF A NATION.
precision-C	>20	https://learningenglish.voanews.com/a/a-23-2006-08-27-voa1-83129827/126140.html	48	presenter	list:presenter.txt+list:credits.txt+list:programme.txt	28	correct	1	And I’m Faith Lapidus. You can download transcripts and archives of our shows at voaspecialenglish.com. Join us next week for another PEOPLE IN AMERICA in VOA Special English.
precision-C	>20	https://learningenglish.voanews.com/a/a-23-a-2002-01-03-2-1-83113532/120723.html	35	presenter	list:presenter.txt+list:programme.txt	32	correct	1	This is Doug Johnson . I hope you enjoyed our program today. And I hope you will join us again next week for AMERICAN MOSAIC — VOA’s radio magazine in Special English.
precision-C	>20	https://learningenglish.voanews.com/a/a-23-2009-03-19-voa2-83140942/129614.html	11	programme	list:credits.txt	22	correct	1	And that's the VOA Special English Economics Report, written by Mario Ritter. Transcripts, MP3s and podcasts of our programs are at voaspecialenglish.com.
precision-C	>20	https://learningenglish.voanews.com/a/a-23-2007-02-20-voa1-83133172/127314.html	45	presenter	list:presenter.txt+list:credits.txt+list:programme.txt	28	correct	1	And I’m Barbara Klein. You can read and listen to this program on our Web site, voaspecialenglish.com. Join us again next week for EXPLORATIONS in VOA Special English.
precision-C	>20	https://learningenglish.voanews.com/a/a-23-a-2003-02-07-2-1-83117647/121878.html	40	programme	list:credits.txt+list:presenter.txt	24	correct	1	This Special English program was written by Shelley Gollust. It was produced by Paul Thompson. Our studio engineer was Audrius Regis. I’m Mary Tillotson.
precision-C	>20	https://learningenglish.voanews.com/a/a-23-a-2003-07-16-1-1-83114272/120934.html	47	presenter	list:presenter.txt+list:programme.txt	21	correct	1	And I’m Steve Ember. Join us again next week for another EXPLORATIONS program in Special English on the Voice of America.
precision-C	>20	https://learningenglish.voanews.com/a/a-23-a-2002-04-15-1-1-83111997/120334.html	51	programme	list:credits.txt+list:presenter.txt	24	correct	1	This SCIENCE IN THE NEWS program was written by Paul Thompson and George Grow. It was produced by Cynthia Kirk. This is Sarah Long.
precision-C	>20	https://learningenglish.voanews.com/a/a-23-2009-08-06-voa2-83143287/118608.html	14	programme	list:credits.txt+list:presenter.txt	23	correct	1	This VOA Special English program was written by Ted Landphair. I'm Barbara Klein. You can find more WORDS AND THEIR STORIES at voaspecialenglish.com.
precision-C	>20	https://learningenglish.voanews.com/a/a-silent-killer--carbon-monoxide-poisoning-114498229/115159.html	31	programme	label+list:credits.txt+list:presenter.txt	23	correct	1	FAITH LAPIDUS: This SCIENCE IN THE NEWS was written by Nancy Steinbach and Christopher Cruise. Our producer was June Simms. I’m Faith Lapidus.
precision-C	>20	https://learningenglish.voanews.com/a/a-23-2005-08-07-voa6-83124102/124049.html	33	programme	list:credits.txt+list:presenter.txt	22	correct	1	This program was written by Jerilyn Watson. It was produced by Cynthia Kirk. Our studio engineer was Holly Capehart. I'm Shirley Griffith.
precision-C	>20	https://learningenglish.voanews.com/a/a-23-2007-02-21-voa2-83135362/128048.html	56	presenter	list:presenter.txt+list:programme.txt	23	correct	1	And this is Rich Kleinfeldt. Join us again next week for another VOA Special English program about the history of the United States.
precision-C	>20	https://learningenglish.voanews.com/a/hollywood-filmmaker-tells-aung-san-suu-kyis-story-in-the-lady-147250715/609943.html	55	presenter	label+list:presenter.txt+list:credits.txt+list:programme.txt	30	correct	1	JUNE SIMMS: I’m June Simms. Our program was written and produced by Caty Weaver. Join us again next week for music and more on AMERICAN MOSAIC in VOA Special English.
precision-C	>20	https://learningenglish.voanews.com/a/research-shows-thinning-snow-layers-in-the-rocky-mountains-over-hundreds-of-years-127737268/116880.html	42	presenter	label+list:presenter.txt+list:credits.txt+list:programme.txt	36	correct	1	FAITH LAPIDUS: And I’m Faith Lapidus. You can find transcripts, MP3s and podcasts of our programs at voaspecialenglish.com. Join us again next week for more news about science in Special English on the Voice of America.
precision-C	>20	https://learningenglish.voanews.com/a/a-23-2006-07-04-voa1-83129922/126177.html	49	presenter	list:presenter.txt+list:programme.txt	22	correct	1	And this is Richard Rael. Join us again next week for another EXPLORATIONS program in Special English on the Voice of America.
precision-C	>20	https://learningenglish.voanews.com/a/a-23-a-2001-09-24-1-1-83032357/118903.html	44	programme	list:credits.txt+list:presenter.txt	21	correct	1	This SCIENCE IN THE NEWS program was written by Nancy Steinbach. It was produced by Cynthia Kirk. This is Bob Doughty.
precision-C	>20	https://learningenglish.voanews.com/a/a-23-2007-02-05-voa1-83135572/128129.html	50	programme	list:credits.txt+list:presenter.txt	22	correct	1	This SCIENCE IN THE NEWS program was written by Nancy Steinbach and Caty Weaver. Brianna Blake was our producer. I'm Bob Doughty.
precision-C	>20	https://learningenglish.voanews.com/a/a-23-2007-04-25-voa1-83133327/127367.html	46	presenter	list:presenter.txt+list:programme.txt	23	correct	1	And this is Stan Busby. Join us again next week for another VOA Special English program about the history of the United States.
precision-C	>20	https://learningenglish.voanews.com/a/roberto-clemente-1934-1972-the-first-latino-baseball-player-honored-in-the-baseball-hall-of-fame--90528109/116386.html	38	presenter	label+list:presenter.txt+list:credits.txt+list:programme.txt	30	correct	1	FAITH LAPIDUS: And I’m Faith Lapidus. You can download transcripts and archives of our shows at voaspecialenglish.com. Join us next week for another PEOPLE IN AMERICA in VOA Special English.
precision-C	>20	https://learningenglish.voanews.com/a/billie-holiday-1915-1959-the-lady-sang-the-blues-125683958/114562.html	32	presenter	label+list:presenter.txt+list:credits.txt+list:call_to_action.txt+list:programme.txt	43	correct	1	SHIRLEY GRIFFITH: And I'm Shirley Griffith. Our programs are online with transcripts and MP3 files at voaspecialenglish.com. And you can find us on Facebook and YouTube at VOA Learning English. Join us again next week for PEOPLE IN AMERICA in VOA Special English.
precision-C	>20	https://learningenglish.voanews.com/a/a-23-2006-12-06-voa2-83129142/125906.html	44	programme	list:credits.txt	53	correct	1	You have been listening to THE MAKING OF A NATION, a program in Special English by the Voice of America. Your narrators have been Harry Monroe and Jim Tedder. Our program was written by David Jarmul. The Voice of America invites you to listen again next week to THE MAKING OF A NATION.
precision-C	>20	https://learningenglish.voanews.com/a/a-23-a-2003-05-06-2-1-83114907/121111.html	56	presenter	list:presenter.txt+list:programme.txt	22	correct	1	And this is Phoebe Zimmermann. Join us again next week for EXPLORATIONS, a program in Special English on the Voice of America.
precision-C	>20	https://learningenglish.voanews.com/a/ask-a-teacher-raise-of-rise-/4578337.html	24	call_to_action	list:call_to_action.txt	22	correct	1	Do you have a question for Ask a Teacher? Write to us in the Comments area. Be sure to list your country!
precision-C	>20	https://learningenglish.voanews.com/a/a-23-2007-01-31-voa1-83132967/127233.html	53	presenter	list:presenter.txt+list:programme.txt	23	correct	1	And this is Phil Murray. Join us again next week for another VOA Special English program about the history of the United States.
precision-C	>20	https://learningenglish.voanews.com/a/a-23-2006-03-09-voa5-83127862/125433.html	12	programme	list:credits.txt+list:presenter.txt	22	correct	1	This VOA Special English Economics Report was written by Brianna Blake. Read and listen to our reports at voaspecialenglish.com. I’m Steve Ember.
precision-C	>20	https://learningenglish.voanews.com/a/a-23-2007-03-07-voa4-83132632/127111.html	52	programme	list:credits.txt+list:presenter.txt	22	correct	1	This program of THE MAKING OF A NATION was written by Jeri Watson and produced by Paul Thompson. This is Rich Kleinfeldt.
precision-C	>20	https://learningenglish.voanews.com/a/a-23-2005-05-20-voa2-83124247/124115.html	13	programme	list:credits.txt+list:presenter.txt	21	correct	1	IN THE NEWS, in VOA Special English, was written by Jerilyn Watson. Our reports are online at voaspecialenglish.com. I’m Steve Ember.
precision-C	>20	https://learningenglish.voanews.com/a/ernest-hemingway-1899-1961-one-of-the-most-famous-writers-of-the-20th-century-124513459/116557.html	45	presenter	label+list:presenter.txt+list:programme.txt	25	correct	1	SHIRLEY GRIFFITH: And I'm Shirley Griffith. Join us again next week for another People in America program in Special English on the Voice of America.
precision-C	>20	https://learningenglish.voanews.com/a/a-23-2006-04-03-voa1-83127887/125465.html	49	presenter	list:presenter.txt+list:programme.txt	22	correct	1	And I’m Pat Bodnar. Join us again next week for more news about science in Special English on the Voice of America.
precision-C	>20	https://learningenglish.voanews.com/a/a-23-2008-07-09-voa3-84658962/130685.html	10	programme	list:credits.txt	47	correct	1	Our program was written by Frank Beardsley. The narrators were Steve Ember and Shirley Griffith. Join us each week for THE MAKING OF A NATION – an American history series in VOA Special English. Transcripts, podcasts and MP3s of our programs can be found at voaspecialenglish.com. _
precision-C	>20	https://learningenglish.voanews.com/a/nashville-expands-music-offerings-to-movies-video-games/5308818.html	21	programme	list:credits.txt+list:call_to_action.txt	26	correct	1	Pete Musto adapted it for VOA Learning English. Mario Ritter, Jr. was the editor. Write to us in the Comments Section or on our Facebook page.
precision-C	>20	https://learningenglish.voanews.com/a/mesa-verde-national-park-protecting-the-culture-of-ancient-native-americans--118860379/116062.html	30	programme	label+list:credits.txt+list:presenter.txt	21	correct	1	BARBARA KLEIN: This program was written by Marilyn Christiano and Shelley Gollust. It was produced by Mario Ritter. I’m Barbara Klein.
precision-C	>20	https://learningenglish.voanews.com/a/a-23-a-2001-08-24-1-1-83033947/119312.html	35	presenter	list:presenter.txt+list:programme.txt	27	correct	1	And I'm Sarah Long. Join us again next week for another report about life in the United States on the VOA Special English program, THIS IS AMERICA.
precision-C	>20	https://learningenglish.voanews.com/a/a-23-2007-02-27-voa2-83132557/127077.html	53	presenter	list:presenter.txt+list:programme.txt	24	correct	1	And I'm Steve Ember. Listen again next week at this time for more news about science in Special English on the Voice of America.
precision-C	>20	https://learningenglish.voanews.com/a/a-23-2005-05-18-voa2-83123762/123973.html	63	programme	list:programme.txt+list:credits.txt	29	correct	1	You have been listening to the Special English program, THE MAKING OF A NATION. Your narrators were Maurice Joyce and Shep O'Neal. Our program was written by Frank Beardsley.
precision-C	>20	https://learningenglish.voanews.com/a/a-23-2006-01-08-voa2-83129892/126173.html	9	programme	list:credits.txt+list:presenter.txt	25	correct	1	This VOA Special English Development Report was written by Gary Garriott. Internet users can read and listen to our reports at voaspecialenglish.com. I'm Steve Ember
precision-C	>20	https://learningenglish.voanews.com/a/nigeria-boko-haram-attacks-car/1796460.html	34	programme	list:credits.txt	23	correct	1	If you would like reach us, send an email to learningenglish@voanews.com. Or go to our website at learningenglish.voanews.com and click on “Contact Us.”
precision-C	>20	https://learningenglish.voanews.com/a/a-23-2008-12-17-voa6-83135747/128197.html	53	programme	list:credits.txt+list:programme.txt	50	correct	1	Our program was written by Frank Beardsley. The narrators were Doug Johnson and Gwen Outen. Transcripts, MP3s and podcasts of our programs are online, along with historical images, at voaspecialenglish.com. Join us again next week for THE MAKING OF A NATION - an American history series in VOA Special English.
precision-C	>20	https://learningenglish.voanews.com/a/a-23-2006-12-04-voa1-83130952/126529.html	58	presenter	list:presenter.txt+list:programme.txt	22	correct	1	And I'm Steve Ember. Join us again next week for more news about science in Special English on the Voice of America.
precision-C	>20	https://learningenglish.voanews.com/a/who-says-alcohol-kills-25-million-people-yearly-117528203/113039.html	36	programme	label+list:credits.txt+list:presenter.txt	23	correct	1	BOB DOUGHTY: This SCIENCE IN THE NEWS was written by Jerilyn Watson and Caty Weaver. Our producer was June Simms. I’m Bob Doughty.
precision-C	>20	https://learningenglish.voanews.com/a/a-23-2010-02-15-voa1-84659142/116743.html	53	presenter	list:presenter.txt+list:programme.txt	22	correct	1	And, I'm Steve Ember. Join us again next week for more news about science in Special English on the Voice of America.
precision-C	>20	https://learningenglish.voanews.com/a/a-23-2008-12-11-voa5-83138122/128802.html	47	programme	list:credits.txt	30	correct	1	It was written by Caty Weaver and Dana Demange, who was also the producer. To read the text of this program and download audio, go to our Web site, voaspecialenglish.com.
precision-C	>20	https://learningenglish.voanews.com/a/mckinley-wins-1896--97496664/115884.html	40	programme	label+list:credits.txt+list:call_to_action.txt+list:programme.txt	64	correct	1	STEVE EMBER: Our program was written by Frank Beardsley. The narrators were Kay Gallant and Harry Monroe. You can find our series online with transcripts, MP3s, podcasts and images at voaspecialenglish.com. You can also follow us on Facebook and Twitter at VOA Learning English. Join us again next week for THE MAKING OF A NATION -- an American history series in VOA Special English.
precision-C	>20	https://learningenglish.voanews.com/a/a-23-2007-09-19-voa1-83134777/127864.html	40	programme	list:credits.txt+list:presenter.txt	21	correct	1	This program, THE MAKING OF A NATION, was written by Jerilyn Watson and produced by Jill Moss. This is Steve Ember.
precision-C	>20	https://learningenglish.voanews.com/a/a-23-2008-10-29-voa4-83137912/128742.html	43	programme	list:credits.txt+list:programme.txt	50	correct	1	Our program was written by Frank Beardsley. The narrators were Frank Oliver and Maurice Joyce. Transcripts, MP3s and podcasts of our programs are online, along with historical images, at voaspecialenglish.com. Join us again next week for THE MAKING OF A NATION - an American history series in VOA Special English.
precision-C	>20	https://learningenglish.voanews.com/a/a-23-2009-04-06-voa2-83142522/130111.html	49	presenter	list:presenter.txt+list:credits.txt+list:programme.txt	32	correct	1	And I'm Bob Doughty. Transcripts, MP3s and podcasts of our programs are at voaspecialenglish.com. Join us again next week for more news about science in Special English on the Voice of America.
precision-C	>20	https://learningenglish.voanews.com/a/a-23-2006-03-28-voa2-83129512/126053.html	10	programme	list:credits.txt+list:presenter.txt	22	correct	1	This VOA Special English Health Report was written by Cynthia Kirk. Read and listen to our reports at voaspecialenglish.com. I’m Shep O'Neal.
precision-C	>20	https://learningenglish.voanews.com/a/a-23-2005-11-16-voa7-83125362/124567.html	9	programme	list:credits.txt+list:presenter.txt	25	correct	1	This VOA Special English Education Report was written by Nancy Steinbach. Internet users can read and listen to our reports at voaspecialenglish.com. I’m Steve Ember.
precision-C	>20	https://learningenglish.voanews.com/a/1696168.html	31	presenter	list:presenter.txt+list:programme.txt+list:credits.txt	37	correct	1	And I’m Kelly Jean Kelly. See you next time on As It Is. If you would like to reach us, send an email to learningenglish@voanews.com. Or go to our website at learningenglish.voanews.com and click on “Contact Us.”
precision-C	>20	https://learningenglish.voanews.com/a/a-23-2008-05-12-voa4-83139957/129291.html	51	programme	list:credits.txt+list:presenter.txt	24	correct	1	This SCIENCE IN THE NEWS was written by Brianna Blake, Jerilyn Watson and Caty Weaver. Brianna Blake was also our producer. I'm Bob Doughty.
precision-C	>20	https://learningenglish.voanews.com/a/a-23-2005-09-27-voa3-83123462/123854.html	11	programme	list:credits.txt+list:presenter.txt	22	correct	1	This VOA Special English Health Report was written by George Grow. Our reports are on the Web at voaspecialenglish.com. I'm Barbara Klein.
precision-C	>20	https://learningenglish.voanews.com/a/new-study-suggests-that-aspirin-reduces-death-rates-from-some-cancers-111783009/115081.html	38	programme	label+list:credits.txt+list:presenter.txt	23	correct	1	BOB DOUGHTY: This SCIENCE IN THE NEWS was written by Jerilyn Watson and Christopher Cruise. Our producer was June Simms. I’m Bob Doughty.
precision-C	>20	https://learningenglish.voanews.com/a/some-or-any/5146156.html	20	call_to_action	list:call_to_action.txt	26	correct	1	We want to hear from you. Do you have a question for the teacher? Write to us in the Comments Section or on our Facebook page.
precision-C	>20	https://learningenglish.voanews.com/a/a-new-book-on-stealing-rembrandts-and-other-artworks-129331918/114573.html	41	presenter	label+list:presenter.txt+list:credits.txt	31	correct	1	FAITH LAPIDUS: And I’m Faith Lapidus. You can find our programs online with transcripts, MP3s, podcasts and pictures at voaspecialenglish.com Join us again next week for EXPLORATIONS in VOA Special English.
precision-C	>20	https://learningenglish.voanews.com/a/a-23-a-2001-08-22-2-1-83033697/119268.html	45	programme	list:credits.txt	26	correct	1	This AMERICAN MOSAIC program was written by Cynthia Kirk, Nancy Steinbach and Caty Weaver. Our studio engineer was Tom Verba. And our producer was Paul Thompson.
precision-C	>20	https://learningenglish.voanews.com/a/bats-are-important-for-agriculture-and-the-environment-128699223/116916.html	45	presenter	label+list:presenter.txt+list:credits.txt	31	correct	1	MARIO RITTER: And I’m Mario Ritter. You can find our programs online with transcripts, MP3s, podcasts and pictures at voaspecialenglish.com Join us again next week for EXPLORATIONS in VOA Special English.
quick-win-quotes		https://learningenglish.voanews.com/a/caught-with-pants-down-tighten-your-belt/1686173.html	10	programme	list:credits.txt	14	correct	1	This VOA Special English program “Words and Their Stories” was written by Jill Moss.
quick-win-quotes		https://learningenglish.voanews.com/a/dressed-to-kill-ants-in-your-pants/1686202.html	9	programme	list:credits.txt+list:presenter.txt	17	correct	1	This VOA Special English program “Words and Their Stories” was written by Jill Moss. I’m Faith Lapidus.
quick-win-quotes		https://learningenglish.voanews.com/a/free-speech-singapore-free-libraries/1696147.html	17	programme	list:programme.txt+list:presenter.txt	14	correct	1	You are listening to “As It Is” from VOA Learning English. I’m Steve Ember.
quick-win-quotes		https://learningenglish.voanews.com/a/french-words-in-american-english/2770892.html	1	programme	list:programme.txt	10	correct	1	Now, the VOA Learning English program “Words and Their Stories.”
quick-win-quotes		https://learningenglish.voanews.com/a/habits-happy-couples/1667245.html	32	programme	list:programme.txt+list:credits.txt	30	correct	1	That’s “As It Is” for today. If you would like to reach us, send an email to special@voanews.com. Or go to our website at learningenglish.voanews.com and click on “Contact Us.”
quick-win-quotes		https://learningenglish.voanews.com/a/happy-fathers-day/2829695.html	1	programme	list:programme.txt	10	correct	1	Now, the VOA Learning English program, “Words and Their Stories.”
quick-win-quotes		https://learningenglish.voanews.com/a/i-have-dream-martin-luther-king-anniversary-washington-march/1738231.html	1	programme	list:programme.txt+list:presenter.txt	12	correct	1	Welcome to “As It Is” from VOA Learning English! I’m Mario Ritter.
quick-win-quotes		https://learningenglish.voanews.com/a/malala-yousafzai-speaks-at-united-nations/1701311.html	18	programme	list:programme.txt	10	correct	1	You’re listening to “As It Is” from VOA Learning English.
quick-win-quotes		https://learningenglish.voanews.com/a/possible-charges-in-zimmerman-case/1705215.html	22	programme	list:programme.txt+list:presenter.txt	12	correct	1	And that’s “In The News” from VOA Learning English. I’m Steve Ember
quick-win-quotes		https://learningenglish.voanews.com/a/street-children-ethiopia-sugar-nigeria-richard-strauss-2001/1678075.html	17	programme	list:programme.txt+list:presenter.txt	14	correct	1	You are listening to “As It Is” from VOA Learning English. I’m Steve Ember.
quick-win-quotes		https://learningenglish.voanews.com/a/words-and-their-stories-animal-idioms-worm-snake-animals-we-love-to-hate/3053673.html	1	programme	list:programme.txt	13	correct	1	Hello and welcome to the VOA Learning English program, “Words and Their Stories.”
quick-win-quotes		https://learningenglish.voanews.com/a/zimmerman-martin-trial-protests/1703257.html	38	presenter	list:presenter.txt	13	correct	1	I'm Christopher Cruise, and that's As it Is on the Voice of America.
quick-win-lines		https://learningenglish.voanews.com/a/airportsecuritymayhelpfightdisease-101980698/131444.html	1	programme	list:programme.txt	21	correct	1	Read and listen to the article. Then open the activities on the right side of the page to improve your English!
quick-win-lines		https://learningenglish.voanews.com/a/america-turns-inward-after-world-war-1-115671794/131459.html	1	programme	list:programme.txt	21	correct	1	Read and listen to the article. Then open the activities on the right side of the page to improve your English!
quick-win-lines		https://learningenglish.voanews.com/a/american-history-taft-wins-the-presidency-promising-continued-reform-102872964/131465.html	1	programme	list:programme.txt	21	correct	1	Read and listen to the article. Then open the activities on the right side of the page to improve your English!
quick-win-lines		https://learningenglish.voanews.com/a/comparing-american-and-chinese-parents-118780719/131234.html	0	programme	list:programme.txt	21	correct	1	Read and listen to the article. Then open the activities on the right side of the page to improve your English!
quick-win-lines		https://learningenglish.voanews.com/a/davy-jones--the-monkees-142084733/607835.html	0	programme	list:programme.txt	21	correct	1	Read and listen to the article. Then open the activities on the right side of the page to improve your English!
quick-win-lines		https://learningenglish.voanews.com/a/designing-a-quake-resistant-building-starts-at-the-soil--119412329/131215.html	0	programme	list:programme.txt	21	correct	1	Read and listen to the article. Then open the activities on the right side of the page to improve your English!
quick-win-lines		https://learningenglish.voanews.com/a/e-book-lending-at-libraries-134631558/131310.html	0	programme	list:programme.txt	21	correct	1	Read and listen to the article. Then open the activities on the right side of the page to improve your English!
quick-win-lines		https://learningenglish.voanews.com/a/early-classes---sleepy-teens--106459923/131449.html	1	programme	list:programme.txt	21	correct	1	Read and listen to the article. Then open the activities on the right side of the page to improve your English!
quick-win-lines		https://learningenglish.voanews.com/a/economy-pushes-spanish-to-learn-english--128409463/131282.html	0	programme	list:programme.txt	21	correct	1	Read and listen to the article. Then open the activities on the right side of the page to improve your English!
quick-win-lines		https://learningenglish.voanews.com/a/english-through-music-lady-gaga-125160954/131285.html	0	programme	list:programme.txt	21	correct	1	Read and listen to the article. Then open the activities on the right side of the page to improve your English!
quick-win-lines		https://learningenglish.voanews.com/a/english-through-music-taylor-swifts-song-mean---124300094/131278.html	1	programme	list:programme.txt	21	correct	1	Read and listen to the article. Then open the activities on the right side of the page to improve your English!
quick-win-lines		https://learningenglish.voanews.com/a/entertainment-pioneer-dick-clark-dies-at-age--148736285/606869.html	0	programme	list:programme.txt	21	correct	1	Read and listen to the article. Then open the activities on the right side of the page to improve your English!
quick-win-lines		https://learningenglish.voanews.com/a/high-dropout-rate-a-problem-for-south-africa-144393775/606824.html	0	programme	list:programme.txt	21	correct	1	Read and listen to the article. Then open the activities on the right side of the page to improve your English!
quick-win-lines		https://learningenglish.voanews.com/a/lets-learn-english-lesson-35-lets-make-dinner/3571922.html	28	programme	list:programme.txt	5	correct	1	(The story continues next week)
quick-win-lines		https://learningenglish.voanews.com/a/making-power-from-coconut-shells-mango-pits-144959875/607905.html	0	programme	list:programme.txt	21	correct	1	Read and listen to the article. Then open the activities on the right side of the page to improve your English!
quick-win-lines		https://learningenglish.voanews.com/a/mars_day-101901563/131442.html	1	programme	list:programme.txt	21	correct	1	Read and listen to the article. Then open the activities on the right side of the page to improve your English!
quick-win-lines		https://learningenglish.voanews.com/a/michael-jackson-1958-2009-he-amazed-the-world-with-his-music-and-dancing-132940268/131312.html	0	programme	list:programme.txt	21	correct	1	Read and listen to the article. Then open the activities on the right side of the page to improve your English!
quick-win-lines		https://learningenglish.voanews.com/a/music-artist-and-singer-drake-149067615/609700.html	0	programme	list:programme.txt	21	correct	1	Read and listen to the article. Then open the activities on the right side of the page to improve your English!
quick-win-lines		https://learningenglish.voanews.com/a/remembering--host-and-creator-of-soul-train--138591509/131400.html	0	programme	list:programme.txt	21	correct	1	Read and listen to the article. Then open the activities on the right side of the page to improve your English!
quick-win-lines		https://learningenglish.voanews.com/a/remembering-whitney-houston--139872983/131402.html	0	programme	list:programme.txt	21	correct	1	Read and listen to the article. Then open the activities on the right side of the page to improve your English!
quick-win-lines		https://learningenglish.voanews.com/a/selena-gomez-has-a-promising-new-career-105180534/131210.html	1	programme	list:programme.txt	21	correct	1	Read and listen to the article. Then open the activities on the right side of the page to improve your English!
quick-win-lines		https://learningenglish.voanews.com/a/steve-jobs-remembered-133101618/131307.html	0	programme	list:programme.txt	21	correct	1	Read and listen to the article. Then open the activities on the right side of the page to improve your English!
quick-win-lines		https://learningenglish.voanews.com/a/students-compete-to-find-tech-solutions-for-world-problems-127964173/131280.html	0	programme	list:programme.txt	21	correct	1	Read and listen to the article. Then open the activities on the right side of the page to improve your English!
quick-win-lines		https://learningenglish.voanews.com/a/teenage-obesity--the-five-best-ways-to-start-losing-weight-146825255/609102.html	0	programme	list:programme.txt	21	correct	1	Read and listen to the article. Then open the activities on the right side of the page to improve your English!
quick-win-lines		https://learningenglish.voanews.com/a/the-69th-golden-globes-hit-hollywood-138159229/131343.html	0	programme	list:programme.txt	21	correct	1	Read and listen to the article. Then open the activities on the right side of the page to improve your English!
quick-win-lines		https://learningenglish.voanews.com/a/the-84th-academy-awards-141456013/607504.html	0	programme	list:programme.txt	21	correct	1	Read and listen to the article. Then open the activities on the right side of the page to improve your English!
quick-win-lines		https://learningenglish.voanews.com/a/the-peace-corps-at-50-120224304/131203.html	0	programme	list:programme.txt	21	correct	1	Read and listen to the article. Then open the activities on the right side of the page to improve your English!
quick-win-lines		https://learningenglish.voanews.com/a/what-a-couples-arguing-style-may-say-about-their-marriage-105882023/131447.html	1	programme	list:programme.txt	21	correct	1	Read and listen to the article. Then open the activities on the right side of the page to improve your English!
quick-win-lines		https://learningenglish.voanews.com/a/when-winter-comes-so-does-hockey-122653734/131292.html	0	programme	list:programme.txt	21	correct	1	Read and listen to the article. Then open the activities on the right side of the page to improve your English!
quick-win-lines		https://learningenglish.voanews.com/a/with-bedbugs-some-people-see-pests-others-see-profits-105800443/131225.html	1	programme	list:programme.txt	21	correct	1	Read and listen to the article. Then open the activities on the right side of the page to improve your English!
quick-win-lines		https://learningenglish.voanews.com/a/womenedgepastmenindoctorates-104369914/131219.html	1	programme	list:programme.txt	21	correct	1	Read and listen to the article. Then open the activities on the right side of the page to improve your English!
quick-win-lines		https://learningenglish.voanews.com/a/worlds-population-reaches-7-billion-134696423/131327.html	0	programme	list:programme.txt	21	correct	1	Read and listen to the article. Then open the activities on the right side of the page to improve your English!
