set	stratum	url	line	kind	words	label	in_final	text
recall-before	2%	https://learningenglish.voanews.com/a/3817026.html	1		9	uncovered		Welcome to another edition of Words to the Wise!
recall-before	2%	https://learningenglish.voanews.com/a/pharsalia-massie-anniversary/1959100.html				clean
recall-before	2%	https://learningenglish.voanews.com/a/words-to-the-wise-wiretap/3760800.html	1		12	uncovered		I’m Phil Dierking in the Learning English studio with reporter Anne Ball.
recall-before	2%	https://learningenglish.voanews.com/a/words-to-the-wise-wiretap/3760800.html	24		41	uncovered		I had fun! And if you, our audience, like listening in on my conversation with Phil, let us know! Leave a comment on our website, learningenglish.voanews.com. Please let us know if there are some English words you want to talk about!
recall-before	2%	https://learningenglish.voanews.com/a/1811688.html				clean
recall-before	2%	https://learningenglish.voanews.com/a/four-adverbs-just-already-still-yet-/4618921.html	50		27	uncovered		So, do you have a better sense of these four adverbs yet or do you still have questions? Or both? Visit our website, where you can practice.
recall-before	2%	https://learningenglish.voanews.com/a/words-and-their-stories-santa-claus/1565730.html				clean
recall-before	2%	https://learningenglish.voanews.com/a/big-bend-national-park-texas/3440694.html				clean
recall-before	2%	https://learningenglish.voanews.com/a/verbs-that-change-with-gerunds-or-infinitives/5079288.html				clean
recall-before	2%	https://learningenglish.voanews.com/a/lets-learn-english-lesson-35-lets-make-dinner/3571922.html	28		5	uncovered		(The story continues next week)
recall-before	2%	https://learningenglish.voanews.com/a/everyday-grammar-reported-speech/2856671.html				clean
recall-before	2%	https://learningenglish.voanews.com/a/marine-biologist-fight-for-coral-reefs-makes-science-fun/3232146.html				clean
recall-before	2%	https://learningenglish.voanews.com/a/americas-national-parks-sequoia-kings-canyon-california/3501002.html				clean
recall-before	2%	https://learningenglish.voanews.com/a/prepositions-time-place-everyday-grammar-in-on-at/2732061.html				clean
recall-before	2%	https://learningenglish.voanews.com/a/hearts-and-crosses-by-o-henry-part-two/4773651.html	42		52	uncovered		Download activities to help you understand this story here. Now it's your turn to use the words in this story. How do you solve problems with someone you love? How do you feel when someone tells you they are sorry for something they did? Let us know in the comments section below.
recall-before	2%	https://learningenglish.voanews.com/a/man-21-pakistan-wants-bulgarian-girlfriend-to-remove-male-facebook-friends-141602043/607849.html				clean
recall-before	2%	https://learningenglish.voanews.com/a/everyday-grammar-three-grammar-rules-that-are-dying/3053579.html	34		13	uncovered		What do you think about these disappearing grammar rules? Will you miss them?
recall-before	2%	https://learningenglish.voanews.com/a/a-story-of-refugees-arriving-in-greece/2963592.html	1		15	uncovered		The following story is based on a web blog from VOA’s Heather Murdock in Greece.
recall-before	2%	https://learningenglish.voanews.com/a/2567409.html				clean
recall-before	2%	https://learningenglish.voanews.com/a/salt-is-more-than-a-four-letter-word/2545883.html	22		25	uncovered		What about your culture? Do you have any idioms or expressions about salt? In the comments section, share a story of salt from your culture.
recall-before	2%	https://learningenglish.voanews.com/a/salt-is-more-than-a-four-letter-word/2545883.html	25		20	uncovered		Join us again for another Words and Their Stories, where we take a deeper look at words in American English.
recall-before	2%	https://learningenglish.voanews.com/a/salt-is-more-than-a-four-letter-word/2545883.html	26		19	uncovered		This short video on the history of salt is part of a longer documentary produced by the History Channel.
recall-before	2%	https://learningenglish.voanews.com/a/latina-blues-singer-releases-new-cd/2752260.html				clean
recall-before	2%	https://learningenglish.voanews.com/a/has-fate-brought-us-together/2600196.html	2		12	uncovered		No, not fate. It is simply time for Words and Their Stories.
recall-before	2%	https://learningenglish.voanews.com/a/has-fate-brought-us-together/2600196.html	21		22	uncovered		Is there a time when the hand of fate changed the course of your life? Do share … in the comments section!
recall-before	2%	https://learningenglish.voanews.com/a/trail-ride-kick-off-houston-rodeo/2666595.html	29		29	uncovered		tradition – n. a way of thinking, behaving, or doing something that has been used by the people in a particular group, family, society, etc., for a long time
recall-before	2%	https://learningenglish.voanews.com/a/trail-ride-kick-off-houston-rodeo/2666595.html	30		14	uncovered		barrel – n. a round usually wooden container with curved sides and flat ends
recall-before	2%	https://learningenglish.voanews.com/a/trail-ride-kick-off-houston-rodeo/2666595.html	31		30	uncovered		Do you have rodeos where you live? Do you have some other traditional festival or event to show traditional skills? Let us know. Post your thoughts in the comment section.
recall-before	2%	https://learningenglish.voanews.com/a/are-you-free-on-friday-lets-learn-english/3355785.html	35		4	uncovered		Anna: Until next time!
recall-before	2%	https://learningenglish.voanews.com/a/read-someone-like-a-book-or-write-a-book-on-something/5145807.html	2		39	uncovered		On this show, we explore words and expressions in the English language. We can also tell where they come from. And probably more importantly for those learning to speak English, we explain how and when we use these terms.
recall-before	2%	https://learningenglish.voanews.com/a/read-someone-like-a-book-or-write-a-book-on-something/5145807.html	27		18	uncovered		And that’s all for Words and Their Stories. Until next time, I’m Kelly Jean Kelly, for Anna Matteo.
recall-before	2%	https://learningenglish.voanews.com/a/where-have-all-the-bees-gone/2722797.html				clean
recall-before	2%	https://learningenglish.voanews.com/a/the-most-useful-weather-expressions-/6619060.html	55		32	uncovered		Now it is your turn! What other weather expressions, questions, or answers do you know and use in English? Let us know in the comments below or write to us at learningenglish@voanews.com.
recall-before	2%	https://learningenglish.voanews.com/a/artist-gives-new-life-to-unpopular-plants/4083980.html				clean
recall-before	2%	https://learningenglish.voanews.com/a/us-soccer-team-preparing-for-world-cup/1931298.html				clean
recall-before	2%	https://learningenglish.voanews.com/a/longleaf-pine-trees-give-us-more-than-just-wood/5850386.html				clean
recall-before	2%	https://learningenglish.voanews.com/a/a-visit-from-st-nicholas/4174093.html	4		21	uncovered		We give you the staff of Learning English reading Clement Clarke Moore’s poem, popularly known as “’Twas the Night Before Christmas.”
recall-before	2%	https://learningenglish.voanews.com/a/a-visit-from-st-nicholas/4174093.html	18		5	uncovered		Dorothy Gundy produced the video.
recall-before	2%	https://learningenglish.voanews.com/a/a-visit-from-st-nicholas/4174093.html	19		15	uncovered		Do you have a favorite holiday poem? Tell us about it in the comments section.
recall-before	2%	https://learningenglish.voanews.com/a/secrets-of-a-saddle-maker/2687090.html				clean
recall-before	2%	https://learningenglish.voanews.com/a/diminutives-make-many-things-smaller/4814152.html				clean
recall-before	2%	https://learningenglish.voanews.com/a/native-people-fight-to-keep-hair-long/4205109.html				clean
recall-before	2%	https://learningenglish.voanews.com/a/use-photos-for-speaking-and-writing-activities/6412073.html	24		18	uncovered		Look at the photo. Choose to be a teacher or student and answer the questions in the comments.
recall-before	2%	https://learningenglish.voanews.com/a/use-photos-for-speaking-and-writing-activities/6412073.html	25		27	uncovered		For the Teacher: What questions would you ask about this picture? Tell about two or more activities you would do with your students after viewing the picture.
recall-before	2%	https://learningenglish.voanews.com/a/use-photos-for-speaking-and-writing-activities/6412073.html	26		26	uncovered		For the Student: What is happening in this picture? What do you think is in the cans? Where are the men going? Write about the picture.
recall-before	2%	https://learningenglish.voanews.com/a/use-photos-for-speaking-and-writing-activities/6412073.html	30		11	uncovered		Jill Robbins and Anna Matteo wrote this lesson for Learning English.
recall-before	2%	https://learningenglish.voanews.com/a/lets-learn-english-lesson-18-she-always-does-that/3357748.html	46		4	uncovered		Anna: Until next time!
recall-before	2%	https://learningenglish.voanews.com/a/do-you-see-what-i-see-/4678707.html	33		24	uncovered		Well, we hope you liked what you heard. See you next week! And don’t forget to tell us your answers in the comments area.
recall-before	2%	https://learningenglish.voanews.com/a/facebook-reactions/3227759.html	22		26	uncovered		Are you excited about the new Facebook feature? Do you think you will move beyond the Like button? Give us your reaction on our Facebook page!
recall-before	2%	https://learningenglish.voanews.com/a/four-ways-to-find-an-english-speaking-partner/5791580.html	25		31	uncovered		Well, that covers our four tips for finding someone to speak English with. Good luck. And let us know if these methods, or others, helped you find an English-speaking practice partner.
recall-before	2%	https://learningenglish.voanews.com/a/reservations-and-rentals/7660423.html				clean
recall-before	2%	https://learningenglish.voanews.com/a/for-separated-koreans-memories-fading-and-time-running-out/5087032.html				clean
recall-before	2-5%	https://learningenglish.voanews.com/a/a-23-a-2002-02-04-2-1-83110812/120034.html	9		37	uncovered		You can get more information about windbreaks and other forms of soil conservation from the group Volunteers in Technical Assistance. VITA is an organization that helps people around the world use science and technology to solve problems.
recall-before	2-5%	https://learningenglish.voanews.com/a/a-23-a-2002-02-04-2-1-83110812/120034.html	10		18	uncovered		You can contact VITA through the Internet at its World Wide Web address, w-w-w dot v-i-t-a dot o-r-g.
recall-before	2-5%	https://learningenglish.voanews.com/a/a-23-a-2002-02-04-2-1-83110812/120034.html	11		8	uncovered		This Agriculture Report was written by Gary Garriott.
recall-before	2-5%	https://learningenglish.voanews.com/a/google-flights-new-tool/3597957.html	19		31	uncovered		Do you try to find the best prices for airfares? Would you sign up to get notices about price changes? Are you interested in finding out when an airfare will end?
recall-before	2-5%	https://learningenglish.voanews.com/a/don-t-get-caught-in-a-whirlwind-/5889847.html				clean
recall-before	2-5%	https://learningenglish.voanews.com/a/vietnamese-refugee-overcomes-troubled-past-to-become-a-dentist/5012170.html				clean
recall-before	2-5%	https://learningenglish.voanews.com/a/a-23-a-2002-09-23-2-1-83110737/119984.html	9		32	uncovered		You can get more information about soybeans from the group Volunteers in Technical Assistance. You can contact VITA through the Internet at its world wide web address, w-w-w dot v-i-t-a dot o-r-g.
recall-before	2-5%	https://learningenglish.voanews.com/a/improve-your-vocabulary-part-1/7613240.html	22		9	uncovered		Yaroslav Khrokalo wrote this lesson for VOA Learning English.
recall-before	2-5%	https://learningenglish.voanews.com/a/syrian-man-toys-aleppo/3557737.html				clean
recall-before	2-5%	https://learningenglish.voanews.com/a/magnifying-glass-phones/4024864.html	34		37	uncovered		Have you ever needed a magnifying glass but did not have one handy? Do you like the idea of using your phone as a magnifying glass? Do you use a magnifying glass app that you would recommend?
recall-before	2-5%	https://learningenglish.voanews.com/a/a-23-a-2001-10-30-2-1-83033077/119095.html				clean
recall-before	2-5%	https://learningenglish.voanews.com/a/dont-panic/2694338.html	21		12	uncovered		Christopher Jones Cruise read the passage from Jack London’s “The Sea Wolf.”
recall-before	2-5%	https://learningenglish.voanews.com/a/advising-others-to-take-your-advice/4991191.html				clean
recall-before	2-5%	https://learningenglish.voanews.com/a/ios-10-features/3516374.html	35		23	uncovered		Have you updated your phone to iOS 10? Have you tried any of these new features? Which ones do you like or dislike?
recall-before	2-5%	https://learningenglish.voanews.com/a/healthy-children-not-growing-properly-may-lack-this/4729295.html				clean
recall-before	2-5%	https://learningenglish.voanews.com/a/how-do-i-improve-my-listening-skills-part-1-/5254777.html				clean
recall-before	2-5%	https://learningenglish.voanews.com/a/teacher-works-to-encourage-civil-discourse/3556431.html				clean
recall-before	2-5%	https://learningenglish.voanews.com/a/everyday-grammar-simple-past-tense/3683495.html	34		13	uncovered		You can read more about these verb forms in previous Everyday Grammar stories.
recall-before	2-5%	https://learningenglish.voanews.com/a/batman-superman-reviews/3251397.html	26		25	uncovered		Are you planning to see the Batman vs. Superman movie? If you go, add your review in the Comments Section or on our Facebook page.
recall-before	2-5%	https://learningenglish.voanews.com/a/what-does-it-mean-to-push-someone-s-buttons-/6777285.html				clean
recall-before	2-5%	https://learningenglish.voanews.com/a/how-to-say-i-m-not-surprised-/5117391.html	26		30	uncovered		park – n. a piece of public land in or near a city that is kept free of houses and other buildings and can be used for pleasure and exercise
recall-before	2-5%	https://learningenglish.voanews.com/a/how-to-say-i-m-not-surprised-/5117391.html	27		18	uncovered		of course – used to show that what is being said is very obvious or already generally known
recall-before	2-5%	https://learningenglish.voanews.com/a/how-to-say-i-m-not-surprised-/5117391.html	28		17	uncovered		generous – adj. providing more than the amount that is needed or normal : abundant or ample
recall-before	2-5%	https://learningenglish.voanews.com/a/how-to-say-i-m-not-surprised-/5117391.html	29		19	uncovered		typical – adj. happening in the usual way; normal for a person, thing, or group : average or usual
recall-before	2-5%	https://learningenglish.voanews.com/a/how-to-say-i-m-not-surprised-/5117391.html	30		10	uncovered		review – v. to study or look at (something) again
recall-before	2-5%	https://learningenglish.voanews.com/a/how-to-say-i-m-not-surprised-/5117391.html	31		25	uncovered		positive – adj. : thinking about the good qualities of someone or something : thinking that a good result will happen : hopeful or optimistic
recall-before	2-5%	https://learningenglish.voanews.com/a/prounciation-english-selfie-videos/3585079.html	33		20	uncovered		So, give the vocal music and selfie video tips a try, and let us know how they work for you!
recall-before	2-5%	https://learningenglish.voanews.com/a/prounciation-english-selfie-videos/3585079.html	36		13	uncovered		pronunciation – n. the way in which a word or name is said
recall-before	2-5%	https://learningenglish.voanews.com/a/prounciation-english-selfie-videos/3585079.html	37		21	uncovered		smartphone – n. a telephone that can be used to send and receive e-mail, connect to the Internet and take photographs
recall-before	2-5%	https://learningenglish.voanews.com/a/prounciation-english-selfie-videos/3585079.html	38		22	uncovered		stress – n. greater loudness or force given to a part of a word in speech or to a beat in music
recall-before	2-5%	https://learningenglish.voanews.com/a/prounciation-english-selfie-videos/3585079.html	39		16	uncovered		intonation – n. the rise and fall in the sound of your voice when you speak
recall-before	2-5%	https://learningenglish.voanews.com/a/prounciation-english-selfie-videos/3585079.html	40		12	uncovered		focus – v. to direct your attention or effort at something specific
recall-before	2-5%	https://learningenglish.voanews.com/a/prounciation-english-selfie-videos/3585079.html	41		14	uncovered		volume – n. the amount of sound that is produced by someone oe something
recall-before	2-5%	https://learningenglish.voanews.com/a/prounciation-english-selfie-videos/3585079.html	42		20	uncovered		string – n. a long, thin piece of twisted thread that you use to tie things together or hang things
recall-before	2-5%	https://learningenglish.voanews.com/a/prounciation-english-selfie-videos/3585079.html	43		16	uncovered		consultant – n. a person who gives professional advice or services to companies for a payment
recall-before	2-5%	https://learningenglish.voanews.com/a/prounciation-english-selfie-videos/3585079.html	44		7	uncovered		intelligibility – adj. able to be understood
recall-before	2-5%	https://learningenglish.voanews.com/a/calendars-elvis-marilyn-monroe-new-years/1820816.html	1		10	uncovered		Now, a special Words and their Stories for New Years.
recall-before	2-5%	https://learningenglish.voanews.com/a/calendars-elvis-marilyn-monroe-new-years/1820816.html	15		11	uncovered		I’m Faith Lapidus wishing all our listeners a Happy New Year.
recall-before	2-5%	https://learningenglish.voanews.com/a/how-fast-is-two-shakes-of-a-lamb-s-tail-/5386845.html	18		28	uncovered		And that is Words and Their Stories for this week. But we will be back in two shakes of a lamb’s tail. Well, actually…we’ll be back next week!
recall-before	2-5%	https://learningenglish.voanews.com/a/what-does-it-mean-to-get-the-greenlight-/6529949.html	34		13	uncovered		traffic – n. the movement (as of vehicles or pedestrians) along a route
recall-before	2-5%	https://learningenglish.voanews.com/a/what-does-it-mean-to-get-the-greenlight-/6529949.html	35		16	uncovered		consent – n. approval of or agreement with what is done or suggested by another person
recall-before	2-5%	https://learningenglish.voanews.com/a/what-does-it-mean-to-get-the-greenlight-/6529949.html	36		20	uncovered		script – n. the written form of a play or movie or the lines to be said by a performer
recall-before	2-5%	https://learningenglish.voanews.com/a/what-does-it-mean-to-get-the-greenlight-/6529949.html	37		14	uncovered		nod – v. to bend the head up and down one or more times
recall-before	2-5%	https://learningenglish.voanews.com/a/what-does-it-mean-to-get-the-greenlight-/6529949.html	38		15	uncovered		wink – v. to close and open one eye quickly as a signal or hint
recall-before	2-5%	https://learningenglish.voanews.com/a/what-does-it-mean-to-get-the-greenlight-/6529949.html	39		8	uncovered		subtle – adj. difficult to perceive or understand
recall-before	2-5%	https://learningenglish.voanews.com/a/what-does-it-mean-to-get-the-greenlight-/6529949.html	40		11	uncovered		authorize – v. to give power to : give authority to
recall-before	2-5%	https://learningenglish.voanews.com/a/what-does-it-mean-to-get-the-greenlight-/6529949.html	41		28	uncovered		a wink and a nod – exp. A sly, subtle signal used to communicate a piece of information that one doesn't want to state aloud, publicly, or directly
recall-before	2-5%	https://learningenglish.voanews.com/a/what-does-it-mean-to-get-the-greenlight-/6529949.html	42		15	uncovered		conversation – n. a talk between two or more people : the act of talking
recall-before	2-5%	https://learningenglish.voanews.com/a/everyday-grammar-contronyms/4152424.html				clean
recall-before	2-5%	https://learningenglish.voanews.com/a/how-to-safely-care-for-covid-19-patients-at-home/5516710.html				clean
recall-before	2-5%	https://learningenglish.voanews.com/a/fu-yuanhui-happiest-olympian/3460537.html				clean
recall-before	2-5%	https://learningenglish.voanews.com/a/does-a-good-luck-charm-work-like-a-charm-/7097165.html				clean
recall-before	2-5%	https://learningenglish.voanews.com/a/ask-a-teacher-greetings-in-letters-and-emails/4988134.html				clean
recall-before	2-5%	https://learningenglish.voanews.com/a/words-and-their-stories-american-versus-british-english/3397694.html	23		32	uncovered		Now, we don’t expect you to pick sides. Both American and British English have their strong points. But thanks for listening to Words and Their Stories, a program that teaches American English.
recall-before	2-5%	https://learningenglish.voanews.com/a/words-and-their-stories-american-versus-british-english/3397694.html	25		4	uncovered		Cheers! I mean, thanks.
recall-before	2-5%	https://learningenglish.voanews.com/a/words-and-their-stories-down-to-earth/1537335.html	2		435	uncovered		"Every week at this time, we tell about popular American words and expressions. Some of these are very old. Some are new. Together, they form the living speech of the American people. Today we tell about the expression ""down to earth."" Down to earth means being open and honest. It is easy to deal with someone who is down to earth. A person who is down to earth is a pleasure to find. He or she accepts other people as equals. A down to earth person is the opposite of someone who acts important or proud. Down to earth people could be important members of society. But they do not consider themselves to be better than others who are less important. They do not let their importance go to their heads. Someone who lets something go to his head feels he is better than others. He has a big head. A person who is filled with his own importance and pride is said to have his nose in the air. Often the person who has a big head and his nose in the air has no reason to feel better than others. He surely is the opposite of someone who is down to earth. Americans use another expression that is similar in some ways to down to earth. The expression is both feet on the ground. Someone with both feet on the ground is a person with a good understanding of reality. She has what is called common sense. She may have dreams. But she does not allow them to block her understanding of what is real. The opposite kind of person is one who has his head in the clouds. Someone with his head in the clouds is a person whose mind is not on what is happening in real life. Such a person may be called a daydreamer. Sometimes a person with his head in the clouds can be brought back to reality. Sharp words from a teacher, for example, can usually get a daydreaming student to put both feet on the ground. The person who is down to earth usually has both feet on the ground. But the opposite is not always true. Someone with both feet on the ground may not be as open and easy to deal with as someone who is down to earth. When we have both our feet firmly on the ground, and when we are down to earth we do not have our noses in the air. We act honestly and openly to others. Our lives are like the ground below us -- solid and strong."
recall-before	2-5%	https://learningenglish.voanews.com/a/adverbial-everday-grammar/3510719.html	12		9	uncovered		You can read about these patterns on our website.
recall-before	2-5%	https://learningenglish.voanews.com/a/adverbial-everday-grammar/3510719.html	57		10	uncovered		You can read more about these types of adverbs here:
recall-before	2-5%	https://learningenglish.voanews.com/a/adverbial-everday-grammar/3510719.html	58		1	uncovered		http://learningenglish.voanews.com/a/beating-problems-with-adverbs-everyday-grammar/2843494.html
recall-before	2-5%	https://learningenglish.voanews.com/a/adverbial-everday-grammar/3510719.html	60		18	uncovered		character – n. a person in a story or play; a person who does funny or unusual things
recall-before	2-5%	https://learningenglish.voanews.com/a/adverbial-everday-grammar/3510719.html	61		9	uncovered		gangster – n. a member of a criminal group
recall-before	2-5%	https://learningenglish.voanews.com/a/adverbial-everday-grammar/3510719.html	62		17	uncovered		scene – n. a part of a play or movie in which a particular action takes place
recall-before	2-5%	https://learningenglish.voanews.com/a/adverbial-everday-grammar/3510719.html	63		23	uncovered		phrase – n. a group of two or more words that express a single idea but do not usually form a complete sentence
recall-before	2-5%	https://learningenglish.voanews.com/a/adverbial-everday-grammar/3510719.html	64		24	uncovered		prepositional phrase – n. A prepositional phrase is a group of words that begins with a preposition and ends in a noun, pronoun, or
recall-before	2-5%	https://learningenglish.voanews.com/a/adverbial-everday-grammar/3510719.html	65		16	uncovered		noun phrase – n. a group of words that acts like a noun in a sentence
recall-before	2-5%	https://learningenglish.voanews.com/a/adverbial-everday-grammar/3510719.html	66		14	uncovered		adverbial prepositional phrase – n. a prepositional phrase that modifies or describes a verb
recall-before	2-5%	https://learningenglish.voanews.com/a/ways-to-achieve-your-goals/4758976.html	31		33	uncovered		Here is your chance to try one of the methods mentioned here. In the Comments Section, share one of your goals for 2019 with the world! Use the goal-making language you heard here.
recall-before	2-5%	https://learningenglish.voanews.com/a/difference-between-come-back-and-go-back/5025126.html				clean
recall-before	2-5%	https://learningenglish.voanews.com/a/september-11th-memories-verb-forms/6216446.html				clean
recall-before	2-5%	https://learningenglish.voanews.com/a/3537726.html				clean
recall-before	2-5%	https://learningenglish.voanews.com/a/a-23-a-2001-10-01-1-1-83032487/118942.html				clean
recall-before	2-5%	https://learningenglish.voanews.com/a/expressions-for-getting-things-done-/5990473.html	2		12	uncovered		On this program, we explore words and expressions in the English language.
recall-before	2-5%	https://learningenglish.voanews.com/a/expressions-for-getting-things-done-/5990473.html	17		27	uncovered		We here at VOA Learning know that our listeners want to learn English very badly. By hook or by crook and come hell or high water…you will!
recall-before	2-5%	https://learningenglish.voanews.com/a/fishing-for-more-than-fish/4541177.html	2		13	uncovered		On this program we talk about common expressions and phrases in American English.
recall-before	2-5%	https://learningenglish.voanews.com/a/fishing-for-more-than-fish/4541177.html	50		23	uncovered		If you liked this week’s story about fish expressions and our conversation between two bank robbers, let us know in the Comments Section.
recall-before	2-5%	https://learningenglish.voanews.com/a/fishing-for-more-than-fish/4541177.html	51		18	uncovered		Don’t worry. We’re not fishing for compliments. We just want to know what type of stories you like!
recall-before	2-5%	https://learningenglish.voanews.com/a/words-and-their-stories-feel-the-pinch/2942530.html	1		13	uncovered		Hello, I'm Anna Matteo with the Learning English program Words and Their Stories.
recall-before	2-5%	https://learningenglish.voanews.com/a/words-and-their-stories-feel-the-pinch/2942530.html	18		12	uncovered		Check out our website for more episodes of Words and Their Stories.
recall-before	2-5%	https://learningenglish.voanews.com/a/american-students-chinese-prom-dress-starts-debate/4372946.html				clean
recall-before	2-5%	https://learningenglish.voanews.com/a/us-air-force-faces-shortage-of-fighter-jet-mechanics/3616357.html				clean
recall-before	2-5%	https://learningenglish.voanews.com/a/a-23-a-2003-01-21-2-1-83116892/121628.html	9		33	uncovered		You can get more information about solar food dryers from the group Volunteers in Technical Assistance. You can contact VITA through the Internet at its Web address: w-w-w dot v-i-t-a dot o-r-g. (www.vita.org)
recall-before	2-5%	https://learningenglish.voanews.com/a/real-mermaids-not-really-but/3313412.html				clean
recall-before	2-5%	https://learningenglish.voanews.com/a/trending-today-march-18-2016-dc-eagle-cam/3244322.html				clean
recall-before	2-5%	https://learningenglish.voanews.com/a/verbs-and-summer-weather/5928601.html				clean
recall-before	5-10%	https://learningenglish.voanews.com/a/quit-or-join-the-rat-race-/5257168.html	22		33	uncovered		In the Comments Section, let us know if you are stuck in a rat race, if you like being in the rat race or if you have avoided a rat-race kind of life.
recall-before	5-10%	https://learningenglish.voanews.com/a/a-23-a-2004-12-21-2-1-83118357/122146.html	0		4	uncovered		Broadcast: December 21, 2004
recall-before	5-10%	https://learningenglish.voanews.com/a/run-something-up-the-flagpole-to-test-an-idea/7205585.html	17		8	uncovered		lifeblood –n. the most important part of something
recall-before	5-10%	https://learningenglish.voanews.com/a/run-something-up-the-flagpole-to-test-an-idea/7205585.html	18		7	uncovered		bold –adj. strong, clear and without fear
recall-before	5-10%	https://learningenglish.voanews.com/a/run-something-up-the-flagpole-to-test-an-idea/7205585.html	19		10	uncovered		tweak –v. to change something a little to improve it
recall-before	5-10%	https://learningenglish.voanews.com/a/run-something-up-the-flagpole-to-test-an-idea/7205585.html	20		16	uncovered		feedback –n. advice or criticism given to a person or group providing a product or service
recall-before	5-10%	https://learningenglish.voanews.com/a/run-something-up-the-flagpole-to-test-an-idea/7205585.html	21		18	uncovered		salute –v. to honor (a person, a nation, an event, etc.) by a conventional military or naval ceremony
recall-before	5-10%	https://learningenglish.voanews.com/a/run-something-up-the-flagpole-to-test-an-idea/7205585.html	22		9	uncovered		pitch in –v. to contribute to a common task
recall-before	5-10%	https://learningenglish.voanews.com/a/run-something-up-the-flagpole-to-test-an-idea/7205585.html	23		10	uncovered		gauge –v. to judge the qualities of someone or something
recall-before	5-10%	https://learningenglish.voanews.com/a/dead-giveaway----not-as-dark-as-it-sounds/7773187.html	2		25	uncovered		On this program we explore words and expressions in the English language. We give examples, notes on usage and sometimes use them in short conversations.
recall-before	5-10%	https://learningenglish.voanews.com/a/using-punctuation-marks/6325202.html	42		37	uncovered		Editor's note: An earlier version of this story had an error in reference to one of the sentences. It has been corrected. We thank our listeners and readers for their thoughtful comments which make our stories better.
recall-before	5-10%	https://learningenglish.voanews.com/a/using-punctuation-marks/6325202.html	44		27	uncovered		punctuation –n. the marks (such as periods and commas) in a piece of writing that make its meaning clear and that separate it into sentences and clauses
recall-before	5-10%	https://learningenglish.voanews.com/a/improve-your-vocabulary-part-3/7631919.html	23		12	uncovered		Yaroslav Khrokalo wrote this lesson with Gena Bennett for VOA Learning English.
recall-before	5-10%	https://learningenglish.voanews.com/a/a-23-a-2005-03-01-2-1-83123512/123882.html	9		26	uncovered		You can get more information about solar food dryers from the group Volunteers in Technical Assistance. VITA is on the Internet at v-i-t-a dot o-r-g. (vita.org.)
recall-before	5-10%	https://learningenglish.voanews.com/a/words-and-their-stories-money-part-2-111682839/118726.html				clean
recall-before	5-10%	https://learningenglish.voanews.com/a/a-23-2007-05-13-voa4-83132537/127067.html				clean
recall-before	5-10%	https://learningenglish.voanews.com/a/a-23-2009-05-22-voa1-83143822/130462.html				clean
recall-before	5-10%	https://learningenglish.voanews.com/a/a-23-2005-08-24-voa1-83123382/123817.html				clean
recall-before	5-10%	https://learningenglish.voanews.com/a/clothing-designer-from-malawi-targets-overseas-markets/3611983.html				clean
recall-before	5-10%	https://learningenglish.voanews.com/a/a-23-2006-07-06-voa1-83128562/125703.html				clean
recall-before	5-10%	https://learningenglish.voanews.com/a/when-do-you-go-against-the-grain-/7527943.html				clean
recall-before	5-10%	https://learningenglish.voanews.com/a/a-23-a-2004-08-04-1-1-83118962/122312.html	0		4	uncovered		[Broadcast May 6, 2004]
recall-before	5-10%	https://learningenglish.voanews.com/a/a-23-a-2004-08-04-1-1-83118962/122312.html	11		2	uncovered		Comprehension Questions:
recall-before	5-10%	https://learningenglish.voanews.com/a/a-23-a-2004-08-04-1-1-83118962/122312.html	12		13	uncovered		1. What are students able to do if they pass the GED examination?
recall-before	5-10%	https://learningenglish.voanews.com/a/a-23-a-2004-08-04-1-1-83118962/122312.html	13		8	uncovered		2. How many students take it per year?
recall-before	5-10%	https://learningenglish.voanews.com/a/a-23-a-2004-08-04-1-1-83118962/122312.html	14		7	uncovered		3. What subjects does the GED test?
recall-before	5-10%	https://learningenglish.voanews.com/a/a-23-a-2004-08-04-1-1-83118962/122312.html	15		12	uncovered		4. How many GED holders complete a year or more of college?
recall-before	5-10%	https://learningenglish.voanews.com/a/a-23-a-2004-08-04-1-1-83118962/122312.html	16		10	uncovered		5. Give two of the criticisms of the GED system.
recall-before	5-10%	https://learningenglish.voanews.com/a/mouth-expressions-bad-taste-mouthpiece/1780388.html				clean
recall-before	5-10%	https://learningenglish.voanews.com/a/a-23-a-2002-11-29-3-1-83112602/120556.html	5		4	uncovered		((MUSIC: FIFE AND DRUMS))
recall-before	5-10%	https://learningenglish.voanews.com/a/how-to-use-swimming-to-deal-with-life-s-situations/7789389.html				clean
recall-before	5-10%	https://learningenglish.voanews.com/a/a-23-2009-09-25-voa3-83143072/118600.html	13		11	uncovered		"We leave you with a song from the musical play, ""Cats."""
recall-before	5-10%	https://learningenglish.voanews.com/a/it-s-okay-to-take-a-page-from-someone-else-s-book-/6323652.html				clean
recall-before	5-10%	https://learningenglish.voanews.com/a/merrimack-virginia-monitor/2487429.html				clean
recall-before	5-10%	https://learningenglish.voanews.com/a/a-23-2007-07-09-voa3-83135107/127972.html				clean
recall-before	5-10%	https://learningenglish.voanews.com/a/a-23-solar-cookers-83126737/125024.html	7		37	uncovered		To learn more about solar cooking, you can write to Solar Cookers International. The address is nineteen nineteen Twenty-First Street, Sacramento, California, nine-five-eight-one-four, USA. Or you can visit the group’s Internet Web site. The address is www.solarcooking.org.
recall-before	5-10%	https://learningenglish.voanews.com/a/oil-and-water-do-not-mix/7075239.html				clean
recall-before	5-10%	https://learningenglish.voanews.com/a/some-or-any/5146156.html				clean
recall-before	5-10%	https://learningenglish.voanews.com/a/a-23-2006-12-05-voa3-83128887/125812.html				clean
recall-before	5-10%	https://learningenglish.voanews.com/a/a-23-2008-03-24-voa1-83136867/128591.html				clean
recall-before	5-10%	https://learningenglish.voanews.com/a/words-and-their-stories-nose-and-ear-expressions/1516907.html				clean
recall-before	5-10%	https://learningenglish.voanews.com/a/a-23-2009-10-22-voa3-83143947/116656.html				clean
recall-before	5-10%	https://learningenglish.voanews.com/a/words-and-their-stories-it-will-not-wash-131321349/118831.html				clean
recall-before	5-10%	https://learningenglish.voanews.com/a/a-23-2007-04-09-voa1-83135032/127945.html	2		35	uncovered		Every week at this time we tell the story of words and expressions used in American English. Some of them are old. Some are new. Together, they form the living speech of the American people.
recall-before	5-10%	https://learningenglish.voanews.com/a/red-hot-in-the-pink-green-with-envy-greenbacks-brownouts-blackouts/1840747.html				clean
recall-before	5-10%	https://learningenglish.voanews.com/a/hobsons-choice-between-a-rock-and-a-hard-place/1820856.html				clean
recall-before	5-10%	https://learningenglish.voanews.com/a/a-23-a-2002-08-31-1-1-83112512/120515.html				clean
recall-before	5-10%	https://learningenglish.voanews.com/a/a-23-2006-08-06-voa2-83130037/126212.html				clean
recall-after	2%	https://learningenglish.voanews.com/a/health-and-lifestyle-report-robots-help-sick-children-feel-less-lonely/3559737.html				clean
recall-after	2%	https://learningenglish.voanews.com/a/taxi-driver-fishing-fly-maker/2742057.html				clean
recall-after	2%	https://learningenglish.voanews.com/a/how-to-express-your-opinions-in-english/4755937.html				clean
recall-after	2%	https://learningenglish.voanews.com/a/michael-jackson-1958-2009-he-amazed-the-world-with-his-music-and-dancing-132940268/131312.html	0		21	uncovered		Read and listen to the article. Then open the activities on the right side of the page to improve your English!
recall-after	2%	https://learningenglish.voanews.com/a/contractions-with-question-words-/6402013.html				clean
recall-after	2%	https://learningenglish.voanews.com/a/artist-gives-new-life-to-unpopular-plants/4083980.html				clean
recall-after	2%	https://learningenglish.voanews.com/a/tennis-changes-lives-of-young-people-in-washington/4873414.html				clean
recall-after	2%	https://learningenglish.voanews.com/a/solar-powered-plane-lands-in-hawaii-after-crossing-the-pacific-ocean/2850891.html				clean
recall-after	2%	https://learningenglish.voanews.com/a/3532313.html				clean
recall-after	2%	https://learningenglish.voanews.com/a/are-you-free-on-friday-lets-learn-english/3355785.html				clean
recall-after	2%	https://learningenglish.voanews.com/a/bread-now-too-costly-for-many-zimbabweans/4817823.html				clean
recall-after	2%	https://learningenglish.voanews.com/a/your-body-posture-can-change-your-brain/2710394.html				clean
recall-after	2%	https://learningenglish.voanews.com/a/how-allowance-helps-children-learn-about-money/1552053.html				clean
recall-after	2%	https://learningenglish.voanews.com/a/student-develops-gun-unlocked-by-fingerprint/2936238.html				clean
recall-after	2%	https://learningenglish.voanews.com/a/homeless-shelter-lesbian-transgender-bisexual-gay/2750365.html				clean
recall-after	2%	https://learningenglish.voanews.com/a/older-ukrainians-threatened-by-war-with-russia/2676545.html				clean
recall-after	2%	https://learningenglish.voanews.com/a/volunteers-change-lives-build-community/2930236.html				clean
recall-after	2%	https://learningenglish.voanews.com/a/music-artist-and-singer-drake-149067615/609700.html	0		21	uncovered		Read and listen to the article. Then open the activities on the right side of the page to improve your English!
recall-after	2%	https://learningenglish.voanews.com/a/this-is-casual-grammar-dude/5257332.html				clean
recall-after	2%	https://learningenglish.voanews.com/a/writing-about-your-life/6516279.html	47		20	uncovered		For all of our other readers and listeners, we hope that you have learned something from the suggestions we gave.
recall-after	2%	https://learningenglish.voanews.com/a/making-noise-study-quiet/2924465.html				clean
recall-after	2%	https://learningenglish.voanews.com/a/farmers-use-creative-methods-to-grow-crops/2649527.html				clean
recall-after	2%	https://learningenglish.voanews.com/a/181598.html				clean
recall-after	2%	https://learningenglish.voanews.com/a/common-phrasal-verbs-with-go-/4985201.html				clean
recall-after	2%	https://learningenglish.voanews.com/a/lets-learn-english-lesson-35-lets-make-dinner/3571922.html	28		5	uncovered		(The story continues next week)
recall-after	2%	https://learningenglish.voanews.com/a/more-tenses-in-we-didn-t-start-the-fire-/7246333.html				clean
recall-after	2%	https://learningenglish.voanews.com/a/lets-learn-english-lesson-43-time-for-plan-b/3666458.html				clean
recall-after	2%	https://learningenglish.voanews.com/a/how-to-express-condolences/6794862.html	36		41	uncovered		I would like to close this report by thanking our readers and listeners over the past few weeks. Writing to us or leaving a comment has really meant a lot to me over the past month. I appreciate it so much!
recall-after	2%	https://learningenglish.voanews.com/a/how-to-express-condolences/6794862.html	37		6	uncovered		Thank you, and I’m Faith Pirlo.
recall-after	2%	https://learningenglish.voanews.com/a/longleaf-pine-trees-give-us-more-than-just-wood/5850386.html				clean
recall-after	2%	https://learningenglish.voanews.com/a/have-you-met-the-perfect-tenses/3628488.html	1		24	uncovered		Editor’s note: This is the third episode of four-part series on verb tenses. Be sure to listen to part one and part two first.
recall-after	2%	https://learningenglish.voanews.com/a/have-you-met-the-perfect-tenses/3628488.html	36		22	uncovered		And those are the three perfect tenses. Join us next week on Everyday Grammar for an explanation of the perfect progressive tenses.
recall-after	2%	https://learningenglish.voanews.com/a/have-you-met-the-perfect-tenses/3628488.html	39		16	uncovered		Here is a video explaining the difference between the simple past and the past perfect tense.
recall-after	2%	https://learningenglish.voanews.com/a/common-phrasal-verbs-with-off-/5745393.html	44		10	uncovered		Well, that brings us to the end of today’s program.
recall-after	2%	https://learningenglish.voanews.com/a/common-phrasal-verbs-with-off-/5745393.html	47		5	uncovered		Practice what you learned today!
recall-after	2%	https://learningenglish.voanews.com/a/common-phrasal-verbs-with-off-/5745393.html	48		24	uncovered		In the comments section below, rewrite the sentence examples for “put off” and “pay off” by placing the direct objects after the phrasal verbs.
recall-after	2%	https://learningenglish.voanews.com/a/amazing-animals-make-world-record-book/2969282.html				clean
recall-after	2%	https://learningenglish.voanews.com/a/everyday-grammar-the-mysterious-word-whose-/4479936.html	38		46	uncovered		Well, that’s our time for today. You can use the Comments section to practice using “whose” in questions, relative clauses and noun clauses. You can also check each other’s work. Or, to say it another way, use the Comments section to see who’s using “whose” correctly.
recall-after	2%	https://learningenglish.voanews.com/a/country-music-ladies-put-men-in-their-place/2948291.html				clean
recall-after	2%	https://learningenglish.voanews.com/a/grammar-and-mother-s-day-/5878135.html				clean
recall-after	2%	https://learningenglish.voanews.com/a/if-and-whether-part-1/5646993.html	45		29	uncovered		That’s our program for this week. Join us again soon for Part 2. We will talk about when “if” must be used and when “whether” and “if” are interchangeable.
recall-after	2%	https://learningenglish.voanews.com/a/if-and-whether-part-1/5646993.html	46		14	uncovered		I will also show you an easy way to remember which one to choose!
recall-after	2%	https://learningenglish.voanews.com/a/unusual-plurals-everyday-grammar/2968871.html	23		30	uncovered		There are many more irregular plural forms in English. We’ll look at those in another episode of Everyday Grammar. For now, we leave you with Frank Sinatra, singing Autumn Leaves,
recall-after	2%	https://learningenglish.voanews.com/a/unusual-plurals-everyday-grammar/2968871.html	25		16	uncovered		Famous children’s authors reading the classic children’s story, “One Fish, Two Fish, Red Fish, Blue Fish.”
recall-after	2%	https://learningenglish.voanews.com/a/youngest-mayor-in-maryland-history/2776135.html				clean
recall-after	2%	https://learningenglish.voanews.com/a/young-women-in-myanmar-turn-away-from-traditional-neck-rings/4533113.html				clean
recall-after	2%	https://learningenglish.voanews.com/a/rising-seas-force-changes-on-historic-farms/4638771.html				clean
recall-after	2-5%	https://learningenglish.voanews.com/a/getting-to-know-the-verb-get/3617759.html	61		44	uncovered		The Everyday Grammar team hopes you enjoyed learning a few of the many meanings of the verb get. So, get going and enjoy this wonderful verb. We've got to go now. But keep listening in the coming weeks for more words with many meanings.
recall-after	2-5%	https://learningenglish.voanews.com/a/6423885.html	34		40	uncovered		In today’s report, we explored one kind of conditional statement. If you would like to learn more about conditional statements in detail, please read our earlier stories about conditionals. We also have videos that explore different kinds of conditional statements.
recall-after	2-5%	https://learningenglish.voanews.com/a/dont-be-caught-with-your-pants-down-words-and-their-stories/2838495.html	9		19	uncovered		This VOA Learning English program, Words and Their Stories, was written by Jill Moss and presented by Faith Lapidus.
recall-after	2-5%	https://learningenglish.voanews.com/a/dont-be-caught-with-your-pants-down-words-and-their-stories/2838495.html	10		22	uncovered		We leave you with this Nancy Sinatra – yes, that’s right, Frank Sinatra’s daughter – singing “These Boots Are Made for Walkin'.”
recall-after	2-5%	https://learningenglish.voanews.com/a/dont-be-caught-with-your-pants-down-words-and-their-stories/2838495.html	13		18	uncovered		"Here is the full song of Nancy Sinatra singing her 1966 hit ""These Boots Are Made For Walkin'."""
recall-after	2-5%	https://learningenglish.voanews.com/a/very-large-crack-creating-iceberg-in-antarctica/3674010.html				clean
recall-after	2-5%	https://learningenglish.voanews.com/a/team-sports-teach-life-lessons/4998076.html				clean
recall-after	2-5%	https://learningenglish.voanews.com/a/caught-with-pants-down-tighten-your-belt/1686173.html	10		14	uncovered		This VOA Special English program “Words and Their Stories” was written by Jill Moss.
recall-after	2-5%	https://learningenglish.voanews.com/a/remind-or-remember-/5989343.html				clean
recall-after	2-5%	https://learningenglish.voanews.com/a/words-and-their-stories-heard-it-rhough-the-grapevine/3437538.html	2		19	uncovered		Each week we explore the stories behind common American words and expressions. We try to give you useful information.
recall-after	2-5%	https://learningenglish.voanews.com/a/words-and-their-stories-heard-it-rhough-the-grapevine/3437538.html	18		15	uncovered		How do secret messages travel in your language? Do they also go through the grapevine?
recall-after	2-5%	https://learningenglish.voanews.com/a/words-and-their-stories-heard-it-rhough-the-grapevine/3437538.html	19		15	uncovered		"The song at the end is Marvin Gaye singing, ""I Heard It Through the Grapevine."""
recall-after	2-5%	https://learningenglish.voanews.com/a/islamic-state-called-more-brutal-than-taliban/3036788.html				clean
recall-after	2-5%	https://learningenglish.voanews.com/a/money-cash-loaded-dutch-treat/1742606.html				clean
recall-after	2-5%	https://learningenglish.voanews.com/a/grammar-and-gossip-/6825557.html				clean
recall-after	2-5%	https://learningenglish.voanews.com/a/grammar-for-giving-gifts/7377191.html	25		33	uncovered		Once you find the correct location, then discussions about price might come. We explored that subject in an earlier lesson, which you can find in the Everyday Grammar area of our website, learningenglish.voanews.com.
recall-after	2-5%	https://learningenglish.voanews.com/a/grammar-for-giving-gifts/7377191.html	35		9	uncovered		Future lessons will explore gift giving in greater detail.
recall-after	2-5%	https://learningenglish.voanews.com/a/american-summer-camp-teaches-about-korean-culture/4536601.html				clean
recall-after	2-5%	https://learningenglish.voanews.com/a/a-23-2008-06-08-voa1-83138212/128812.html				clean
recall-after	2-5%	https://learningenglish.voanews.com/a/advice-modals-and-coronavirus-/5374838.html	47		19	uncovered		Try writing some suggestions by using the patterns we explored. You can write us in the website’s Comments Section.
recall-after	2-5%	https://learningenglish.voanews.com/a/school-in-a-pakistani-public-park-helps-poor-children/3313051.html				clean
recall-after	2-5%	https://learningenglish.voanews.com/a/americans-go-crazy-for-ramps-in-the-spring/4398816.html				clean
recall-after	2-5%	https://learningenglish.voanews.com/a/advising-others-to-take-your-advice/4991191.html				clean
recall-after	2-5%	https://learningenglish.voanews.com/a/russian-military-reenactors/3393847.html				clean
recall-after	2-5%	https://learningenglish.voanews.com/a/an-introduction-to-verb-tenses/3123576.html	0		18	uncovered		Editors note: This is the first of a four-part series on verb tenses. Click here for part two.
recall-after	2-5%	https://learningenglish.voanews.com/a/an-introduction-to-verb-tenses/3123576.html	71		24	uncovered		This is just a basic introduction to verb tenses. In the following weeks, we will cover the more difficult verb tenses in more detail.
recall-after	2-5%	https://learningenglish.voanews.com/a/everyday-grammar-common-sentence-patterns-part-4/3499292.html	32		14	uncovered		You can read more about the passive voice in a previous Everyday Grammar story.
recall-after	2-5%	https://learningenglish.voanews.com/a/everyday-grammar-common-sentence-patterns-part-4/3499292.html	73		14	uncovered		** You can read more about Adverbial information in a previous Everyday Grammar story.
recall-after	2-5%	https://learningenglish.voanews.com/a/words-and-their-stories-to-err-is-human/3921794.html	2		20	uncovered		On this program we explore the origins of common expressions in American English and, more importantly, how to use them.
recall-after	2-5%	https://learningenglish.voanews.com/a/top-brass-what-americans-call-their-employers/1543408.html				clean
recall-after	2-5%	https://learningenglish.voanews.com/a/what-is-popular-in-different-countries-/7496917.html				clean
recall-after	2-5%	https://learningenglish.voanews.com/a/americans-serve-others-to-honor-mlk/2603746.html				clean
recall-after	2-5%	https://learningenglish.voanews.com/a/education-focus-withpomodoro-technique/3872654.html	26		15	uncovered		Give the Pomodoro technique a try, and let us know how it works for you.
recall-after	2-5%	https://learningenglish.voanews.com/a/2977108.html	1		9	uncovered		Now, the VOA Learning program Words and Their Stories.
recall-after	2-5%	https://learningenglish.voanews.com/a/2977108.html	20		17	uncovered		And that brings us to enemies, which will be the subject of another Words and Their Stories.
recall-after	2-5%	https://learningenglish.voanews.com/a/words-and-their-stories-it-will-not-wash/1627060.html				clean
recall-after	2-5%	https://learningenglish.voanews.com/a/how-to-be-productive-during-difficult-times/5693184.html				clean
recall-after	2-5%	https://learningenglish.voanews.com/a/international-day-of-the-girl/4066305.html				clean
recall-after	2-5%	https://learningenglish.voanews.com/a/words-and-their-stories-pass-the-buck/4212360.html	2		33	uncovered		Each week, we try to have a new story. In these stories, we explain English words and expressions. Often, they come from day-to-day events in our lives and become part of the language.
recall-after	2-5%	https://learningenglish.voanews.com/a/words-and-their-stories-pass-the-buck/4212360.html	31		24	uncovered		Practice using one of the expressions you heard here. Describe a time when maybe you passed the buck or owned up to a mistake!
recall-after	2-5%	https://learningenglish.voanews.com/a/how-to-stay-warm-and-safe-in-freezing-weather/1571922.html	12		26	uncovered		Next week on the Health Report: advice from experts about what to do, and not to do, to help someone who is injured by cold weather.
recall-after	2-5%	https://learningenglish.voanews.com/a/has-fate-brought-us-together/2600196.html	2		12	uncovered		No, not fate. It is simply time for Words and Their Stories.
recall-after	2-5%	https://learningenglish.voanews.com/a/how-do-i-improve-my-listening-skills-part-1-/5254777.html				clean
recall-after	2-5%	https://learningenglish.voanews.com/a/does-a-good-luck-charm-work-like-a-charm-/7097165.html				clean
recall-after	2-5%	https://learningenglish.voanews.com/a/a-23-2008-03-24-voa2-83136952/128607.html				clean
recall-after	2-5%	https://learningenglish.voanews.com/a/a-23-2009-07-07-voa1-83141497/129804.html				clean
recall-after	2-5%	https://learningenglish.voanews.com/a/health-lifestyle-food-cravings/4184716.html				clean
recall-after	2-5%	https://learningenglish.voanews.com/a/what-is-the-word-order-of-adjectives-/4775294.html				clean
recall-after	2-5%	https://learningenglish.voanews.com/a/modals-permission-everyday-grammar/3355585.html	19		17	uncovered		But that’s another episode. Until next time, we’ll leave you a song of permission by the Temptations.
recall-after	2-5%	https://learningenglish.voanews.com/a/health-lifestyle-can-better-clothes-make-you-more-money/3921610.html	35		36	uncovered		Do you or disagree that our clothing matters? Describe your favorite go-to outfit, the one that always makes you feel great when you wear it. You can do both of these things in the Comments Section.
recall-after	2-5%	https://learningenglish.voanews.com/a/dots-and-spots/6318930.html				clean
recall-after	2-5%	https://learningenglish.voanews.com/a/many-handy-hand-expressions-/7621434.html				clean
recall-after	2-5%	https://learningenglish.voanews.com/a/a-23-a-2005-03-08-2-1-83126747/125025.html				clean
recall-after	2-5%	https://learningenglish.voanews.com/a/grammar-and-recommendations-/7155122.html	52		32	uncovered		Today, we explored a few ways to talk about recommendations. In future lessons, we will explore recommendations in more detail, as well as many other fun, useful topics that connect with grammar.
recall-after	5-10%	https://learningenglish.voanews.com/a/using-do-in-positive-statements/5523890.html				clean
recall-after	5-10%	https://learningenglish.voanews.com/a/google-maps-share-location/3784624.html				clean
recall-after	5-10%	https://learningenglish.voanews.com/a/a-23-a-2004-07-27-2-1-83123242/123774.html				clean
recall-after	5-10%	https://learningenglish.voanews.com/a/a-23-2009-12-10-voa2-83142052/118596.html				clean
recall-after	5-10%	https://learningenglish.voanews.com/a/a-23-a-2004-09-21-1-1-83119032/122366.html				clean
recall-after	5-10%	https://learningenglish.voanews.com/a/cant-hold-a-candle-hold-your-tongue-hold-out-hold-on/1875638.html	2		10	uncovered		I’m Rich Kleinfeldt with expressions made using the word “hold.”
recall-after	5-10%	https://learningenglish.voanews.com/a/cant-hold-a-candle-hold-your-tongue-hold-out-hold-on/1875638.html	11		17	uncovered		Now, I must “hold the line” on this program -- I have no more time left today.
recall-after	5-10%	https://learningenglish.voanews.com/a/as-while-or-meanwhile-/5982118.html				clean
recall-after	5-10%	https://learningenglish.voanews.com/a/some-say-there-s-no-smoke-without-fire-/5728986.html	2		11	uncovered		On this program we explore words and sayings in American English.
recall-after	5-10%	https://learningenglish.voanews.com/a/you-don-t-have-to-sing-to-preach-to-the-choir-/5938829.html				clean
recall-after	5-10%	https://learningenglish.voanews.com/a/muhammad-ali-remembered-louisville/3369414.html				clean
recall-after	5-10%	https://learningenglish.voanews.com/a/rocking-the-boat-upsets-everything/5081238.html				clean
recall-after	5-10%	https://learningenglish.voanews.com/a/broken-heart-or-heart-of-stone/1849410.html	2		10	uncovered		I’m Rich Kleinfeldt with some expressions using the word heart.
recall-after	5-10%	https://learningenglish.voanews.com/a/trending-college-student-shares-whopper-exam/3206530.html				clean
recall-after	5-10%	https://learningenglish.voanews.com/a/words-and-their-stories-bag-expressions-121701089/118775.html	1		22	uncovered		Different people have different ways of saying things – their own special expressions. Each week we tell about some popular American expressions.
recall-after	5-10%	https://learningenglish.voanews.com/a/make-or-create-/5851869.html				clean
recall-after	5-10%	https://learningenglish.voanews.com/a/loose-cannons-are-dangerous/4665046.html	2		26	uncovered		On this show, we explore the world of American English. We talk about common expressions, where they come from and, most importantly, how to use them.
recall-after	5-10%	https://learningenglish.voanews.com/a/spoiled-food-and-drink/7717616.html				clean
recall-after	5-10%	https://learningenglish.voanews.com/a/one-trick-pony-has-limits/5791227.html	18		23	uncovered		And we here at VOA Learning English specialize in using stories to teach English. But I hope you don’t consider us one-trick ponies.
recall-after	5-10%	https://learningenglish.voanews.com/a/a-23-2006-02-22-voa1-83131542/126720.html				clean
recall-after	5-10%	https://learningenglish.voanews.com/a/one-direction-star-wars-sing/3105981.html	15		17	uncovered		Check out band members Niall Horan, Louis Tomlinson, Liam Payne and Harry Styles singing along with Corden.
recall-after	5-10%	https://learningenglish.voanews.com/a/one-direction-star-wars-sing/3105981.html	22		15	uncovered		If you can’t wait until then to see the baby panda, check out this video.
recall-after	5-10%	https://learningenglish.voanews.com/a/one-direction-star-wars-sing/3105981.html	32		11	uncovered		If you look at the video, we think you will, too.
recall-after	5-10%	https://learningenglish.voanews.com/a/a-23-2007-05-22-voa2-83135497/128092.html				clean
recall-after	5-10%	https://learningenglish.voanews.com/a/stand-and-stay/6413977.html				clean
recall-after	5-10%	https://learningenglish.voanews.com/a/words-and-their-stories-it-will-not-wash-131321349/118831.html				clean
recall-after	5-10%	https://learningenglish.voanews.com/a/farther-or-further/5180769.html	25		15	uncovered		We hope our Ask a Teacher program helps you further your understanding of American English!
recall-after	5-10%	https://learningenglish.voanews.com/a/a-23-2008-05-19-voa2-83138327/128857.html				clean
recall-after	5-10%	https://learningenglish.voanews.com/a/words-and-their-stories-proverbs-about-how-to-live-118716419/118762.html				clean
recall-after	5-10%	https://learningenglish.voanews.com/a/are-children-taking-too-many-tests/3052273.html				clean
recall-after	5-10%	https://learningenglish.voanews.com/a/april-showers-bring-may-flowers-/6519628.html				clean
recall-after	5-10%	https://learningenglish.voanews.com/a/ask-a-teacher-raise-of-rise-/4578337.html				clean
recall-after	5-10%	https://learningenglish.voanews.com/a/mortgage-and-death/2906744.html				clean
recall-after	5-10%	https://learningenglish.voanews.com/a/a-23-2009-07-24-voa4-83140532/118591.html				clean
recall-after	5-10%	https://learningenglish.voanews.com/a/a-23-2008-06-26-voa1-83136172/128355.html	5		29	uncovered		Answer a question about the best place to visit in the United States … And celebrate the one hundredth anniversary of the song “Take Me Out to the Ballgame”
recall-after	5-10%	https://learningenglish.voanews.com/a/a-23-2008-06-26-voa1-83136172/128355.html	26		39	uncovered		One note from us: The United States is not just a country of big cities. It offers great spots for nature lovers, too. There are deserts, canyons, volcanoes, rivers and swamps, just to list a few. Another program, perhaps?
recall-after	5-10%	https://learningenglish.voanews.com/a/a-23-2008-06-26-voa1-83136172/128355.html	37		56	uncovered		Some of the musicians at the JVC Jazz Festival New York are not as famous as others. For example, a three-member group called The Bad Plus has been performing for eight years. Critics say they are very popular with young jazz fans. We leave you with a song from their latest recording, “Prog.” Here is “Giant.”
recall-after	5-10%	https://learningenglish.voanews.com/a/let-and-leave/5594733.html				clean
recall-after	5-10%	https://learningenglish.voanews.com/a/making-nation-voa-lee-surrender-appomattox/2555100.html				clean
recall-after	5-10%	https://learningenglish.voanews.com/a/words-and-their-stories-chickenfeed-104208034/118707.html				clean
added-sample-1	glossary	https://learningenglish.voanews.com/a/climate-change-produces-more-pollen-longer-allergy-season/6489843.html	17	glossary	11	correct	yes	runny – adj. having a thin flow of liquid coming out
added-sample-1	glossary	https://learningenglish.voanews.com/a/6531304.html	19	glossary	9	correct	yes	complaint – n. a formal allegation against a party
added-sample-1	glossary	https://learningenglish.voanews.com/a/the-last-leaf-o-henry/3918207.html	50	glossary	27	correct	yes	drawing – n. a picture, image, etc., that is made by making lines on a surface with a pencil, pen, marker, chalk, but usually not with paint
added-sample-1	glossary	https://learningenglish.voanews.com/a/facebook-wrist-device-aims-to-permit-control-of-virtual-objects/5828544.html	20	glossary	13	correct	yes	virtual – adj. taking place online or through computers instead of happening physically
added-sample-1	glossary	https://learningenglish.voanews.com/a/health-and-lifestyle-is-coconut-good-for-you/3861767.html	26	glossary	10	correct	yes	trend – n. something that is currently popular or fashionable
added-sample-1	glossary	https://learningenglish.voanews.com/a/everyday-grammar-learn-about-modal-auxiliaries/3854950.html	62	glossary	20	correct	yes	context – n. the situation in which something happens; the group of conditions that exist where and when something happens
added-sample-1	glossary	https://learningenglish.voanews.com/a/louvre-museum-in-abu-dhabi-shows-links-between-cultures/4020785.html	16	glossary	28	correct	yes	museum – n. a building in which interesting and valuable things (such as paintings and sculptures or scientific or historical objects) are collected and shown to the public
added-sample-1	glossary	https://learningenglish.voanews.com/a/cosmetic-surgeries-rise-in-south-korea-during-pandemic/5724258.html	25	glossary	11	correct	yes	forehead – n. the part of the face above the eyes
added-sample-1	glossary	https://learningenglish.voanews.com/a/us-launches-app-to-fight-terrorism-/6433108.html	22	glossary	9	correct	yes	evolution –n. a process of slow change or development
added-sample-1	glossary	https://learningenglish.voanews.com/a/taliban-divided-as-new-leaders-force-women-to-cover-bodies-/6564184.html	20	glossary	14	correct	yes	scholar – n. a person who has studied a subject for a long time
added-sample-1	glossary	https://learningenglish.voanews.com/a/south-korean-president-removed/3759884.html	35	glossary	16	correct	yes	tenure – n. the amount of time that a person holds a job, office or title
added-sample-1	glossary	https://learningenglish.voanews.com/a/scientists-work-to-help-brown-pelicans-on-shrinking-islands/6676964.html	19	glossary	11	correct	yes	conservation – n. the protection of animals, plants, and natural resources
added-sample-1	glossary	https://learningenglish.voanews.com/a/biden-meets-with-families-of-building-collapse-search-halted/5950111.html	26	glossary	21	correct	yes	appreciate – v. to understand the worth or importance of (something or someone) : to admire and value (something or someone)
added-sample-1	glossary	https://learningenglish.voanews.com/a/japanese-olympic-committee-head-resigns/4838074.html	24	glossary	23	correct	yes	battery – n. a device that is placed inside a machine (such as a clock, toy, or car) to supply it with electricity
added-sample-1	glossary	https://learningenglish.voanews.com/a/cameroon-media-face-restrictions-reporting/3849489.html	29	glossary	8	correct	yes	axe – n. a sharp tool for cutting
added-sample-1	glossary	https://learningenglish.voanews.com/a/health-and-lifestyle-is-coconut-good-for-you/3861767.html	27	glossary	13	correct	yes	craze – n. something that is very popular for a period of time
added-sample-1	glossary	https://learningenglish.voanews.com/a/one-billion-young-people-risk-hearing-loss-from-loud-music/2723230.html	19	glossary	13	correct	yes	irreversible – adj. impossible to change back to a previous condition or state
added-sample-1	glossary	https://learningenglish.voanews.com/a/ghanaian-artist-turns-glass-waste-into-art/6526560.html	22	glossary	10	correct	yes	passion – n. a feeling of excitement about doing something
added-sample-1	glossary	https://learningenglish.voanews.com/a/devil-tom-walker-washington-irving/2850897.html	37	glossary	15	correct	yes	treasure – n. a large collection of money, jewels or other things of great value
added-sample-1	glossary	https://learningenglish.voanews.com/a/disney-offers-star-wars-fans-new-experience/6468897.html	19	glossary	19	correct	yes	exhibit – n. something put out in a public place to be seen, such as a work of art
added-sample-1	glossary	https://learningenglish.voanews.com/a/an-eye-for-an-eye/7764503.html	29	glossary	10	correct	yes	retaliate –v. to strike back against a wrong or attack
added-sample-1	glossary	https://learningenglish.voanews.com/a/elephants-play-polo-to-raise-money/2441402.html	12	glossary	5	correct	yes	corporations - n. companies, businesses
added-sample-1	glossary	https://learningenglish.voanews.com/a/college-success-helping-others-to-help-yourself/5062212.html	21	glossary	12	correct	yes	campus – n. the area and buildings around a university, college, school
added-sample-1	glossary	https://learningenglish.voanews.com/a/everyday-grammar-common-sentence-patterns-part-3/3488629.html	62	glossary	10	correct	yes	intransitive – adj. not taking or having a direct object
added-sample-1	glossary	https://learningenglish.voanews.com/a/history-of-us-executive-orders/3695242.html	25	glossary	8	correct	yes	memoranda – n. written records or communication; directives
added-sample-1	glossary	https://learningenglish.voanews.com/a/english-no-longer-requirement-for-new-york-city-taxi-drivers/3482284.html	37	glossary	12	correct	yes	hail – v. to greet or summon by calling <hail a taxi>
added-sample-1	glossary	https://learningenglish.voanews.com/a/cosmetic-surgeries-rise-in-south-korea-during-pandemic/5724258.html	23	glossary	14	correct	yes	mask – n. a covering for your face or for part of your face:
added-sample-1	glossary	https://learningenglish.voanews.com/a/children-families-struggle-with-repeated-covid-19-infections/6487635.html	31	glossary	11	correct	yes	fever – n. a body temperature that is higher than normal
added-sample-1	glossary	https://learningenglish.voanews.com/a/restore-and-recover/6405298.html	29	glossary	9	correct	yes	confused – adj. unable to understand or think clearly
added-sample-1	glossary	https://learningenglish.voanews.com/a/elephants-play-polo-to-raise-money/2441402.html	10	glossary	18	correct	yes	donations - n. something such as money, food, clothes that you give to help a person or organization
added-sample-1	glossary	https://learningenglish.voanews.com/a/us-researchers-methane-levels-increase-at-record-speed/6526265.html	26	glossary	12	correct	yes	decay – v. to be slowly destroyed by natural processes, broken down
added-sample-1	glossary	https://learningenglish.voanews.com/a/age-70-social-media-personalities-change-people-s-ideas/6216108.html	32	glossary	9	correct	yes	recipe –n. a set of directions for making food
added-sample-1	glossary	https://learningenglish.voanews.com/a/change-work-schedule-could-cure-social-jetlag/2736499.html	18	glossary	13	correct	yes	shift – n. the scheduled period of time during which a person works
added-sample-1	glossary	https://learningenglish.voanews.com/a/in-a-time-of-rising-prices-college-is-next/6434658.html	34	glossary	19	correct	yes	graduate - adj. relating to a course of study that comes after a bachelor’s degree or a first degree
added-sample-1	glossary	https://learningenglish.voanews.com/a/in-us-fishing-becomes-more-popular-during-coronavirus-crisis/5408857.html	19	glossary	18	correct	yes	cast – v. to throw (a fishing line or hook) into the water by using a fishing pole
added-sample-1	glossary	https://learningenglish.voanews.com/a/djokovic-misses-tennis-grand-slam-british-teenager-raducanu-surprise-women-s-winner/6224883.html	33	glossary	10	correct	yes	remarkable –adj. unusual or surprising : likely to be noticed
added-sample-1	glossary	https://learningenglish.voanews.com/a/great-outdoors-is-great-escape-during-coronavirus-crisis/5828721.html	31	glossary	12	correct	yes	trail –n. a simple path through a forest, field or natural area
added-sample-1	glossary	https://learningenglish.voanews.com/a/young-chinese-seek-freer-life-in-southwestern-city/7377709.html	35	glossary	10	correct	yes	emphasize –v. to place importance and bring attention to something
added-sample-1	glossary	https://learningenglish.voanews.com/a/a-lot-and-lot-/6475573.html	30	glossary	6	correct	yes	spicy – adj. having strong flavors
added-sample-1	glossary	https://learningenglish.voanews.com/a/eagles-founder-glenn-frey-dies/3153396.html	16	glossary	16	correct	yes	sold-out – adj. of or relating to an event where all the tickets have been sold​
added-sample-1	glossary	https://learningenglish.voanews.com/a/everyday-grammar-meanings-of-take/3882982.html	56	glossary	11	correct	yes	task – n. a piece of work; an action or duty
added-sample-1	glossary	https://learningenglish.voanews.com/a/using-hyphens-/6590685.html	44	glossary	10	correct	yes	behave –v. to act in an acceptable or correct way
added-sample-1	glossary	https://learningenglish.voanews.com/a/study-shipping-a-major-threat-to-world-s-biggest-fish/6567465.html	12	glossary	9	correct	yes	collision – n. an act or instance of colliding
added-sample-1	glossary	https://learningenglish.voanews.com/a/health-agreement-asks-chinese-people-to-help-strangers-heart-attack-stroke-deaths-cpr/2913835.html	21	glossary	12	correct	yes	cardiac arrest – n. medical temporary or permanent stopping of the heartbeat
added-sample-1	glossary	https://learningenglish.voanews.com/a/small-farm-a-big-hit-in-big-city/2925811.html	18	glossary	8	correct	yes	peak – v. to reach the highest level
added-sample-1	glossary	https://learningenglish.voanews.com/a/google-internet-balloon/3738423.html	19	glossary	13	correct	yes	aircraft – n. something that flies; a vehicle for traveling through the air
added-sample-1	glossary	https://learningenglish.voanews.com/a/voa-english-newscast-october-9-/2999124.html	17	glossary	7	correct	yes	evolving – v. changing or developing slowly
added-sample-1	glossary	https://learningenglish.voanews.com/a/emotional-night-at-oscars-for-best-actor-winner-will-smith/6504983.html	23	glossary	25	correct	yes	devil – n. the most powerful evil spirit in the religion of Christianity, Islam and Judaism who is often shown as the ruler of hell
added-sample-1	glossary	https://learningenglish.voanews.com/a/us-launches-app-to-fight-terrorism-/6433108.html	20	glossary	13	correct	yes	feature –n. an important part, quality or ability of something (often a product)
added-sample-1	glossary	https://learningenglish.voanews.com/a/everyday-grammar-noun-clause/3817249.html	56	glossary	8	correct	yes	challenge – n. a difficult test or problem
added-sample-1	glossary	https://learningenglish.voanews.com/a/who-doesnt-have-a-tattoo-body-ink-surges/3081463.html	38	glossary	16	correct	yes	leopard – n. a large brownish-yellow cat with black spots that lives in Asia and Africa
added-sample-1	glossary	https://learningenglish.voanews.com/a/norway-fm-to-digital/3673706.html	17	glossary	12	correct	yes	transition – n. a change from one state or condition to another
added-sample-1	glossary	https://learningenglish.voanews.com/a/football-player-criticized-for-dancing-while-black/3178630.html	37	glossary	24	correct	yes	arrogant – adj. having or showing the insulting attitude of people who believe that they are better, smarter, or more important than other people
added-sample-1	glossary	https://learningenglish.voanews.com/a/selectusa-summit/3389355.html	28	glossary	15	correct	yes	capital – n. money and property that is used to start or operate a business
added-sample-1	glossary	https://learningenglish.voanews.com/a/who-doesnt-have-a-tattoo-body-ink-surges/3081463.html	31	glossary	40	correct	yes	needle – n. a very thin, pointed steel tube that is pushed through the skin so that something (such as a drug) can be put into your body or so that blood or other fluids can be taken from it
added-sample-1	glossary	https://learningenglish.voanews.com/a/4028896.html	21	glossary	17	correct	yes	donate – v. to give (money, food, clothes, etc.) in order to help a person or organization
added-sample-1	glossary	https://learningenglish.voanews.com/a/who-doesnt-have-a-tattoo-body-ink-surges/3081463.html	35	glossary	10	correct	yes	princess – n. a female member of a royal family
added-sample-1	glossary	https://learningenglish.voanews.com/a/3015834.html	25	glossary	8	correct	yes	handed down – v. to announce or declare
added-sample-1	glossary	https://learningenglish.voanews.com/a/pretend-and-imitation/6332535.html	26	glossary	15	correct	yes	pretend – v. to act as if something is true when it is not true
added-sample-1	glossary	https://learningenglish.voanews.com/a/football-player-criticized-for-dancing-while-black/3178630.html	49	glossary	8	correct	yes	thrust – v. to push something with force
added-sample-1	glossary	https://learningenglish.voanews.com/a/north-korea-malaysia-disagree-kim-death/3732212.html	24	glossary	23	correct	yes	consultation – n. a meeting in which someone (such as a doctor or lawyer) talks to a person about a problem, question, etc.
added-sample-1	glossary	https://learningenglish.voanews.com/a/coronavirus-crisis-creates-fear-doubt-among-arab-youth-/5520806.html	27	glossary	15	correct	yes	currency – n. a system of money in general use in a country or area
added-sample-1	glossary	https://learningenglish.voanews.com/a/everyday-grammar-the-meanings-of-have/3846723.html	51	glossary	4	correct	yes	character – n. personality
added-sample-1	glossary	https://learningenglish.voanews.com/a/mars-trip-is-now-official-nasa-goal-but-what-about-radiation/3794458.html	38	glossary	12	correct	yes	reverse – v. to change (something) to an opposite state or condition
added-sample-1	glossary	https://learningenglish.voanews.com/a/us-agency-permits-qualified-health-claim-for-yogurt/7610501.html	29	glossary	4	correct	yes	ridiculous –adj. not serious
added-sample-1	glossary	https://learningenglish.voanews.com/a/philadelphia-laundry-green-environment/1971917.html	23	glossary	13	correct	yes	equipment – n. things, tools or machines needed for a purpose or activity
added-sample-1	glossary	https://learningenglish.voanews.com/a/war-in-ukraine-among-reasons-for-high-cooking-oil-prices/6546427.html	30	glossary	9	correct	yes	catastrophe– n. a terrible disaster; an extremely bad event
added-sample-1	glossary	https://learningenglish.voanews.com/a/india-removes-the-poor-to-prepare-for-g20-gathering/7256848.html	16	glossary	5	correct	yes	erase–adj. relating to a city
added-sample-1	glossary	https://learningenglish.voanews.com/a/battle-second-manassas/2500984.html	22	glossary	11	correct	yes	wasted - adj. not used in a good or effective way
added-sample-1	glossary	https://learningenglish.voanews.com/a/djokovic-misses-tennis-grand-slam-british-teenager-raducanu-surprise-women-s-winner/6224883.html	29	glossary	24	correct	yes	tournament –n. a sports competition or series of contests that involves many players or teams and that usually continues for at least several days
added-sample-1	glossary	https://learningenglish.voanews.com/a/bitcoin-becomes-more-popular-in-iran-/5006150.html	22	glossary	12	correct	yes	kilowatt – n. a unit of electrical power equal to 1,000 watts
added-sample-1	glossary	https://learningenglish.voanews.com/a/gaza-social-media/1971565.html	19	glossary	17	correct	yes	general – n. a high military leader; ad. without details; affecting or including all or almost all
added-sample-1	glossary	https://learningenglish.voanews.com/a/restore-and-recover/6405298.html	31	glossary	20	correct	yes	coral – n. a creature that lives on the bottom of the sea; its body forms a hard rock-like material
added-sample-1	glossary	https://learningenglish.voanews.com/a/everyday-grammar-the-meanings-of-have/3846723.html	50	glossary	17	correct	yes	bicycle – n. a vehicle with two wheels; an exercise machine that looks like such a vehicle
added-sample-1	glossary	https://learningenglish.voanews.com/a/iran-continues-expelling-afghan-refugees/3869330.html	27	glossary	8	correct	yes	deteriorating – adj. to make or become worse
added-sample-1	glossary	https://learningenglish.voanews.com/a/somali-president/3716539.html	19	glossary	21	correct	yes	chant – v. to say (a word or phrase) many times in a rhythmic way usually loudly and with other people
added-sample-1	glossary	https://learningenglish.voanews.com/a/mit-will-require-sat-act-again/6510055.html	28	glossary	12	correct	yes	option - n. the chance to choose between two or more things
added-sample-1	glossary	https://learningenglish.voanews.com/a/speakers-to-class-of-2022-be-bold-and-enthusiastic-/6591056.html	32	glossary	18	correct	yes	cage – n. a box made of wire or metal bars in which people keep animals or birds
added-sample-1	glossary	https://learningenglish.voanews.com/a/group-of-us-lawmakers-place-blame-for-january-6-capitol-attack-on-trump-/6612448.html	30	glossary	13	correct	yes	summon– v. to order or call for people to appear at a place
added-sample-1	glossary	https://learningenglish.voanews.com/a/us-agency-predicts-busy-hurricane-season/6589048.html	23	glossary	10	correct	yes	dramatic- adj. sudden, extreme, or claiming a lot of attention
added-sample-1	glossary	https://learningenglish.voanews.com/a/turkey-bans-teaching-of-evolution-in-public-schools/3926756.html	32	glossary	11	correct	yes	theologian -- n. a person who is an expert on theology
added-sample-1	glossary	https://learningenglish.voanews.com/a/speakers-to-class-of-2022-be-bold-and-enthusiastic-/6591056.html	29	glossary	13	correct	yes	access – n. a way of being able to use or get something
added-sample-1	glossary	https://learningenglish.voanews.com/a/4559339.html	20	glossary	11	correct	yes	duty –n. a tax on goods being brought into a country
added-sample-1	glossary	https://learningenglish.voanews.com/a/devil-tom-walker-washington-irving/2850897.html	39	glossary	18	correct	yes	skull - n. the structure of bones that form the head and face of a person or animal
added-sample-1	glossary	https://learningenglish.voanews.com/a/Italian-program-teaches-immigrants-for-jobs-as-beekeepers/4011941.html	28	glossary	21	correct	yes	honey – n. a sweet viscid material elaborated out of the nectar of flowers in the honey sac of various bees
added-sample-1	glossary	https://learningenglish.voanews.com/a/philippine-leader-criticizes-facebook-for-removing-page-supported-by-military/5602004.html	18	glossary	17	correct	yes	account – n. an arrangement in which a person uses internet or service of a particular company
added-sample-1	glossary	https://learningenglish.voanews.com/a/south-africa-loses-cultural-landmarks-as-covid-remains/5885232.html	14	glossary	17	correct	yes	boxing gloves - n. cushioned hand-coverings that fighters wear on their hands during boxing matches and practices
added-sample-1	glossary	https://learningenglish.voanews.com/a/un-grain-shortage-could-affect-much-of-africa-/6567051.html	32	glossary	12	correct	yes	miller – n. a person or company that makes flour from grain
added-sample-1	glossary	https://learningenglish.voanews.com/a/worst-mass-shooting-in-us-history/3372655.html	23	glossary	21	correct	yes	assault rifle - n. a gun that can shoot many bullets quickly and that is designed for use by the military​
added-sample-1	glossary	https://learningenglish.voanews.com/a/north-korea-reports-widespread-sickness-for-first-time-in-pandemic/6575893.html	23	glossary	5	correct	yes	belated – adj. coming late
added-sample-1	call_to_action	https://learningenglish.voanews.com/a/phone-listening/3377513.html	34	call_to_action	27	correct	yes	Do you wish your phone would let you know when the microphone was in use? Have you tested to see whether your phone is listening to you?
added-sample-1	call_to_action	https://learningenglish.voanews.com/a/florida-s-palm-trees-threatened-by-disease/5051356.html	24	call_to_action	29	correct	yes	We want to hear from you. What kinds of environmental concerns do people in your country have? Write to us in the Comments Section or on our Facebook page.
added-sample-1	call_to_action	https://learningenglish.voanews.com/a/us-high-court-to-review-race-consideration-in-college-admission/6415688.html	24	call_to_action	24	correct	yes	What do you think the Supreme Court will decide about Affirmative Action? Write to us in the Comments Section and visit our Facebook page.
added-sample-1	call_to_action	https://learningenglish.voanews.com/a/new-course-helps-technology-companies-get-started/3926845.html	25	call_to_action	31	correct	yes	Do you think Y Combinator would be useful to companies in your home? We want to hear from you. Write to us in the Comments Section or on our Facebook page.
added-sample-1	call_to_action	https://learningenglish.voanews.com/a/stanford-university-fitness-study/3878714.html	25	call_to_action	30	correct	yes	Do you wear a fitness tracker on your wrist? Do you think fitness trackers accurately measure heart rate and energy expended? Do you make decisions based on your fitness tracker?
added-sample-1	call_to_action	https://learningenglish.voanews.com/a/feathertop-by-nathaniel-hawthorne-/4550858.html	28	call_to_action	36	correct	yes	We want to hear from you. Have you ever met someone that later turned to be different from how you first thought of them? Let us know in the comments section or on our Facebook page.
added-sample-1	call_to_action	https://learningenglish.voanews.com/a/michael-phelps-fifth-olympics/3400578.html	18	call_to_action	33	correct	yes	How do you think your country’s swimmers will do at the Rio Summer Olympic Games? We want to hear from you. Write to us in the Comments Section or visit our Facebook page.
added-sample-1	call_to_action	https://learningenglish.voanews.com/a/who-too-much-screen-time-bad-for-children/4891186.html	17	call_to_action	25	correct	yes	We want to hear from you. What health affects do you think come from too much screen time? Let us know in the comments section.
added-sample-1	call_to_action	https://learningenglish.voanews.com/a/getting-paid-to-play-sick-at-school-139899253/115420.html	1	call_to_action	6	correct	yes	English teacher: Download an activity worksheet
added-sample-1	call_to_action	https://learningenglish.voanews.com/a/palmyra-may-be-better-than-expected/3263198.html	17	call_to_action	22	correct	yes	Do you think experts will be able to restore Palmyra? Write to us in the Comments Section or on our Facebook page.
added-sample-1	call_to_action	https://learningenglish.voanews.com/a/words-and-their-stories-for-all-book-lovers/3347532.html	31	call_to_action	17	correct	yes	Let us know if you have similar expressions using “book” in your language in the Comments Section.
added-sample-1	call_to_action	https://learningenglish.voanews.com/a/ilo-warning-on-children-caught-in-conflict-and-natural-disasters/3900713.html	19	call_to_action	30	correct	yes	How do you think the world can prevent child labor and exploitation? We want to hear from you. Write to us in the Comments Section or on our Facebook page.
added-sample-1	call_to_action	https://learningenglish.voanews.com/a/key-star-spangled-banner-war-1812/1707939.html	40	call_to_action	43	correct	yes	You can find our series online with transcripts, MP3s and podcasts at learningenglish.voanews.com. You can also follow us on Facebook and Twitter at VOA Learning English. I’m Steve Ember, inviting you to join us again next week for The Making of a Nation.
added-sample-1	call_to_action	https://learningenglish.voanews.com/a/life-in-the-fast-lane/3156302.html	25	call_to_action	21	correct	yes	Do you have a similar expression in your language? Let us know in the Comments section and on our Facebook page.
added-sample-1	call_to_action	https://learningenglish.voanews.com/a/nigerian-activist-brings-together-displaced-community/3565902.html	28	call_to_action	29	correct	yes	What do you think of the giving assistance to displaced people? We want to hear from you. Write to us in the Comments section or on our Facebook page.
added-sample-1	call_to_action	https://learningenglish.voanews.com/a/new-ai-technology-lets-students-evaluate-professors-by-chatting/4301189.html	28	call_to_action	32	correct	yes	What are other ways you think artificial intelligence could be used in higher education? We want to hear from you. Write to us in the Comments Section or on our Facebook page.
added-sample-1	call_to_action	https://learningenglish.voanews.com/a/facebook-found-mark-zuckerberg-has-social-accounts-hacked/3364224.html	12	call_to_action	29	correct	yes	We want to hear from you. Do you think more can be done to prevent internet hacking? Write to us in the Comments section, and visit our Facebook page.
added-sample-1	call_to_action	https://learningenglish.voanews.com/a/the-law-of-life-part-one-jack-london/3908780.html	13	call_to_action	14	correct	yes	To download a lesson plan to accompany this part of the story, click here.
added-sample-1	call_to_action	https://learningenglish.voanews.com/a/how-will-machine-translation-change-the-future-of-language-training-and-learning/3634810.html	34	call_to_action	30	correct	yes	What are your experiences with Google Translate and other machine translation services? We want to hear from you. Write to us in the Comments section, and visit our Facebook page.
added-sample-1	call_to_action	https://learningenglish.voanews.com/a/study-payin-ugandan-farmers-to-not-cut-down-trees-is-successful/3954173.html	14	call_to_action	31	correct	yes	Do you think landowners should be paid to not cut down their trees? We want to hear from you. Write to us in the Comments Section or on our Facebook page.
added-sample-1	call_to_action	https://learningenglish.voanews.com/a/classrooms-in-boston-peters-projection-world-map/3794682.html	38	call_to_action	22	correct	yes	Do you think learning from different styles of maps can have an effect on students? Write to us in the comments section.
added-sample-1	call_to_action	https://learningenglish.voanews.com/a/pacific-islanders-start-gardening-during-the-pandemic-/5717328.html	16	call_to_action	36	correct	yes	Do people have limited access to quality food in your country? What solutions have you heard about or read about in your country? We want to hear from you. Write to us in the Comments Section.
added-sample-1	call_to_action	https://learningenglish.voanews.com/a/fishing-for-more-than-fish/4541177.html	50	call_to_action	23	correct	yes	If you liked this week’s story about fish expressions and our conversation between two bank robbers, let us know in the Comments Section.
added-sample-1	call_to_action	https://learningenglish.voanews.com/a/why-are-there-so-many-no-hitters-in-baseball-this-year-/5898287.html	27	call_to_action	25	correct	yes	Why do you think there are more no-hitters than usual in baseball this year? Tell us in the Comments Section and visit our Facebook page.
added-sample-1	call_to_action	https://learningenglish.voanews.com/a/italian-immigrant-gelato/3460208.html	23	call_to_action	29	correct	yes	Do you think Dellaccio’s flavor will be named the best in the world? We want to know. Write to us in the Comments Section or on our Facebook page.
added-sample-1	call_to_action	https://learningenglish.voanews.com/a/a-princess-of-mars-by-edgar-rice-burroughs-part-four/4773687.html	42	call_to_action	35	correct	yes	Now it’s your turn to use these Words in This Story. In the comments section, write a sentence using one of these words and we will provide feedback on your use of vocabulary and grammar.
added-sample-1	call_to_action	https://learningenglish.voanews.com/a/museum-celebrates-history-of-california-wine/4985316.html	10	call_to_action	32	correct	yes	What kinds of things do you think you might learn from a wine museum? We want to hear from you. Write to us in the Comments Section or on our Facebook page.
added-sample-1	call_to_action	https://learningenglish.voanews.com/a/advice-modals-and-coronavirus-/5374838.html	30	call_to_action	28	correct	yes	If you would like to learn more about modals, read our Everyday Grammar story called “You Had Better Learn Modals.” You can find it on our website, learningenglish.voanews.com.
added-sample-1	call_to_action	https://learningenglish.voanews.com/a/settings-actions-lesson-in-fairy-tales-/6952246.html	36	call_to_action	5	correct	yes	Send your answers to learningenglish@voanews.com
added-sample-1	call_to_action	https://learningenglish.voanews.com/a/second-mers-case-found-thailand/3161943.html	11	call_to_action	31	correct	yes	Now it’s your turn. Have you heard of MERS? What do you think of traveling to get medical treatment? Write to us in the Comments section or on our Facebook page.
added-sample-1	call_to_action	https://learningenglish.voanews.com/a/janet-reno/3585297.html	19	call_to_action	27	correct	yes	Do you remember some of the cases Reno worked on? We want to hear from you. Write to us in the Comments Section or our Facebook page.
added-sample-1	call_to_action	https://learningenglish.voanews.com/a/music-stars-share-their-trade-with-kids-at-grammy-camp-135543718/114680.html	4	call_to_action	9	correct	yes	Teachers: Download this story as a PDF with activities
added-sample-1	call_to_action	https://learningenglish.voanews.com/a/fabric-fights-dust-mites-in-your-bed/2995321.html	11	call_to_action	16	correct	yes	Do you have allergies or asthma? Please leave a comment below or on our Facebook page.
added-sample-1	call_to_action	https://learningenglish.voanews.com/a/lets-teach-english-unit-3-speaking-skills-pronunciation/4011938.html	10	call_to_action	13	correct	yes	Please tell us about how you are using the 'Let's Teach English' course.
added-sample-1	call_to_action	https://learningenglish.voanews.com/a/un-report-says-17-percent-of-food-is-wasted/5803366.html	13	call_to_action	27	correct	yes	What are the ways you try to save food? We want to hear from you. Write to us in the Comments Section and visit our Facebook page.
added-sample-1	call_to_action	https://learningenglish.voanews.com/a/fall-colors/3581151.html	19	call_to_action	29	correct	yes	Did you see some fall colors this year? We want to hear from you. Write to us in the Comments Section and share some photos on our Facebook page.
added-sample-1	call_to_action	https://learningenglish.voanews.com/a/texas-gun-range-offers-free-gun-training-to-gay-community-lgbt/3413451.html	21	call_to_action	31	correct	yes	We want to hear from you. Do you think gun training for the gay community is a good idea? Write to us in the Comments section, and visit our Facebook page.
added-sample-1	call_to_action	https://learningenglish.voanews.com/a/obama-summer-music-playlist/3469319.html	18	call_to_action	26	correct	yes	What do you think of the music on Obama’s playlist? We want to know. Write to us in the Comments Section or on our Facebook page.
added-sample-1	call_to_action	https://learningenglish.voanews.com/a/3236302.html	11	call_to_action	19	correct	yes	Are midday naps common in your country? Let us know in the Comments section and on our Facebook page!
added-sample-1	call_to_action	https://learningenglish.voanews.com/a/boy-scout-jamboree-miley-100060569/114103.html	46	call_to_action	36	correct	yes	You can find transcripts, MP3s and podcasts of our shows at voaspecialenglish.com. If you have a question about American life, send an e-mail to mosaic@voanews.com. Please remember to tell us your name and where you live.
added-sample-1	call_to_action	https://learningenglish.voanews.com/a/basketball-great-surprises-florida-children/3165053.html	25	call_to_action	28	correct	yes	How would you have handled the situation with the kids? We want to hear from you. Write to us in the Comments Section or on our Facebook page.
added-sample-1	call_to_action	https://learningenglish.voanews.com/a/personal-tech-development-of-the-year/3107202.html	51	call_to_action	38	correct	yes	What tech trends do you think were most important in 2015? What tech trends do you think are ahead for us in 2016 and beyond? Share your thoughts in the Comments section below or on our Facebook page!
added-sample-1	call_to_action	https://learningenglish.voanews.com/a/remembering-sept-11/3500594.html	18	call_to_action	25	correct	yes	How will you remember September 11, 2001? We want to hear from you. Write to us in the Comments Section or on our Facebook page.
added-sample-1	call_to_action	https://learningenglish.voanews.com/a/star-trek-river-trash-angeles-vampire-weekend/1671458.html	45	call_to_action	13	correct	yes	Do you have a question about American life? Send an e-mail to mosaic@voanews.com.
added-sample-1	call_to_action	https://learningenglish.voanews.com/a/google-19th-birthday/4047096.html	18	call_to_action	23	correct	yes	What is your favorite Google doodle game? We want to know. Write to us in the Comments Section or on our Facebook page.
added-sample-1	call_to_action	https://learningenglish.voanews.com/a/ronald-reagan-1980s-carter-hinkley/1446879.html	75	call_to_action	51	correct	yes	You can find our series online with transcripts, MP3s, podcasts and pictures at voaspecialenglish.com. You can also follow us on Facebook and Twitter at VOA Learning English. I'm Steve Ember, inviting you to join us again next week for THE MAKING OF A NATION -- American history in VOA Special English.
added-sample-1	call_to_action	https://learningenglish.voanews.com/a/prematurity-the-global-problem-of-preterm-births/1363071.html	11	call_to_action	20	correct	yes	You can find a link to the full report, along with videos about the problem of premature births, at voaspecialenglish.com.
added-sample-1	call_to_action	https://learningenglish.voanews.com/a/monkeys-can-be-as-spiteful-as-humans/3156129.html	11	call_to_action	28	correct	yes	We want to hear from you. Write to us in the Comments section or share your views on our Facebook Page -- whether you like monkeys or not.
added-sample-1	call_to_action	https://learningenglish.voanews.com/a/trending-new-octopus-found/3223458.html	20	call_to_action	20	correct	yes	What do you think of the new octopus? Write to us in the Comments Section or on our Facebook page.
added-sample-1	call_to_action	https://learningenglish.voanews.com/a/muslim-countries-hope-for-more-visitors/3702255.html	20	call_to_action	24	correct	yes	What do you think about the temporary restrictions on immigrants and refugees by the United States? Let us know in the comments section below.
added-sample-1	call_to_action	https://learningenglish.voanews.com/a/fathers-group-watch-dogs/3469429.html	15	call_to_action	25	correct	yes	Do your children’s schools allow fathers to get involved? We want to know. Write to us in the Comments Section or on our Facebook page.
added-sample-1	call_to_action	https://learningenglish.voanews.com/a/france-ban-new-law-supermarket-donate-unsold-food/3227878.html	24	call_to_action	19	correct	yes	What do you think of the new law? Please leave us a Comment and post on our Facebook page!
added-sample-1	call_to_action	https://learningenglish.voanews.com/a/growing-ties-bewteen-china-and-the-philippines-raise-questions-about-future-of-asean/3567049.html	18	call_to_action	33	correct	yes	We want to hear from you. What do you think about a possible shift in the balance of power in ASEAN? Write to us in the Comments section, and visit our Facebook page.
added-sample-1	call_to_action	https://learningenglish.voanews.com/a/it-s-time-to-see-the-light-/7377698.html	32	call_to_action	19	correct	yes	We want to hear from you. Do you have similar expressions in your language? Our comment policy is here.
added-sample-1	call_to_action	https://learningenglish.voanews.com/a/scalise-returns-after-shooting/4048693.html	18	call_to_action	26	correct	yes	What do you think of Scalise’s return from his injury? We want to know. Write to us in the Comments Section or on our Facebook page.
added-sample-1	call_to_action	https://learningenglish.voanews.com/a/should-murder-mysteries-be-used-in-classrooms/3394304.html	29	call_to_action	16	correct	yes	Let us know in the Comments Section or join our conversation about this topic on Facebook.
added-sample-1	call_to_action	https://learningenglish.voanews.com/a/early-cherry-blossoms/3747375.html	19	call_to_action	27	correct	yes	Do you think the cherry blossoms will come early this year? We want to know. Write to us in the Comments Section or on our Facebook page.
added-sample-1	call_to_action	https://learningenglish.voanews.com/a/the-gift-of-the-magi-o-henry/4076022.html	43	call_to_action	23	correct	yes	Now it's your turn. Write to us in the Comments section or on our Facebook page about a very special gift you received
added-sample-1	call_to_action	https://learningenglish.voanews.com/a/college-students-describe-election/3254908.html	44	call_to_action	24	correct	yes	How politically active are young people in your country? At your universities? Let us know in the comments section or on our Facebook page.
added-sample-1	call_to_action	https://learningenglish.voanews.com/a/us-orders-special-advisor-troops-to-syria/3030091.html	10	call_to_action	23	correct	yes	What do you think about the U.S. sending advisors to Syria? Please let us know in the Comments or on our Facebook page.
added-sample-1	call_to_action	https://learningenglish.voanews.com/a/fallon-google-translate/3817238.html	15	call_to_action	22	correct	yes	Do you often use Google Translate? We want to know. Write to us in the Comments Section or on our Facebook page.
added-sample-1	call_to_action	https://learningenglish.voanews.com/a/sick-animals-rescued-from-shelter/3173836.html	11	call_to_action	27	correct	yes	What do you think should happen to the animals? We want to hear from you. Write to us in the Comments Section or on our Facebook page.
added-sample-1	call_to_action	https://learningenglish.voanews.com/a/making-miamis-little-haiti-neighborhood-great-again/4340797.html	25	call_to_action	26	correct	yes	How do you think communities can prevent gentrification?? We want to hear from you. Write to us in the Comments Section or on our Facebook page.
added-sample-1	call_to_action	https://learningenglish.voanews.com/a/is-fighter-executes-his-mother-in-syrian-town-square/3138240.html	14	call_to_action	20	correct	yes	Does this execution shock you? Let us know what you think in our Comments section and on our Facebook page.
added-sample-1	call_to_action	https://learningenglish.voanews.com/a/masked-dating/3576608.html	19	call_to_action	24	correct	yes	Would you go to a masked dating event? We want to know. Write to us in the Comments Section or on our Facebook page.
added-sample-1	call_to_action	https://learningenglish.voanews.com/a/report-warns-that-russian-hacking-in-catalonia-could-intensify/4224997.html	22	call_to_action	29	correct	yes	Do you think the news in your country can be trusted? We want to hear from you. Write to us in the Comments Section or on our Facebook page.
added-sample-1	call_to_action	https://learningenglish.voanews.com/a/trending-eclipse-starts-wednesday-ends-tuesday/3226327.html	22	call_to_action	32	correct	yes	Would you go out of your way to experience an eclipse? Did you see the eclipse on March 9 yourself? Write to us in the Comments Section or on our Facebook page.
added-sample-1	call_to_action	https://learningenglish.voanews.com/a/bethlehem-businesses-expect-second-slow-christmas-season/6320260.html	22	call_to_action	25	correct	yes	Have you been to Bethlehem during Christmas? What do you remember about your visit? Tell us in the Comments Section and visit our Facebook page.
added-sample-1	call_to_action	https://learningenglish.voanews.com/a/china-demands-halt-to-us-intelligence/3337558.html	13	call_to_action	18	correct	yes	We want to hear from you. Write to us in the comments, and post on our Facebook page.
added-sample-1	call_to_action	https://learningenglish.voanews.com/a/apple-sales-fall/3305449.html	23	call_to_action	29	correct	yes	Do you own an Apple product? Are you planning to replace it soon? We want to know. Write to us in the Comments Section or on our Facebook page.
added-sample-1	call_to_action	https://learningenglish.voanews.com/a/robot-cop-dubai/3889610.html	24	call_to_action	38	correct	yes	Do you like the idea of robot cops? Would you use one? Do you think robot cops will make the world safer and more convenient? Share your thoughts in the Comments Section below or on our Facebook page.
added-sample-1	call_to_action	https://learningenglish.voanews.com/a/us-taxes-low-compared-to-other-countries/3284051.html	12	call_to_action	26	correct	yes	How much in income tax do you pay? We want to hear from you. Write to us in the Comments Section or visit our Facebook page.
added-sample-1	call_to_action	https://learningenglish.voanews.com/a/what-is-popular-in-your-country-/7488370.html	27	call_to_action	22	correct	yes	What is a popular person, thing, or activity in your country? Why do you think the person, thing, or activity is popular?
added-sample-1	call_to_action	https://learningenglish.voanews.com/a/international-students-share-their-winter-holiday-plans/5194666.html	32	call_to_action	26	correct	yes	We want to hear from you. What do college and university students do during school breaks in your country? Write to us in the Comments Section.
added-sample-1	call_to_action	https://learningenglish.voanews.com/a/college-students-sexually-transmitted-diseases/3601294.html	34	call_to_action	40	correct	yes	We want to hear from you. How is sexual education taught in your country? What kinds of sexual health resources or services do universities in your country offer? Write to us in the Comments Section or on our Facebook page.
added-sample-1	call_to_action	https://learningenglish.voanews.com/a/uber-driver-green-lights/3657506.html	23	call_to_action	19	correct	yes	Do you know of other cities with long stretches of green lights? Let us know in the comments section.
added-sample-1	call_to_action	https://learningenglish.voanews.com/a/ancient-sanskrit-poem-teaches-about-modern-war/3557997.html	27	call_to_action	28	correct	yes	What do you think of the ideas in this play? We want to hear from you. Write to us in the Comments Section or on our Facebook page.
added-sample-1	call_to_action	https://learningenglish.voanews.com/a/ask-a-teacher-asking-someone-about-their-job/4598657.html	37	call_to_action	47	correct	yes	Do you have a question for Ask a Teacher? Write to us in the Comments area. Be sure to list your country! What do you do for a living? How long have you been doing it? Do you enjoy your work? We'd love to hear from you.
added-sample-1	call_to_action	https://learningenglish.voanews.com/a/the-fall-of-the-house-of-usher-part-two-edgar-allan-poe/3738372.html	17	call_to_action	46	correct	yes	Now it's your turn to use the words in this story. How do you help someone deal with the loss of a loved one? How do you deal with sad moments in your life? Let us know in the comments section or on our Facebook page.
added-sample-1	call_to_action	https://learningenglish.voanews.com/a/a-23-2009-10-15-voa5-83143332/130381.html	47	call_to_action	25	correct	yes	Do you have a question about people, places or things in America? You can send it to mosaic@voanews.comand we may answer it on this show.
added-sample-1	call_to_action	https://learningenglish.voanews.com/a/oceans-face-serious-threats/4235309.html	25	call_to_action	36	correct	yes	We want to hear from you. What more do you think the nations of the world can and should do to protect the oceans? Write to us in the Comments Section or on our Facebook page.
added-sample-1	call_to_action	https://learningenglish.voanews.com/a/some-in-us-reject-syrian-refugees/3062314.html	16	call_to_action	17	correct	yes	We want to hear from you. Write to us in the Comments section and our Facebook page.
added-sample-1	call_to_action	https://learningenglish.voanews.com/a/common-ways-to-express-purpose/3836668.html	60	call_to_action	7	correct	yes	Write your answer in the comments section.
added-sample-1	call_to_action	https://learningenglish.voanews.com/a/us-military-pivots-to-the-pacific/1865706.html	47	call_to_action	6	correct	yes	Or send an e-mail to: LearningEnglish@VOANews.com
added-sample-1	call_to_action	https://learningenglish.voanews.com/a/tech-communication-apps-and-grammar/5397845.html	34	call_to_action	30	correct	yes	Can you identify the linking verb? What are the important clues for telling you where the linking verb is? Write to us in the Comments Section of our website, learningenglish.voanews.com.
added-sample-1	call_to_action	https://learningenglish.voanews.com/a/russian-claiming-to-represent-islamic-state-threatened-us-military/4387985.html	33	call_to_action	21	correct	yes	Have you ever been the victim of a cyber-attack? Write to us in the Comments Section or on our Facebook page.
added-sample-1	call_to_action	https://learningenglish.voanews.com/a/dutch-rain-water-beer/3446032.html	17	call_to_action	28	correct	yes	What do you think about the people using rainwater to make beer? We want to know. Write to us in the Comments Section or on our Facebook page.
added-sample-1	call_to_action	https://learningenglish.voanews.com/a/a-day-for-fools/2701630.html	17	call_to_action	26	correct	yes	Do you have any ideas for April Fools’ Day pranks? Have your friends played pranks on you before? Tell us about one in the comments section!
added-sample-1	call_to_action	https://learningenglish.voanews.com/a/conservative-us-professor-watchlist/3637417.html	30	call_to_action	44	correct	yes	We want to hear from you. What types of political beliefs are the majority and minority at colleges in your country? Are there any similar lists of professors that you know of? Write to us in the Comments Section or on our Facebook page.
added-sample-1	call_to_action	https://learningenglish.voanews.com/a/sit-less-live-longer-health/2450738.html	30	call_to_action	24	correct	yes	In the comments section, write a sentence using one of these words and we will provide feedback on your use of vocabulary and grammar.
added-sample-1	programme	https://learningenglish.voanews.com/a/a-23-2006-08-09-voa3-83128862/125807.html	13	programme	25	correct	yes	And that's the VOA Special English Education Report, written by Nancy Steinbach. You can read transcripts and hear past reports at voaspecialenglish.com. I’m Pat Bodnar.
added-sample-1	programme	https://learningenglish.voanews.com/a/a-23-a-2003-11-01-1-1-83114157/120901.html	0	programme	4	correct	yes	Broadcast: November 3, 2003
added-sample-1	programme	https://learningenglish.voanews.com/a/a-23-2007-09-10-voa2-83134062/127645.html	46	programme	18	correct	yes	This SCIENCE IN THE NEWS was written by Nancy Steinbach. Our producer was Brianna Blake. I’m Faith Lapidus.
added-sample-1	programme	https://learningenglish.voanews.com/a/a-23-2006-06-19-voa1-83128102/125552.html	55	programme	12	correct	yes	SCIENCE IN THE NEWS was written by Nancy Steinbach. I’m Faith Lapidus.
added-sample-1	programme	https://learningenglish.voanews.com/a/a-23-a-2002-06-03-8-1-83109417/119821.html	52	programme	19	correct	yes	Our program today was written by Paul Thompson. It was produced and directed by Lawan Davis. I'm Rich Kleinfeldt
added-sample-1	programme	https://learningenglish.voanews.com/a/a-23-a-2004-12-14-1-1-83123267/123793.html	0	programme	4	correct	yes	Broadcast: December 14, 2004
added-sample-1	programme	https://learningenglish.voanews.com/a/a-23-a-2003-11-30-2-1-83117447/121801.html	0	programme	4	correct	yes	Broadcast: December 1, 2003
added-sample-1	programme	https://learningenglish.voanews.com/a/a-23-a-2004-05-09-2-1-83121012/122717.html	0	programme	4	correct	yes	Broadcast: May 10, 2004
added-sample-1	programme	https://learningenglish.voanews.com/a/a-23-2008-02-11-voa2-83135982/128269.html	47	programme	15	correct	yes	This SCIENCE IN THE NEWS program written and produced by Brianna Blake. I’m Bob Doughty.
added-sample-1	programme	https://learningenglish.voanews.com/a/full-steam-ahead-/6620470.html	2	programme	12	correct	yes	On this program, we explore words and expressions in the English language.
added-sample-1	programme	https://learningenglish.voanews.com/a/a-23-2007-11-28-voa2-83133957/117359.html	33	programme	31	correct	yes	RS: And that's WORDMASTER for this week. You can learn more about American English at our Web site, voanews.com/wordmaster. And our e-mail address is word@voanews.com. With Rosanne Skirble, I'm Avi Arditti.
added-sample-1	programme	https://learningenglish.voanews.com/a/a-23-a-2003-03-28-5-1-83118202/122078.html	0	programme	8	correct	yes	This is the VOA Special English Background Report.
added-sample-1	programme	https://learningenglish.voanews.com/a/a-23-a-2002-12-21-1-1-83110637/119951.html	0	programme	4	correct	yes	BROADCAST: December 21, 2002
added-sample-1	programme	https://learningenglish.voanews.com/a/a-23-a-2004-10-26-2-1-83122637/123458.html	0	programme	4	correct	yes	Broadcast: October 27, 2004
added-sample-1	programme	https://learningenglish.voanews.com/a/street-photographer-documents-urban-life-and-art/1748818.html	28	programme	9	correct	yes	And that is As It Is. Thanks for listening.
added-sample-1	programme	https://learningenglish.voanews.com/a/a-23-2007-07-04-voa1-83134542/127801.html	45	programme	22	correct	yes	This program of THE MAKING OF A NATION was written by Jeri Watson and produced by Paul Thompson. This is Rich Kleinfeldt.
added-sample-1	programme	https://learningenglish.voanews.com/a/a-23-a-2003-08-19-4-1-83114282/120969.html	0	programme	4	correct	yes	Broadcast: August 20, 2003
added-sample-1	programme	https://learningenglish.voanews.com/a/a-23-2005-11-01-voa2-83124357/117141.html	23	programme	21	correct	yes	AA: And that's Wordmaster for this week. Our e-mail address is word@voanews.com, and our segments are all posted online at voanews.com/wordmaster.
added-sample-1	programme	https://learningenglish.voanews.com/a/a-23-a-2003-08-18-2-1-83114222/120947.html	55	programme	19	correct	yes	SCIENCE IN THE NEWS was written by Caty Weaver. It was produced by Cynthia Kirk. This is Sarah Long.
added-sample-1	programme	https://learningenglish.voanews.com/a/daignostics-statistical-manual-psychiatrists/1686262.html	4	programme	3	correct	yes	Here’s Christopher Cruise.
added-sample-1	programme	https://learningenglish.voanews.com/a/kenyan-communities-worry-about-new-mineral-finds/1726128.html	38	programme	24	correct	yes	If you would like to reach us, send an email to learningenglish@voanews.com. Or go to our website at learningenglish.voanews.com and click on “Contact Us.”
added-sample-1	programme	https://learningenglish.voanews.com/a/a-23-2006-12-07-voa1-83129242/125955.html	41	programme	33	correct	yes	This show was written by Brianna Blake, Lawan Davis and Nancy Steinbach. Caty Weaver was the producer. To read the text of this program and download audio, go to our Web site, voaspecialenglish.com.
added-sample-1	programme	https://learningenglish.voanews.com/a/academic-writing-common-patterns-part-two-everyday-grammar/3997498.html	36	programme	12	correct	yes	John Russell adapted it for Learning English. Caty Weaver was the editor.
added-sample-1	programme	https://learningenglish.voanews.com/a/a-23-a-2004-11-24-1-1-83121937/123085.html	51	programme	38	correct	yes	You have been listening to the Special English program, THE MAKING OF A NATION. Your narrators were Harry Monroe and Jack Moyles. Our program was written by Frank Beardsley. THE MAKING OF A NATION can be heard Thursdays.
added-sample-1	programme	https://learningenglish.voanews.com/a/a-23-a-2004-11-02-1-1-83119882/122553.html	0	programme	4	correct	yes	Broadcast: November 3, 2004
added-sample-1	programme	https://learningenglish.voanews.com/a/china-rising-the-return-of-the-dragon/1767332.html	30	programme	7	correct	yes	And that’s As It Is for today.
added-sample-1	programme	https://learningenglish.voanews.com/a/a-23-a-2004-06-04-2-1-83121817/123029.html	0	programme	4	correct	yes	Broadcast: June 4, 2004
added-sample-1	programme	https://learningenglish.voanews.com/a/a-23-2009-10-06-voa2-83143197/130319.html	10	programme	35	correct	yes	And that's the VOA Special English Health Report, written by Caty Weaver. For more health news, go to voaspecialenglish.com. You can also follow us on Twitter and YouTube at VOA Learning English. I'm Mario Ritter.
added-sample-1	programme	https://learningenglish.voanews.com/a/a-23-a-2004-11-11-2-1-83120612/122640.html	0	programme	4	correct	yes	Broadcast: November 11, 2004
added-sample-1	programme	https://learningenglish.voanews.com/a/paying-tech-talents-to-drop-out-of-college-122799744/116827.html	15	programme	31	correct	yes	And that's the VOA Special English Technology Report, written by June Simms. Tell us what you think at voaspecialenglish.com or on Facebook and Twitter at VOA Learning English. I'm Steve Ember.
added-sample-1	programme	https://learningenglish.voanews.com/a/a-23-2008-12-17-voa6-83135747/128197.html	53	programme	50	correct	yes	Our program was written by Frank Beardsley. The narrators were Doug Johnson and Gwen Outen. Transcripts, MP3s and podcasts of our programs are online, along with historical images, at voaspecialenglish.com. Join us again next week for THE MAKING OF A NATION - an American history series in VOA Special English.
added-sample-1	programme	https://learningenglish.voanews.com/a/a-23-2007-07-10-voa6-83133117/127299.html	9	programme	18	correct	yes	And that's the VOA Special English Health Report, written by Mario Ritter and Caty Weaver. I'm Steve Ember.
added-sample-1	programme	https://learningenglish.voanews.com/a/a-23-a-2003-11-23-3-1-83114952/121132.html	0	programme	4	correct	yes	Broadcast: November 24, 2003
added-sample-1	programme	https://learningenglish.voanews.com/a/a-23-2007-04-09-voa1-83135032/127945.html	2	programme	35	correct	yes	Every week at this time we tell the story of words and expressions used in American English. Some of them are old. Some are new. Together, they form the living speech of the American people.
added-sample-1	programme	https://learningenglish.voanews.com/a/will-physicists-have-to-rewrite-the-theory-of-relativity-131559323/113233.html	0	programme	12	correct	yes	DOUG JOHNSON: Welcome to EXPLORATIONS, in VOA Special English. I’m Doug Johnson.
added-sample-1	programme	https://learningenglish.voanews.com/a/a-23-2007-04-08-voa1-83133207/127330.html	7	programme	31	correct	yes	And that's the VOA Special English Development Report, written by Jill Moss. You can read scripts and download audio of Special English programs at our Web site, voaspecialenglish.com. I’m Bob Doughty.
added-sample-1	programme	https://learningenglish.voanews.com/a/college-admissions-advice-identifying-resources/3989613.html	23	programme	12	correct	yes	Pete Musto reported this for Learning English. George Grow was the editor.
added-sample-1	programme	https://learningenglish.voanews.com/a/a-23-a-2004-05-05-4-1-83120707/122669.html	0	programme	4	correct	yes	Broadcast: May 6, 2004
added-sample-1	programme	https://learningenglish.voanews.com/a/atlantis-climate-change-mars-120658549/116855.html	29	programme	20	correct	yes	BOB DOUGHTY: This SCIENCE IN THE NEWS was written by Jim Tedder. Our producer was June Simms. I’m Bob Doughty.
added-sample-1	programme	https://learningenglish.voanews.com/a/a-23-a-2003-02-21-4-1-83115037/121159.html	0	programme	4	correct	yes	Broadcast: February 22, 2003
added-sample-1	programme	https://learningenglish.voanews.com/a/housing-plan-threatens-seed-bank-in-russia-101334344/112086.html	13	programme	28	correct	yes	And that’s the VOA Special English Agriculture Report, written by Jerilyn Watson. You can read and listen to our programs and get podcasts at voaspecialenglish.com. I’m Bob Doughty.
added-sample-1	programme	https://learningenglish.voanews.com/a/bangladesh-floating-farms/2535772.html	1	programme	9	correct	yes	From VOA Learning English, this is the Agriculture Report.
added-sample-1	programme	https://learningenglish.voanews.com/a/a-23-a-2002-11-15-3-1-83112027/120341.html	46	programme	18	correct	yes	This program was written and produced by Cynthia Kirk. Our audio engineer was Jim Harmon. I’m Mary Tillotson.
added-sample-1	programme	https://learningenglish.voanews.com/a/what-people-with-asthma-can-do-to-keep-it-under-control-102354824/114994.html	61	programme	18	correct	yes	This SCIENCE IN THE NEWS was written by June Simms, who was also our producer. I'm Faith Lapidus.
added-sample-1	programme	https://learningenglish.voanews.com/a/a-23-a-2004-05-25-4-1-83121542/122921.html	0	programme	4	correct	yes	Broadcast: May 26, 2004
added-sample-1	programme	https://learningenglish.voanews.com/a/deforestation-decreases-2010-04-05-89946527/111985.html	9	programme	26	correct	yes	And that’s the VOA Special English Agriculture Report, written by Jerilyn Watson. You can find transcripts, MP3s, podcasts and captioned videos at voaspecialenglish.com. I’m Bob Doughty.
added-sample-1	programme	https://learningenglish.voanews.com/a/a-23-a-2002-09-04-2-1-83112597/120554.html	48	programme	22	correct	yes	This program of THE MAKING OF A NATION was written by Jeri Watson and produced by Paul Thompson. This is Doug Johnson.
added-sample-1	programme	https://learningenglish.voanews.com/a/a-23-a-2004-11-17-1-1-83118822/118455.html	0	programme	4	correct	yes	Broadcast: November 17, 2004
added-sample-1	programme	https://learningenglish.voanews.com/a/want-to-lose-weight-try-counting-calories-137520783/115397.html	20	programme	21	correct	yes	And that's the VOA Special English Health Report. You can find a video about the study at voaspecialenglish.com. I'm Faith Lapidus.
added-sample-1	programme	https://learningenglish.voanews.com/a/italy-considers-budget-cuts-rising-borrowing-costs-133650943/113216.html	13	programme	21	correct	yes	And that's the VOA Special English Economics Report. Follow us on Facebook and Twitter at VOA Learning English. I'm Mario Ritter.
added-sample-1	programme	https://learningenglish.voanews.com/a/a-23-a-2003-04-21-2-1-83114062/120879.html	50	programme	24	correct	yes	SCIENCE IN THE NEWS was written by Karen Leggett, Jill Moss and Caty Weaver. It was produced by Mario Ritter. This is Sarah Long.
added-sample-1	programme	https://learningenglish.voanews.com/a/a-23-a-2002-04-11-2-1-83109377/119814.html	8	programme	10	correct	yes	This Special English ENVIRONMENT REPORT was written by Mario Ritter.
added-sample-1	programme	https://learningenglish.voanews.com/a/a-23-a-2003-09-28-2-1-83117857/121962.html	0	programme	4	correct	yes	Broadcast: September 29, 2003
added-sample-1	programme	https://learningenglish.voanews.com/a/improve-your-vocabulary-part-3/7631919.html	23	programme	12	correct	yes	Yaroslav Khrokalo wrote this lesson with Gena Bennett for VOA Learning English.
added-sample-1	programme	https://learningenglish.voanews.com/a/a-23-a-2003-12-03-2-1-83117532/121844.html	51	programme	47	correct	yes	You have been listening to the Special English program, THE MAKING OF A NATION. Your narrators were Shirley Griffith and Steve Ember. Our program was written by Frank Beardsley. THE MAKING OF A NATION can be heard on the Voice of America's Special English broadcasts on Thursdays.
added-sample-1	programme	https://learningenglish.voanews.com/a/a-23-a-2004-07-12-4-1-83122172/123192.html	11	programme	18	correct	yes	This VOA Special English Agriculture Report was written by Caty Weaver and Mario Ritter. This is Bob Doughty.
added-sample-1	programme	https://learningenglish.voanews.com/a/a-23-a-2004-03-28-4-1-83119747/122510.html	0	programme	4	correct	yes	Broadcast: March 29, 2004
added-sample-1	programme	https://learningenglish.voanews.com/a/learning-first-aid-what-to-do-until-you-find-medical-help/1499948.html	38	programme	45	correct	yes	CHRISTOPHER CRUISE: This SCIENCE IN THE NEWS was written by Jerilyn Watson. Our producer was June Simms. Your announcers were Bob Doughty and Pat Bodnar. I’m Christopher Cruise. Listen again next week for more news about science in Special English on the Voice of America.
added-sample-1	programme	https://learningenglish.voanews.com/a/a-silent-killer--carbon-monoxide-poisoning-138799839/117027.html	35	programme	23	correct	yes	BOB DOUGHTY: This SCIENCE IN THE NEWS was written by Christopher Cruise and June Simms, who was also our producer. I’m Bob Doughty.
added-sample-1	programme	https://learningenglish.voanews.com/a/words-and-their-stories-proverbs-about-how-to-live-118716419/118762.html	13	programme	30	correct	yes	This VOA Special English program was written by Shelley Gollust. I'm Faith Lapidus. You can find more proverbs and oth er WORDS AND THEIR STORIES at our Web site, voaspecialenglish.com.
added-sample-1	programme	https://learningenglish.voanews.com/a/a-23-a-2005-07-05-1-1-83123952/118545.html	25	programme	36	correct	yes	AA: And that's Wordmaster for this week. You can find the first part of our interview with Donna Akins on our Web site, voanews.com/wordmaster. And our e-mail address is word@voanews.com. With Rosanne Skirble, I'm Avi Arditti.
added-sample-1	programme	https://learningenglish.voanews.com/a/a-23-a-2004-04-01-1-1-83119862/122536.html	0	programme	4	correct	yes	Broadcast: April 2, 2004
added-sample-1	programme	https://learningenglish.voanews.com/a/teacher-shortage-means-some-u-s-school-systems-paying-more/5058851.html	24	programme	22	correct	yes	How are teachers paid in your country? What do you think of this story? Write to us in the comments section below.
added-sample-1	programme	https://learningenglish.voanews.com/a/texas-abortion-law-forces-women-to-go-out-of-state-for-help/6211729.html	16	programme	12	correct	yes	Jill Robbins adapted it for Learning English. Caty Weaver was the editor.
added-sample-1	programme	https://learningenglish.voanews.com/a/a-23-a-2003-12-05-1-1-83117552/121849.html	0	programme	4	correct	yes	Broadcast: December 6, 2003
added-sample-1	programme	https://learningenglish.voanews.com/a/ukrainian-children-taken-to-russia-by-force/6790541.html	28	programme	7	correct	yes	Jill Robbins adapted it for Learning English.
added-sample-1	programme	https://learningenglish.voanews.com/a/a-23-a-2003-07-14-1-1-83117122/121686.html	50	programme	27	correct	yes	SCIENCE IN THE NEWS was written by Karen Leggett and Nancy Steinbach. Our producer was Cynthia Kirk, with audio assistance from Dwayne Collins. This is Sarah Long.
added-sample-1	programme	https://learningenglish.voanews.com/a/a-23-a-2004-01-14-2-1-83121102/122732.html	0	programme	4	correct	yes	Broadcast: January 15, 2004
added-sample-1	programme	https://learningenglish.voanews.com/a/a-23-2007-05-21-voa2-83135242/128012.html	4	programme	8	correct	yes	Now, here is Barbara Klein with our story.
added-sample-1	programme	https://learningenglish.voanews.com/a/a-23-a-2004-05-18-1-1-83121257/122811.html	62	programme	21	correct	yes	SCIENCE IN THE NEWS was written by Nancy Steinbach and Jerilyn Watson. Cynthia Kirk was our producer. This is Sarah Long.
added-sample-1	programme	https://learningenglish.voanews.com/a/a-23-2006-08-02-voa3-83130042/126216.html	39	programme	54	correct	yes	You have been listening to THE MAKING OF A NATION -- a program in Special English by the Voice of America. Your narrators have been Harry Monroe and Warren Scheer. Our program was written by David Jarmul. The Voice of America invites you to listen again next week to THE MAKING OF A NATION.
added-sample-1	programme	https://learningenglish.voanews.com/a/a-23-a-2004-04-16-3-1-83118442/122162.html	0	programme	4	correct	yes	Broadcast: April 17, 2004
added-sample-1	programme	https://learningenglish.voanews.com/a/a-23-2005-07-20-voa3-83126152/124804.html	47	programme	48	correct	yes	You have been listening to THE MAKING OF A NATION, a program in Special English by the Voice of America. Your narrators were Larry West and Shep O'Neal. Our program was written by David Jarmul and Frank Beardsley. THE MAKING OF A NATION can be heard on Thursdays.
added-sample-1	programme	https://learningenglish.voanews.com/a/a-23-a-2004-11-30-1-1-83122887/123588.html	0	programme	4	correct	yes	Broadcast: November 1, 2004
added-sample-1	programme	https://learningenglish.voanews.com/a/a-23-a-2004-12-17-1-1-83118287/122112.html	0	programme	4	correct	yes	Broadcast: December 17, 2004
added-sample-1	programme	https://learningenglish.voanews.com/a/us-threatens-to-remove-millions-cuts-aid-to-central-america/4963928.html	16	programme	16	correct	yes	Mario Ritter Jr. adapted this VOA story for VOA Learning English. Hai Do was the editor.
added-sample-1	programme	https://learningenglish.voanews.com/a/a-23-a-2003-09-23-2-1-83116962/121645.html	0	programme	4	correct	yes	Broadcast: September 24, 2003
added-sample-1	programme	https://learningenglish.voanews.com/a/a-23-2009-07-27-voa2-83142802/130211.html	44	programme	18	correct	yes	This SCIENCE IN THE NEWS was written by June Simms. Our producer was Brianna Blake. I'm Faith Lapidus.
added-sample-1	programme	https://learningenglish.voanews.com/a/a-23-2008-06-27-voa1-83138682/128972.html	12	programme	28	correct	yes	And that's IN THE NEWS in VOA Special English, written by Brianna Blake. You can find scripts and download audio on our Web site, voaspecialenglish.com. I'm Steve Ember.
added-sample-1	programme	https://learningenglish.voanews.com/a/sigmund-freud-2010-04-12-90676114/114873.html	49	programme	16	correct	yes	FAITH LAPIDUS: SCIENCE IN THE NEWS was written and produced by Brianna Blake. I'm Faith Lapidus.
added-sample-1	programme	https://learningenglish.voanews.com/a/a-23-2009-12-02-voa2-83142827/115707.html	62	programme	53	correct	yes	Our program was written by Frank Beardsley and Christine Johnson. The narrators were Harry Monroe and Kay Gallant. Transcripts, MP3s and podcasts of our programs are online, along with historical images, at voaspecialenglish.com. Join us again next week for THE MAKING OF A NATION -- an American history series in VOA Special English.
added-sample-1	programme	https://learningenglish.voanews.com/a/a-23-a-2004-09-13-1-1-83118857/122288.html	57	programme	21	correct	yes	SCIENCE IN THE NEWS was written by Oliver Chanler and Caty Weaver. Cynthia Kirk was our producer. This is Bob Doughty.
added-sample-1	programme	https://learningenglish.voanews.com/a/a-23-2007-09-12-voa4-83133687/127508.html	40	programme	21	correct	yes	This program, THE MAKING OF A NATION, was written by Jerilyn Watson and produced by Jill Moss. This is Faith Lapidus.
added-sample-1	programme	https://learningenglish.voanews.com/a/a-23-a-2002-05-15-1-1-83112472/120499.html	52	programme	36	correct	yes	You have been listening to THE MAKING OF A NATION, a program in Special English by the Voice of America. Your narrators have been Harry Monroe and Jack Weitzel. Our program was written by David Jarmul.
added-sample-1	programme	https://learningenglish.voanews.com/a/good-teacher-met-project-112341399/113706.html	12	programme	34	correct	yes	And that's the VOA Special English Education Report, written by Lawan Davis. Join us online at voaspecialenglish.com. You can also join us on Facebook, Twitter and YouTube at VOA Learning English. I'm Steve Ember.
added-sample-1	programme	https://learningenglish.voanews.com/a/a-23-a-2004-01-07-2-1-83120687/122647.html	0	programme	4	correct	yes	Broadcast: January 8, 2004
added-sample-1	programme	https://learningenglish.voanews.com/a/a-23-a-2004-05-25-3-1-83121537/122920.html	55	programme	41	correct	yes	This Special English program was written, produced and directed by Paul Thompson. Your narrators were Shirley Griffith and Frank Oliver. This is Ray Freeman. Join us again next week at this time for another EXPLORATIONS program on the Voice of America.
added-sample-1	programme	https://learningenglish.voanews.com/a/a-23-2006-08-27-voa4-83128222/125580.html	9	programme	19	correct	yes	And that's the VOA Special English Development Report, written by Jill Moss and online at voaspecialenglish.com. I’m Steve Ember.
added-sample-1	programme	https://learningenglish.voanews.com/a/learning-first-aid-100794184/114984.html	39	programme	20	correct	yes	BOB DOUGHTY: This SCIENCE IN THE NEWS was written by Jerilyn Watson. Our producer was Mario Ritter. I'm Bob Doughty.
added-sample-1	programme	https://learningenglish.voanews.com/a/a-23-a-2003-08-07-3-1-83116327/121503.html	0	programme	4	correct	yes	Broadcast: August 7, 2003
added-sample-1	script	https://learningenglish.voanews.com/a/wilma-rudolph-1940-1994-the-fastest-woman-in-the-world-142191583/609428.html	17	script	5	correct	yes	(SOUND - 1960 ROME OLYMPICS)
added-sample-1	script	https://learningenglish.voanews.com/a/a-23-2006-07-25-voa4-83129427/125992.html	33	script	2	correct	yes	(SOUND: Countdown)
added-sample-1	script	https://learningenglish.voanews.com/a/a-23-a-2002-08-13-2-1-83109112/119745.html	36	script	4	correct	yes	"((MUSIC: ""Blue Suede Shoes""))"
added-sample-1	script	https://learningenglish.voanews.com/a/a-23-a-2002-08-09-1-1-83109242/119764.html	39	script	4	correct	yes	"((MUSIC: ""GOOD ROCKIN’ TONIGHT""))"
added-sample-1	script	https://learningenglish.voanews.com/a/a-23-a-2001-11-26-2-1-83033437/119211.html	33	script	2	correct	yes	((sfx: Countdown))
added-sample-1	script	https://learningenglish.voanews.com/a/a-23-2009-10-29-voa4-83141862/129930.html	42	script	6	correct	yes	(MUSIC: “If the Stars Were Mine”)
added-sample-1	script	https://learningenglish.voanews.com/a/a-23-2007-03-11-voa3-83134827/127871.html	35	script	4	correct	yes	"(MUSIC: ""Sail Away""/Randy Newman)"
added-sample-1	script	https://learningenglish.voanews.com/a/a-23-2009-06-04-voa1-83142292/130031.html	46	script	4	correct	yes	(MUSIC: “Here’s To Life”)
added-sample-1	script	https://learningenglish.voanews.com/a/a-23-2008-02-12-voa1-83136772/128575.html	45	script	8	correct	yes	"(MUSIC: ""When the Swallows Come Back to Capistrano"")"
added-sample-1	script	https://learningenglish.voanews.com/a/a-23-2008-08-16-voa1-83138107/128778.html	17	script	6	correct	yes	"(MUSIC: ""The Story of Bo Diddley"")"
added-sample-1	script	https://learningenglish.voanews.com/a/a-23-a-2002-05-16-2-1-83108892/119648.html	33	script	5	correct	yes	((Cut One – “It’s Love”))
added-sample-1	script	https://learningenglish.voanews.com/a/a-23-a-2002-03-14-1-1-83112572/120542.html	35	script	5	correct	yes	((CUT 2: STAR WARS SOUNDTRACK))
added-sample-1	script	https://learningenglish.voanews.com/a/a-23-2007-04-14-voa1-83132487/127069.html	29	script	4	correct	yes	"(MUSIC: ""My Favorite Things"")"
added-sample-1	script	https://learningenglish.voanews.com/a/arts-culture-radio-hollywood-great-depression/666865.html	13	script	6	correct	yes	(MUSIC: “On the Radio”/Frank De Vol)
added-sample-1	script	https://learningenglish.voanews.com/a/academy-awards-85777012/113981.html	20	script	3	correct	yes	(SOUND: “An Education”)
added-sample-1	script	https://learningenglish.voanews.com/a/making-music-together-121467669/114430.html	60	script	3	correct	yes	(SOUND: Britlin Losee)
added-sample-1	script	https://learningenglish.voanews.com/a/a-23-a-2002-02-01-2-1-83110792/120012.html	28	script	5	correct	yes	((CUT 4: Little Tin Box))
added-sample-1	script	https://learningenglish.voanews.com/a/this-classical-music-is-not-what-you-might-think-98211809/114089.html	20	script	3	correct	yes	"(MUSIC: ''Facades""/Philip Glass)"
added-sample-1	script	https://learningenglish.voanews.com/a/woody-guthrie1912-1967--he-wrote-one-of-americas-best-loved-songs-this-land-is-your-land-96661829/115457.html	15	script	7	correct	yes	"(MUSIC - ""THIS LAND IS YOUR LAND"")"
added-sample-1	script	https://learningenglish.voanews.com/a/a-23-a-2002-03-01-2-1-83110127/119857.html	36	script	7	correct	yes	"((TAPE CUT THREE: ""LOST IN THE STARS""))"
added-sample-1	script	https://learningenglish.voanews.com/a/a-season-for-snowflakes-and-sugarplum-fairies-112307674/114246.html	7	script	7	correct	yes	(MUSIC: “Dance of the Sugar Plum Fairy”)
added-sample-1	script	https://learningenglish.voanews.com/a/a-23-2008-09-14-voa5-83136947/128608.html	30	script	9	correct	yes	"(MUSIC: ""Do You Know the Way to San Jose"")"
added-sample-1	script	https://learningenglish.voanews.com/a/from-bhangra-to-reggae-a-musical-trip-around-the-world--100401079/114113.html	19	script	3	correct	yes	(MUSIC: “Hold You”)
added-sample-1	script	https://learningenglish.voanews.com/a/a-23-a-2002-02-15-3-1-83111192/120109.html	18	script	5	correct	yes	((TAPE CUT ONE: LINCOLN PORTRAIT))
added-sample-1	script	https://learningenglish.voanews.com/a/academy-awards-85777012/113981.html	61	script	2	correct	yes	(MUSIC: “Avatar”)
added-sample-1	script	https://learningenglish.voanews.com/a/american-history-the-war-in-the-pacific-124385689/116139.html	46	script	4	correct	yes	(SOUND: Atomic bomb tests)
added-sample-1	script	https://learningenglish.voanews.com/a/a-23-a-2001-09-14-5-1-83034957/119570.html	29	script	5	correct	yes	((CUT THREE: “RHAPSODY IN BLUE”))
added-sample-1	script	https://learningenglish.voanews.com/a/a-23-a-2003-02-28-2-1-83115242/121250.html	34	script	8	correct	yes	(CUT FIVE- “Los Aretes de la Luna”, CDJ-7538)
added-sample-1	script	https://learningenglish.voanews.com/a/a-23-a-2001-12-27-5-1-83034802/119518.html	9	script	7	correct	yes	((TAPE CUT ONE: VOCAL “AULD LANG SYNE”))
added-sample-1	script	https://learningenglish.voanews.com/a/two-of-santas-reindeer-flee-in-texas-really-135896448/112354.html	15	script	6	correct	yes	"(MUSIC: ""Rudolph the Red-Nose Reindeer""/Gene Autry)"
added-sample-1	script	https://learningenglish.voanews.com/a/a-few-steps-up-from-fast-food-and-down-the-road-from-fine-dining-lies-the-diner-131421398/112615.html	2	script	6	correct	yes	(MUSIC - “SHAKE, RATTLE AND ROLL”)
added-sample-1	script	https://learningenglish.voanews.com/a/a-23-a-2001-11-23-1-1-83033317/119152.html	31	script	8	correct	yes	((CUT FOUR: FREE AT LAST? [THE CIVIL WAR]))
added-sample-1	script	https://learningenglish.voanews.com/a/a-23-a-2001-08-22-2-1-83033697/119268.html	40	script	3	correct	yes	(CUT TWO: THRILLER)
added-sample-1	script	https://learningenglish.voanews.com/a/a-23-2009-02-14-voa1-83142927/130248.html	35	script	4	correct	yes	"(MUSIC: ""Rhapsody in Blue"")"
added-sample-1	script	https://learningenglish.voanews.com/a/a-23-2009-01-24-voa1-83142067/129982.html	16	script	9	correct	yes	"(MUSIC: ""He's Got the Whole World in His Hands"")"
added-sample-1	script	https://learningenglish.voanews.com/a/a-23-2008-06-28-voa1-83138742/128996.html	36	script	4	correct	yes	"(MUSIC: ""Seven Spanish Angels"")"
added-sample-1	script	https://learningenglish.voanews.com/a/a-23-a-2002-12-21-1-1-83110637/119951.html	21	script	6	correct	yes	"((TAPE CUT Three: ""Your Cheatin' Heart""))"
added-sample-1	script	https://learningenglish.voanews.com/a/a-23-a-2001-10-03-5-1-83032557/118975.html	36	script	6	correct	yes	((Music: ”FANFARE FOR THE COMMON MAN”))
added-sample-1	script	https://learningenglish.voanews.com/a/a-23-a-2002-06-06-1-1-83114017/120850.html	36	script	10	correct	yes	((CUT 1: WHERE WERE YOU WHEN THE WORLD STOPPED TURNING?))
added-sample-1	script	https://learningenglish.voanews.com/a/a-season-for-snowflakes-and-sugarplum-fairies-112307674/114246.html	26	script	4	correct	yes	(MUSIC- “Pas de Deux”)
added-sample-1	script	https://learningenglish.voanews.com/a/a-23-a-2001-09-14-5-1-83034957/119570.html	8	script	6	correct	yes	((CUT ONE: “AS TIME GOES BY”))
added-sample-1	script	https://learningenglish.voanews.com/a/time-capsule-us-two-world-wars/940239.html	48	script	4	correct	yes	(MUSIC: “Rhapsody in Blue”)
added-sample-1	script	https://learningenglish.voanews.com/a/a-23-2006-06-26-voa1-83130517/126413.html	19	script	5	correct	yes	"(MUSIC: ""Route 66""/Nat King Cole)"
added-sample-1	script	https://learningenglish.voanews.com/a/america-nineteen-fifties-family-life/1263187.html	36	script	4	correct	yes	"(MUSIC: “Don’t Be Cruel"")"
added-sample-1	script	https://learningenglish.voanews.com/a/a-23-a-2004-06-26-2-1-83119007/122361.html	21	script	5	correct	yes	(CUT ONE: SFX train whistle)
added-sample-1	presenter	https://learningenglish.voanews.com/a/plastic-bag-as-art/1966951.html	24	presenter	17	correct	yes	And I’m Caty Weaver. Join us again next week for another American Mosaic from VOA Learning English.
added-sample-1	presenter	https://learningenglish.voanews.com/a/a-23-2008-08-12-voa2-83139347/129171.html	53	presenter	29	correct	yes	And I'm Faith Lapidus. You can see pictures of several embassies in Washington on our Web site, voaspecialenglish.com. Join us again next week for Explorations in VOA Special English.
added-sample-1	presenter	https://learningenglish.voanews.com/a/martha-graham-mother-of-modern-dance/1496645.html	27	presenter	30	correct	yes	BARBARA KLEIN: And I'm Barbara Klein. You can learn about other interesting Americans at our Web site, voaspecialenglish.com. Join us next week for PEOPLE IN AMERICA in VOA Special English.
added-sample-1	presenter	https://learningenglish.voanews.com/a/tasting-wine-climate-change-105297993/112157.html	35	presenter	31	correct	yes	FAITH LAPIDUS: And I’m Faith Lapidus. You can comment on our programs and find transcripts, MP3s and podcasts at voaspecialenglish.com. Join us again next week for EXPLORATIONS in VOA Special English.
added-sample-1	presenter	https://learningenglish.voanews.com/a/a-23-2005-06-12-voa2-83126287/124861.html	53	presenter	32	correct	yes	And I’m Shirley Griffith. Our programs are on the Web at voaspecialenglish.com. Our e-mail address is special at voanews.com Join us again next week for THIS IS AMERICA in VOA Special English.
added-sample-1	presenter	https://learningenglish.voanews.com/a/florence-hate-crimes-immigrants/1653419.html	21	presenter	6	correct	yes	Kelly Jean Kelly has our report.
added-sample-1	presenter	https://learningenglish.voanews.com/a/a-23-2007-11-13-voa1-83134477/127785.html	48	presenter	30	correct	yes	And I’m Barbara Klein. You can see pictures of Mount Harmony and its soaps on our Web site, voaspecialenglish.com. Join us again next week for Explorations in VOA Special English.
added-sample-1	presenter	https://learningenglish.voanews.com/a/from-bhangra-to-reggae-a-musical-trip-around-the-world--100401079/114113.html	27	presenter	42	correct	yes	SHIRLEY GRIFFITH: And I’m Shirley Griffith. You can read and download programs on our Web site, voaspecialenglish.com. You can also find us on Facebook, Twitter, and YouTube at VOA Learning English. Join us again next week for EXPLORATIONS in VOA Special English.
added-sample-1	presenter	https://learningenglish.voanews.com/a/a-23-2009-12-08-voa2-83143937/130503.html	51	presenter	29	correct	yes	And I'm Bob Doughty. You can download podcasts and comment on our programs at our Web site, voaspecialenglish.com. Join us again next week for EXPLORATIONS in VOA Special English.
added-sample-1	presenter	https://learningenglish.voanews.com/a/climbers-break-new-records-on-everest-97444214/116399.html	38	presenter	41	correct	yes	STEVE EMBER: And I'm Steve Ember. You can comment about this story on our website, voaspecialenglish.com. You can also find us on Facebook, Twitter and iTunes at VOA Learning English. Join us again next week for EXPLORATIONS in VOA Special English.
added-sample-1	presenter	https://learningenglish.voanews.com/a/beyonce-perfect-girls-exhibit-bridaltradition-125593053/115497.html	44	presenter	31	correct	yes	DOUG JOHNSON: I’m Doug Johnson. Our program was written by Onka Dekker and Dana Demange, who was also our producer. If you have a question about American life, write to mosaic@voanews.com.
added-sample-1	presenter	https://learningenglish.voanews.com/a/a-23-2008-06-28-voa1-83138742/128996.html	3	presenter	13	correct	yes	And this is Doug Johnson with People In America in VOA Special English.
added-sample-1	presenter	https://learningenglish.voanews.com/a/a-23-2006-09-24-voa1-83128992/125846.html	46	presenter	31	correct	yes	And I’m Doug Johnson. You can read, listen to and download this program at our Web site, voaspecialenglish.com. Join us again next week for People in America in VOA Special English.
added-sample-1	presenter	https://learningenglish.voanews.com/a/french-words-in-american-english/2770892.html	16	presenter	17	correct	yes	And I’m Anna Matteo. You can find more “Words and Their Stories” at our Web site, learningenglish.voanews.com.
added-sample-1	presenter	https://learningenglish.voanews.com/a/a-23-2009-03-14-voa3-83144057/130535.html	59	presenter	28	correct	yes	And I'm Shirley Griffith. You can find our programs with transcripts and MP3s at voaspecialenglish.com. Join us again next week for THIS IS AMERICA in VOA Special English.
added-sample-1	presenter	https://learningenglish.voanews.com/a/a-23-2007-05-03-voa1-83133677/127506.html	39	presenter	42	correct	yes	I'm Doug Johnson. I hope you enjoyed our program today. It was written by Lawan Davis, Dana Demange and Nancy Steinbach. Caty Weaver was the producer. To read the text of this program and download audio, go to our Web site, voaspecialenglish.com.
added-sample-1	presenter	https://learningenglish.voanews.com/a/a-23-2007-10-28-voa2-83135507/128096.html	32	presenter	39	correct	yes	And I'm Steve Ember. You can hear other American songs on our Web site, voaspecialenglish.com. You can also find transcripts and audio archives of our programs. Join us again next week for THIS IS AMERICA in VOA Special English.
added-sample-1	presenter	https://learningenglish.voanews.com/a/a-23-2006-09-02-voa3-83131477/126725.html	41	presenter	33	correct	yes	And I’m Steve Ember. You can download transcripts and archives of our shows at voaspecialenglish.com. And we hope you can join us again next week for THIS IS AMERICA in VOA Special English.
added-sample-1	presenter	https://learningenglish.voanews.com/a/dry-tortugas-national-park-fort-jefferson-prison-florida-keys-samuel-mudd/1381976.html	40	presenter	35	correct	yes	CHRISTOPHER CRUISE: And I’m Christopher Cruise. You can see a video about Fort Jefferson and its restoration on our website, voa.specialenglish.com. Join us again next week for another EXPLORATIONS program on the Voice of America.
added-sample-1	presenter	https://learningenglish.voanews.com/a/a-23-a-2003-12-02-3-1-83117462/121819.html	53	presenter	16	correct	yes	And this is Faith Lapidus. Join us again next week for EXPLORATIONS from VOA Special English.
added-sample-1	presenter	https://learningenglish.voanews.com/a/a-23-2007-02-11-voa3-83133137/127310.html	63	presenter	39	correct	yes	And I'm Barbara Klein. You can find our program, along with a link to the Mount Vernon Web site, at voaspecialenglish.com. And we hope you can join us again next week for THIS IS AMERICA in VOA Special English.
added-sample-1	presenter	https://learningenglish.voanews.com/a/modern-day-american-indian-life-music-and-art-110938749/114234.html	54	presenter	43	correct	yes	SHIRLEY GRIFFITH: And I’m Shirley Griffith. You can find transcripts and MP3s of our programs at voaspecialenglish.com. You can also find us on Facebook and Twitter at VOA Learning English. Join us again next week for THIS IS AMERICA in VOA Special English.
added-sample-1	presenter	https://learningenglish.voanews.com/a/a-23-2007-01-21-voa2-83132792/127171.html	73	presenter	28	correct	yes	And I'm Steve Ember. Transcripts and MP3 files of our programs are at voaspecialenglish.com. Please join us again next week for THIS IS AMERICA in VOA Special English.
added-sample-1	presenter	https://learningenglish.voanews.com/a/everyman-blind-theater-suzuki-gluten/1455729.html	63	presenter	38	correct	yes	JUNE SIMMS: And I'm­­­­­­­­ June Simms. You can read and listen to our programs and find videos for all three of our stories at voaspecialenglish.com. Join us again next week for THIS IS AMERICA in VOA Special English.
added-sample-1	presenter	https://learningenglish.voanews.com/a/what-moves-america-transportation-trends-in-the-united-states-137859433/112619.html	57	presenter	35	correct	yes	CHRISTOPHER CRUISE: And I'm Christopher Cruise. You can find texts and MP3s of our programs, along with English teaching activities, at voaspecialenglish.com. Join us again next week for THIS IS AMERICA in VOA Special English.
added-sample-1	presenter	https://learningenglish.voanews.com/a/demands-of-tiananmen-still-unmet-25-years-later/1928380.html	3	presenter	5	correct	yes	Anna Matteo has the story.
added-sample-1	presenter	https://learningenglish.voanews.com/a/a-23-2005-08-02-voa8-83123622/123910.html	48	presenter	15	correct	yes	And I’m Steve Ember. Join us next week for another EXPLORATIONS in VOA Special English.
added-sample-1	presenter	https://learningenglish.voanews.com/a/a-23-2007-01-16-voa2-83133567/127466.html	53	presenter	27	correct	yes	And I'm Mario Ritter. You can read scripts of our programs and download audio at voaspecialenglish.com. Join us again next week for EXPLORATIONS in VOA Special English.
added-sample-1	presenter	https://learningenglish.voanews.com/a/street-children-ethiopia-sugar-nigeria-richard-strauss-2001/1678075.html	2	presenter	4	correct	yes	Hello, I’m Steve Ember.
added-sample-1	presenter	https://learningenglish.voanews.com/a/1696168.html	31	presenter	37	correct	yes	And I’m Kelly Jean Kelly. See you next time on As It Is. If you would like to reach us, send an email to learningenglish@voanews.com. Or go to our website at learningenglish.voanews.com and click on “Contact Us.”
added-sample-1	presenter	https://learningenglish.voanews.com/a/a-23-a-2002-01-29-2-1-83110662/119958.html	0	presenter	11	correct	yes	This is Sarah Long with the VOA Special English Science Report.
added-sample-1	presenter	https://learningenglish.voanews.com/a/a-23-2006-08-27-voa1-83129827/126140.html	48	presenter	28	correct	yes	And I’m Faith Lapidus. You can download transcripts and archives of our shows at voaspecialenglish.com. Join us next week for another PEOPLE IN AMERICA in VOA Special English.
added-sample-1	presenter	https://learningenglish.voanews.com/a/creating-students-of-the-world-/1916115.html	14	presenter	12	correct	yes	I’m Anna Matteo. Join us again tomorrow for another As It Is.
added-sample-1	presenter	https://learningenglish.voanews.com/a/roberto-clemente-1934-1972-the-first-latino-baseball-player-honored-in-the-baseball-hall-of-fame--90528109/116386.html	38	presenter	30	correct	yes	FAITH LAPIDUS: And I’m Faith Lapidus. You can download transcripts and archives of our shows at voaspecialenglish.com. Join us next week for another PEOPLE IN AMERICA in VOA Special English.
added-sample-1	presenter	https://learningenglish.voanews.com/a/president-carter-still-building-houses-and-hope-at-86-104974289/116488.html	37	presenter	40	correct	yes	DOUG JOHNSON: I’m Doug Johnson. Our program was written and produced by Caty Weaver. You can get transcripts, MP3s and podcasts of our shows at voaspecialenglish.com. You can also find us on Facebook, Twitter and YouTube at VOA Learning English.
added-sample-1	presenter	https://learningenglish.voanews.com/a/a-23-a-2005-02-06-1-1-83124267/124144.html	58	presenter	18	correct	yes	And I’m Steve Ember. Join us again next week for another THIS IS AMERICA in VOA Special English.
added-sample-1	presenter	https://learningenglish.voanews.com/a/ida-tarbell-1857-1944-she-used-her-reporting-skills-against-one-of-the-most-powerful-companies-in-the-world---92001704/116415.html	42	presenter	22	correct	yes	SHIRLEY GRIFFITH: And I'm Shirley Griffith. Join us again next week at this time for another PEOPLE IN AMERICA program on VOA.
added-sample-1	presenter	https://learningenglish.voanews.com/a/a-23-2009-01-20-voa4-83142042/129980.html	50	presenter	27	correct	yes	And I'm Doug Johnson. You can learn about other famous adventurers on our Web site, voaspecialenglish.com. Join us again next week for Explorations in VOA Special English.
added-sample-1	presenter	https://learningenglish.voanews.com/a/a-23-2009-11-26-voa4-83142467/115560.html	47	presenter	30	correct	yes	I'm Doug Johnson. Our program was written and produced by Dana Demange. For transcripts, MP3s and podcasts of our programs, go to voaspecialenglish.com. You can also comment on our programs.
added-sample-1	presenter	https://learningenglish.voanews.com/a/a-23-2008-05-20-voa1-83138667/128963.html	50	presenter	30	correct	yes	And I’m Barbara Klein. You can get transcripts, MP3s and podcasts of our programs at our Web site, voaspecialenglish.com. Join us again next week for EXPLORATIONS in VOA Special English.
added-sample-2	glossary	https://learningenglish.voanews.com/a/lana-del-rey-song-teaches-about-figurative-language/6547775.html	73	glossary	34	correct	yes	halo – n. a circle of light that is shown in a religious painting, drawing, etc., around the head of a holy figure (such as an angel, saint, or god) — often used figuratively
added-sample-2	glossary	https://learningenglish.voanews.com/a/all-girls-school-becomes-first-in-us-to-have-top-e-sports-team/5013712.html	29	glossary	6	correct	yes	toxic – adj. poisonous or harmful
added-sample-2	glossary	https://learningenglish.voanews.com/a/second-patient-cleared-of-the-virus-that-causes-aids/4814714.html	18	glossary	32	correct	yes	transplant – n. medical: a medical operation in which an organ or other part that has been removed from the body of one person is put into the body of another person
added-sample-2	glossary	https://learningenglish.voanews.com/a/everyday-grammar-sentence-relatives/3828202.html	48	glossary	27	correct	yes	pronoun – n. grammar : a word (such as I, he, she, you, it, we, or they) that is used instead of a noun or noun phrase
added-sample-2	glossary	https://learningenglish.voanews.com/a/women-war-reporters-expand-traditional-coverage/6491185.html	36	glossary	8	correct	yes	delight – n. something that gives great pleasure
added-sample-2	glossary	https://learningenglish.voanews.com/a/everyday-grammar-the-meanings-of-have/3846723.html	46	glossary	23	correct	yes	irregular – n. grammar not following the normal rules by which word forms (such as the past tenses of verbs) are usually created
added-sample-2	glossary	https://learningenglish.voanews.com/a/lets-learn-english-review-1-9/3276044.html	5	glossary	10	correct	yes	blooper - n. an embarrassing mistake usually made in public
added-sample-2	glossary	https://learningenglish.voanews.com/a/crazy-and-insane/6514528.html	37	glossary	13	correct	yes	synonym – n. a word that is similar in meaning to another word
added-sample-2	glossary	https://learningenglish.voanews.com/a/un-climate-report-presents-concerns-about-gulf-of-mexico/6473757.html	17	glossary	21	correct	yes	bloom – n. a mass of planktonic algae in lakes, ponds, or the sea, as in the development of red tides
added-sample-2	glossary	https://learningenglish.voanews.com/a/more-us-students-choose-college-overseas/3268673.html	44	glossary	11	correct	yes	fees – n. an amount of money that must be paid
added-sample-2	glossary	https://learningenglish.voanews.com/a/earth-ozone-layer-recovery/2446983.html	10	glossary	11	correct	yes	deplete – v. to use up most or all of something
added-sample-2	glossary	https://learningenglish.voanews.com/a/louvre-museum-in-abu-dhabi-shows-links-between-cultures/4020785.html	17	glossary	12	correct	yes	nude – adj. of or involving people who have no clothes on
added-sample-2	glossary	https://learningenglish.voanews.com/a/public-might-not-know-about-attacks-on-us-election-systems/5134793.html	16	glossary	13	correct	yes	confusion –n. a situation in which people are uncertain about what to do
added-sample-2	glossary	https://learningenglish.voanews.com/a/louvre-museum-in-abu-dhabi-shows-links-between-cultures/4020785.html	19	glossary	24	correct	yes	shadow – n. a dark shape that appears on a surface when someone or something moves between the surface and a source of light
added-sample-2	glossary	https://learningenglish.voanews.com/a/south-sudan-plan-to-re-start-waterway-project-faces-resistance/6581804.html	19	glossary	8	correct	yes	ecosystem– n. everything that exists in an environment
added-sample-2	glossary	https://learningenglish.voanews.com/a/mayor-fighting-for-seals-in-alaska/5965466.html	24	glossary	12	correct	yes	tourism — n. the activity of traveling to a place for pleasure
added-sample-2	glossary	https://learningenglish.voanews.com/a/war-in-ukraine-among-reasons-for-high-cooking-oil-prices/6546427.html	28	glossary	9	correct	yes	afford –v. to be able to pay for something
added-sample-2	glossary	https://learningenglish.voanews.com/a/the-last-leaf-o-henry/3918207.html	52	glossary	27	correct	yes	ladder – n. a device used for climbing that has two long pieces of wood, metal, or rope with a series of steps or rungs between them
added-sample-2	glossary	https://learningenglish.voanews.com/a/tiger-woods-makes-return-to-masters-after-serious-accident/6519732.html	25	glossary	18	correct	yes	marathon – n. a long run of about 42 kilometers, a hard task that lasts a long time
added-sample-2	glossary	https://learningenglish.voanews.com/a/4559339.html	23	glossary	14	correct	yes	tariff –n. a tax on goods coming into or going out of a country
added-sample-2	glossary	https://learningenglish.voanews.com/a/armenia-turkey-pol/3359069.html	26	glossary	7	correct	yes	convoy – n. a group of vehicles
added-sample-2	glossary	https://learningenglish.voanews.com/a/3004636.html	32	glossary	9	correct	yes	embattled – adj. involved in a battle or conflict
added-sample-2	glossary	https://learningenglish.voanews.com/a/earthquake-clears-blackened-air-over-nepal-s-brick-kilns/4427285.html	18	glossary	17	correct	yes	efficiency – n. the ability to do something or produce something without wasting materials, time, or energy
added-sample-2	glossary	https://learningenglish.voanews.com/a/baby-elephant-hit-by-vehicle-survives-with-cpr/5709132.html	15	glossary	18	correct	yes	instinct – n. a natural desire or tendency that makes you want to act in a particular way
added-sample-2	glossary	https://learningenglish.voanews.com/a/all-girls-school-becomes-first-in-us-to-have-top-e-sports-team/5013712.html	27	glossary	16	correct	yes	opportunity - n. an amount of time or a situation in which something can be done
added-sample-2	glossary	https://learningenglish.voanews.com/a/taiwan-hopes-pork-deal-will-lead-to-bigger-us-trade-agreement/5716282.html	21	glossary	17	correct	yes	qualify – v. to give (someone) the right to do, have, or be a part of something
added-sample-2	glossary	https://learningenglish.voanews.com/a/english-no-longer-requirement-for-new-york-city-taxi-drivers/3482284.html	29	glossary	21	correct	yes	credit card – n. a small plastic card that is used to buy things that you agree to pay for later
added-sample-2	glossary	https://learningenglish.voanews.com/a/italian-clothing-makers-concerned-after-losing-russian-business/6620715.html	30	glossary	13	correct	yes	leather – n. animal skin used to make shoes, clothing and other things
added-sample-2	glossary	https://learningenglish.voanews.com/a/new-evidence-suggests-large-water-ice-supply-near-mars-equator/7458018.html	20	glossary	17	correct	yes	deposit – n. a layer of a substance that has developed from a natural or chemical process
added-sample-2	glossary	https://learningenglish.voanews.com/a/in-the-news-march-24/2693085.html	15	glossary	23	correct	yes	militia – n. a group of people who are not part of the armed forces of a country but are trained like soldiers
added-sample-2	glossary	https://learningenglish.voanews.com/a/google-internet-balloon/3738423.html	18	glossary	9	correct	yes	solar – adj. of or related to the sun
added-sample-2	glossary	https://learningenglish.voanews.com/a/what-does-it-mean-to-get-the-greenlight-/6529949.html	34	glossary	13	correct	yes	traffic – n. the movement (as of vehicles or pedestrians) along a route
added-sample-2	glossary	https://learningenglish.voanews.com/a/disney-offers-star-wars-fans-new-experience/6468897.html	26	glossary	5	correct	yes	excited –adj. eager or enthusiastic
added-sample-2	glossary	https://learningenglish.voanews.com/a/2516633.html	22	glossary	10	correct	yes	on board – idiom carried, or happening, on a vehicle
added-sample-2	glossary	https://learningenglish.voanews.com/a/am-i-being-watched-the-continuous-passive-/4529468.html	76	glossary	19	correct	yes	mention – v. to talk about, write about or refer to something or someone, especially in a brief way
added-sample-2	glossary	https://learningenglish.voanews.com/a/china-s-deal-with-the-solomon-islands-raises-concerns-in-pacific-area/6520984.html	23	glossary	13	correct	yes	overtone –n. an idea or quality that is suggested without being said directly
added-sample-2	glossary	https://learningenglish.voanews.com/a/learn-prepositions-in-on-at/3073690.html	23	glossary	15	correct	yes	intersection - n. the place where two or more streets meet or cross each other
added-sample-2	glossary	https://learningenglish.voanews.com/a/bolivian-boy-helps-family-with-money-by-taking-creative-photos/6549319.html	21	glossary	8	correct	yes	toy – n. something a child plays with
added-sample-2	glossary	https://learningenglish.voanews.com/a/disasters-in-myanmar-may-delay-elections/3004536.html	15	glossary	8	correct	yes	commission – n. an organization, group or committee
added-sample-2	glossary	https://learningenglish.voanews.com/a/big-data-and-the-business-of-mind-reading/3733524.html	36	glossary	7	correct	yes	bit – n. a piece of information
added-sample-2	call_to_action	https://learningenglish.voanews.com/a/breakthrough-covid-infections-causing-concern/5976996.html	15	call_to_action	23	correct	yes	What would you tell people in the U.S. about the breakthrough infections? Tell us in the Comments Section and visit our Facebook page.
added-sample-2	call_to_action	https://learningenglish.voanews.com/a/texas-mud-pit/3496266.html	22	call_to_action	26	correct	yes	What do you think of the mud pit? We want to hear from you. Write to us in the Comments Section or on our Facebook page.
added-sample-2	call_to_action	https://learningenglish.voanews.com/a/scientists-find-first-true-millipede-in-australia/6359520.html	19	call_to_action	23	correct	yes	How would you react to seeing a creature with so many legs? Tell us in the Comments Section and visit our Facebook page.
added-sample-2	call_to_action	https://learningenglish.voanews.com/a/lets-teach-english-unit-10-collaboration-persona-poems/4072933.html	10	call_to_action	13	correct	yes	Please tell us about how you are using the 'Let's Teach English' course.
added-sample-2	call_to_action	https://learningenglish.voanews.com/a/advice-modals-and-coronavirus-/5374838.html	30	call_to_action	28	correct	yes	If you would like to learn more about modals, read our Everyday Grammar story called “You Had Better Learn Modals.” You can find it on our website, learningenglish.voanews.com.
added-sample-2	call_to_action	https://learningenglish.voanews.com/a/a-23-2009-10-09-voa1-83143722/130425.html	44	call_to_action	25	correct	yes	Do you have a question about people, places or things in America? You can send it to mosaic@voanews.comand we may answer it on this show.
added-sample-2	call_to_action	https://learningenglish.voanews.com/a/sierra-leone-investigates-foreign-waste-agreement/3144300.html	12	call_to_action	30	correct	yes	Do you believe your country should permit the import of non-hazardous waste? We want to hear from you. Write to us in the Comments Section, or visit our Facebook page.
added-sample-2	call_to_action	https://learningenglish.voanews.com/a/american-marijuana-growers-turn-to-hemp/4398669.html	35	call_to_action	28	correct	yes	Is marijuana use permitted in your country? How should your country react to the marijuana industry? Write to us in the Comments Section or on our Facebook page.
added-sample-2	call_to_action	https://learningenglish.voanews.com/a/suicide-attacks-children-is/3251478.html	12	call_to_action	22	correct	yes	What do you think about training children to be terrorists? Write to us in the Comments Section or on our Facebook page.
added-sample-2	call_to_action	https://learningenglish.voanews.com/a/kanye-west-trump-/3603028.html	15	call_to_action	26	correct	yes	What do you think about Kanye West’s comments? We want to hear from you. Write to us in the Comments Section or on our Facebook page.
added-sample-2	call_to_action	https://learningenglish.voanews.com/a/africa-terrorism-westgate-mall-attack-mali-al-shabab-boko-haram/1826408.html	25	call_to_action	13	correct	yes	You can tell us what you want to hear on a future show.
added-sample-2	call_to_action	https://learningenglish.voanews.com/a/capicollo-soppressatta-brooks/3938063.html	22	call_to_action	22	correct	yes	Do you know about Italian meats? We want to know. Write to us in the Comments Section or on our Facebook page.
added-sample-2	call_to_action	https://learningenglish.voanews.com/a/dutch-rain-water-beer/3446032.html	17	call_to_action	28	correct	yes	What do you think about the people using rainwater to make beer? We want to know. Write to us in the Comments Section or on our Facebook page.
added-sample-2	call_to_action	https://learningenglish.voanews.com/a/ariana-grande-manchester-concert/3887937.html	14	call_to_action	24	correct	yes	What was your favorite part of the concert? We want to know. Write to us in the Comments Section or on our Facebook page.
added-sample-2	call_to_action	https://learningenglish.voanews.com/a/how-the-technology-industry-is-helping-refugees/3574767.html	35	call_to_action	35	correct	yes	Have you or someone you know used an app, website, or other digital tool similar to the ones discussed in this story? We want to hear from you. Write to us in the comments section.
added-sample-2	call_to_action	https://learningenglish.voanews.com/a/malaysias-ruling-families-vote-for-a-new-king/4732374.html	17	call_to_action	31	correct	yes	We want to hear from you. How do you think the choice of a new king will affect Malaysia? Write to us in the Comments Section or on our Facebook page.
added-sample-2	call_to_action	https://learningenglish.voanews.com/a/cornell-soundgarden-dies/3860954.html	18	call_to_action	22	correct	yes	What was your favorite Soundgarden song? We want to know. Write to us in the Comments Section or on our Facebook page.
added-sample-2	call_to_action	https://learningenglish.voanews.com/a/bob-dylan-nobel-prize/3549715.html	22	call_to_action	29	correct	yes	What do you think of Bob Dylan winning the Nobel Prize? We want to hear from you. Write to us in the Comments Section or on our Facebook page.
added-sample-2	call_to_action	https://learningenglish.voanews.com/a/growing-cities-in-western-u-s-search-for-water-/6010154.html	30	call_to_action	24	correct	yes	What would you do about the lack of water in the western U.S.? Tell us in the Comments Section and visit our Facebook page.
added-sample-2	call_to_action	https://learningenglish.voanews.com/a/copying-is-easy-getting-caught-easier/3435720.html	47	call_to_action	28	correct	yes	Now it’s your turn. Do the schools where you live teach students how to avoid plagiarism? Write to us in the Comments section about your experiences with plagiarism.
added-sample-2	call_to_action	https://learningenglish.voanews.com/a/a-23-a-2002-09-04-3-1-83111127/117922.html	17	call_to_action	18	correct	yes	AA: Our Web site is voanews.com/wordmaster and our e-mail address is word@voanews.com. With Rosanne Skirble, I'm Avi Arditti.
added-sample-2	call_to_action	https://learningenglish.voanews.com/a/most-useful-eating-and-drinking-expressions/6647799.html	53	call_to_action	34	correct	yes	Now it is your turn! What other eating or food expressions, questions, or answers do you know and use in English? Let us know in the comments below or write to us at learningenglish@voanews.com.
added-sample-2	call_to_action	https://learningenglish.voanews.com/a/william-wilson-part-four-edgar-allan-poe/3789905.html	16	call_to_action	10	correct	yes	Download a lesson plan to use with this story here.
added-sample-2	call_to_action	https://learningenglish.voanews.com/a/merriam-websters-word-of-the-year/4704183.html	18	call_to_action	32	correct	yes	We want to hear from you. Which word do you think should have been the 2018 word of the year? Write to us in the Comments Section or on our Facebook page.
added-sample-2	call_to_action	https://learningenglish.voanews.com/a/1519967.html	33	call_to_action	51	correct	yes	You can find our series online with transcripts, MP3s, podcasts and pictures at voaspecialenglish.com. You can also follow us on Facebook and Twitter at VOA Learning English. I’m Steve Ember, inviting you to join us again next week for THE MAKING OF A NATION -- American history in VOA Special English.
added-sample-2	call_to_action	https://learningenglish.voanews.com/a/ronald-reagan-1980s-carter-hinkley/1446879.html	75	call_to_action	51	correct	yes	You can find our series online with transcripts, MP3s, podcasts and pictures at voaspecialenglish.com. You can also follow us on Facebook and Twitter at VOA Learning English. I'm Steve Ember, inviting you to join us again next week for THE MAKING OF A NATION -- American history in VOA Special English.
added-sample-2	call_to_action	https://learningenglish.voanews.com/a/spacex-explosion-reaction/3491493.html	28	call_to_action	26	correct	yes	What do you think of the SpaceX explosion? We want to hear from you. Write to us in the Comments Section or on our Facebook page.
added-sample-2	call_to_action	https://learningenglish.voanews.com/a/debris-may-be-from-malaysian-plane/3220285.html	14	call_to_action	25	correct	yes	Do you think the debris in Africa is part of the missing plane? Write to us in the Comments Section or on our Facebook page.
added-sample-2	call_to_action	https://learningenglish.voanews.com/a/senators-target-websites-that-sell-sex-with-minors/3971297.html	30	call_to_action	42	correct	yes	We want to hear from you. Write to us in the Comments Section and share your views on our Facebook Page. Do you know any victims of human trafficking? What help do you believe governments and people can do to help them?
added-sample-2	call_to_action	https://learningenglish.voanews.com/a/clinton-sanders-debate-sharpens-new-hampshire/3178715.html	19	call_to_action	17	correct	yes	If you watched the debate or have comments about it, leave your thoughts in the comments section.
added-sample-2	call_to_action	https://learningenglish.voanews.com/a/watch-rocket-scientists-create-amazing-halloween-space-pumpkins/3573228.html	19	call_to_action	30	correct	yes	We want to hear from you. What do you think of the pumpkin creations made by NASA engineers? Write to us in the Comments section, and visit our Facebook page.
added-sample-2	call_to_action	https://learningenglish.voanews.com/a/american-schools-enrolling-international-high-school-students-on-campus/3867878.html	31	call_to_action	27	correct	yes	Do universities in your country have programs like these? We want to hear from you. Write to us in the Comments Section or on our Facebook page.
added-sample-2	call_to_action	https://learningenglish.voanews.com/a/a-23-a-2003-05-02-4-1-83116237/118249.html	15	call_to_action	21	correct	yes	RS: Our e-mail address is word@voanews.com and our programs are on the Web at voanews.com/wordmaster. With Avi Arditti, I'm Rosanne Skirble.
added-sample-2	call_to_action	https://learningenglish.voanews.com/a/international-soccer-s-top-groups-disapprove-of-super-league-/5859078.html	18	call_to_action	23	correct	yes	Would you still watch the Champions League if the Super League starts? Tell us in the Comments Section and visit our Facebook page.
added-sample-2	call_to_action	https://learningenglish.voanews.com/a/messi-fan-moves-pakistan/3315269.html	13	call_to_action	24	correct	yes	What do you think of Murtaza Ahmadi’s story? We want to know. Write to us in the Comments Section or on our Facebook page.
added-sample-2	call_to_action	https://learningenglish.voanews.com/a/us-government-issues-the-first-guidelines-for-driverless-cars/3518971.html	21	call_to_action	27	correct	yes	We want to hear from you. How do you think driverless cars should be regulated? Write to us in the Comments section, and visit our Facebook page.
added-sample-2	call_to_action	https://learningenglish.voanews.com/a/trending-national-beer-day/3274872.html	16	call_to_action	31	correct	yes	Is beer prohibited in your country? If it is not, what is your favorite beer? We want to know. Write to us in the Comments Section or on our Facebook page.
added-sample-2	call_to_action	https://learningenglish.voanews.com/a/yosemite-national-park-reopens-tourism-still-suffers/4528564.html	24	call_to_action	24	correct	yes	Have any national parks in your home country been affected by wildfires? Write to us in the Comments Section or on our Facebook page.
added-sample-2	call_to_action	https://learningenglish.voanews.com/a/building-old-style-castle/3546575.html	18	call_to_action	24	correct	yes	What do you think of the castle-building project? We want to know. Write to us in the Comments Section or on our Facebook page.
added-sample-2	call_to_action	https://learningenglish.voanews.com/a/james-q-wilson-policing-the-atlantic/1671804.html	52	call_to_action	13	correct	yes	Join us again next week for This Is America with VOA Learning English.
added-sample-2	call_to_action	https://learningenglish.voanews.com/a/super-bowl-in-a-pandemic-will-be-different-but-familiar/5765724.html	38	call_to_action	23	correct	yes	Will you pay attention to the Super Bowl this year? We want to hear from you. Write to us in the Comments Section.
added-sample-2	call_to_action	https://learningenglish.voanews.com/a/trump-supporters-expect-president-elect-carry-out-promises-vitter-clinton-jeffress/3598885.html	45	call_to_action	33	correct	yes	We want to hear from you. Write to us in the Comments Section and share your views on our Facebook Page. Are you looking forward to the Trump presidency? Or are you worried?
added-sample-2	call_to_action	https://learningenglish.voanews.com/a/pronouncing-years-in-american-english/7045997.html	35	call_to_action	12	correct	yes	Write to us in the comments or send us an email, learningenglish@voanews.com.
added-sample-2	call_to_action	https://learningenglish.voanews.com/a/trump-gives-afghan-robotic-team-ok-to-compete-in-us/3943027.html	16	call_to_action	35	correct	yes	We want to hear from you. Write to us in the Comments Section and share your views on our Facebook Page. Do you think competitions are helpful? Have you ever tried to build a robot?
added-sample-2	call_to_action	https://learningenglish.voanews.com/a/grammar-games-at-home-simon-says/5382485.html	28	call_to_action	23	correct	yes	Do you have a similar game in your country or native language? Write to us in the comments and tell us about it!
added-sample-2	call_to_action	https://learningenglish.voanews.com/a/some-americans-stressed-out-by-american-political-divide-trump/3855909.html	26	call_to_action	36	correct	yes	We want to hear from you. Write to us in the Comments Section and share your views on our Facebook Page. Do you ever get stressed out by what you read or hear about world events?
added-sample-2	call_to_action	https://learningenglish.voanews.com/a/apps-apes-orangutan-ipad/1704791.html	37	call_to_action	7	correct	yes	Or send us an email at: LearningEnglish@voanews.com
added-sample-2	call_to_action	https://learningenglish.voanews.com/a/new-kenya-presidential-vote-announced-for-october-17/4016339.html	16	call_to_action	27	correct	yes	Do you think Kenya should have a new election? We want to hear from you. Write to us in the Comments Section or on our Facebook page.
added-sample-2	call_to_action	https://learningenglish.voanews.com/a/stolen-columbus-letter-returned-to-vatican/4440531.html	17	call_to_action	21	correct	yes	What do you think they will learn about Mars? Write to us in the Comments Section or on our Facebook page.
added-sample-2	call_to_action	https://learningenglish.voanews.com/a/us-colleges-postpone-classes-following-covid-19-rise/6384381.html	20	call_to_action	22	correct	yes	What are universities doing to contain the virus where you live? Tell us in the Comments Section and visit our Facebook page.
added-sample-2	programme	https://learningenglish.voanews.com/a/a-23-a-2003-06-29-2-1-83118057/122041.html	0	programme	4	correct	yes	Broadcast: June 30, 2003
added-sample-2	programme	https://learningenglish.voanews.com/a/a-23-a-2004-09-07-3-1-83123157/123728.html	0	programme	4	correct	yes	Broadcast: September 8, 2004
added-sample-2	programme	https://learningenglish.voanews.com/a/a-23-2006-01-25-voa2-83129282/125944.html	50	programme	36	correct	yes	You have been listening to THE MAKING OF A NATION -- a program in Special English by the Voice of America. Your narrators were Maurice Joyce and Richard Rael. Our program was written by Frank Beardsley.
added-sample-2	programme	https://learningenglish.voanews.com/a/a-23-a-2003-04-21-1-1-83115007/121148.html	0	programme	4	correct	yes	Broadcast: April 21, 2003
added-sample-2	programme	https://learningenglish.voanews.com/a/a-23-a-2003-02-20-2-1-83117922/121989.html	0	programme	4	correct	yes	Broadcast: February 20, 2003
added-sample-2	programme	https://learningenglish.voanews.com/a/a-23-a-2004-04-21-1-1-83122692/123481.html	0	programme	4	correct	yes	Broadcast: April 21, 2004
added-sample-2	programme	https://learningenglish.voanews.com/a/a-23-2009-01-20-voa1-83141742/129884.html	52	programme	24	correct	yes	This SCIENCE IN THE NEWS program was written by Mario Ritter, Jerilyn Watson and Brianna Blake, who also was our producer. I'm Barbara Klein.
added-sample-2	programme	https://learningenglish.voanews.com/a/a-23-a-2004-08-18-2-1-83121577/122948.html	0	programme	4	correct	yes	Broadcast: August 19, 2004
added-sample-2	programme	https://learningenglish.voanews.com/a/a-23-a-2004-05-12-1-1-83121047/122731.html	0	programme	4	correct	yes	Broadcast: May 13, 2004
added-sample-2	programme	https://learningenglish.voanews.com/a/a-23-2008-04-07-voa3-83136657/128529.html	53	programme	24	correct	yes	This SCIENCE IN THE NEWS was written by Brianna Blake, Jill Moss and Mario Ritter. Brianna Blake was also our producer. I'm Bob Doughty.
added-sample-2	programme	https://learningenglish.voanews.com/a/a-23-a-2004-08-02-1-1-83118417/122152.html	0	programme	4	correct	yes	Broadcast: August 3, 2004
added-sample-2	programme	https://learningenglish.voanews.com/a/the-long-search-for-a-malaria-vaccine-135164083/115382.html	13	programme	23	correct	yes	And that’s the VOA Special English Health Report. You can find more stories about the fight against malaria at voaspecialenglish.com. I'm Steve Ember.
added-sample-2	programme	https://learningenglish.voanews.com/a/a-23-2006-04-10-voa2-83130262/126293.html	65	programme	17	correct	yes	SCIENCE IN THE NEWS was written by Nancy Steinbach, Caty Weaver and Brianna Blake. I'm Pat Bodnar.
added-sample-2	programme	https://learningenglish.voanews.com/a/a-23-2007-08-29-voa2-83135152/127981.html	44	programme	23	correct	yes	This program of The Making of a Nation was written by Jerilyn Watson. It was produced by George Grow. This is Sarah Long.
added-sample-2	programme	https://learningenglish.voanews.com/a/a-23-2007-05-09-voa1-83134292/127719.html	54	programme	17	correct	yes	This program of THE MAKING OF A NATION was written by Jeri Watson. This is Stan Busby.
added-sample-2	programme	https://learningenglish.voanews.com/a/a-23-a-2004-03-27-2-1-83119257/122472.html	0	programme	4	correct	yes	[Broadcast: January 7, 2004]
added-sample-2	programme	https://learningenglish.voanews.com/a/a-23-2005-12-21-voa3-83125327/124537.html	47	programme	36	correct	yes	You have been listening to THE MAKING OF A NATION -- a program in Special English by the Voice of America. Your narrators were Kay Gallant and Harry Monroe. Our program was written by Frank Beardsley.
added-sample-2	programme	https://learningenglish.voanews.com/a/a-23-a-2004-06-23-1-1-83118932/122314.html	46	programme	39	correct	yes	You have been listening to the Special English program, THE MAKING OF A NATION. Your narrators were Kay Gallant and Harry Monroe. Our program was written by Frank Beardsley. THE MAKING OF A NATION can be heard on Thursdays.
added-sample-2	programme	https://learningenglish.voanews.com/a/a-23-2007-04-09-voa1-83135032/127945.html	2	programme	35	correct	yes	Every week at this time we tell the story of words and expressions used in American English. Some of them are old. Some are new. Together, they form the living speech of the American people.
added-sample-2	programme	https://learningenglish.voanews.com/a/a-23-a-2004-05-07-2-1-83120717/122676.html	0	programme	4	correct	yes	Broadcast: May 7, 2004
added-sample-2	programme	https://learningenglish.voanews.com/a/a-23-a-2004-12-10-1-1-83123122/123719.html	38	programme	23	correct	yes	This program was written by Nancy Steinbach, Caty Weaver and Paul Thompson, who was also our producer. And our engineer was Efeem Drucker.
added-sample-2	programme	https://learningenglish.voanews.com/a/a-23-2010-01-04-voa2-84659167/111966.html	12	programme	23	correct	yes	And that's the VOA Special English Agriculture Report, written by Jerilyn Watson. You can comment on our programs at voaspecialenglish.com. I'm Steve Ember.
added-sample-2	programme	https://learningenglish.voanews.com/a/a-23-a-2004-04-21-3-1-83122727/123522.html	0	programme	4	correct	yes	Broadcast: April 22, 2004
added-sample-2	programme	https://learningenglish.voanews.com/a/a-23-a-2003-03-27-1-1-83118147/122094.html	0	programme	4	correct	yes	Broadcast: March 28, 2003
added-sample-2	programme	https://learningenglish.voanews.com/a/a-23-2007-11-28-voa1-83133947/127608.html	1	programme	14	correct	yes	This is THE MAKING OF A NATION in VOA Special English. I'm Steve Ember
added-sample-2	programme	https://learningenglish.voanews.com/a/researchers-south-africa-aids-98882999/114975.html	0	programme	7	correct	yes	This is the Special English Health Report.
added-sample-2	programme	https://learningenglish.voanews.com/a/a-23-a-2004-07-12-1-1-83122147/123205.html	0	programme	4	correct	yes	Broadcast: July 12, 2004
added-sample-2	programme	https://learningenglish.voanews.com/a/the-danger-of-counterfeit-drugs-second-of-two-parts-85775412/114846.html	13	programme	26	correct	yes	And that's the VOA Special English Development Report, written by June Simms. You can find last week's report on counterfeit drugs at voaspecialenglish.com. I'm Steve Ember.
added-sample-2	programme	https://learningenglish.voanews.com/a/a-23-2006-09-13-voa2-83128417/125639.html	19	programme	14	correct	yes	This program, Words and Their Stores, was written by Jeri Watson. I'm Phil Murray.
added-sample-2	programme	https://learningenglish.voanews.com/a/a-23-2006-09-18-voa1-83130507/126385.html	55	programme	20	correct	yes	SCIENCE IN THE NEWS was written by Caty Weaver and Jerilyn Watson and produced by Brianna Blake. I'm Bob Doughty.
added-sample-2	programme	https://learningenglish.voanews.com/a/trump-clash-with-john-lewis-leads-to-inauguration-boycott/3679941.html	1	programme	4	correct	yes	Here's What's Trending Today...
added-sample-2	programme	https://learningenglish.voanews.com/a/a-23-2006-08-24-voa2-83128957/125832.html	14	programme	27	correct	yes	And that's the VOA Special English Economics Report, written by Sarah Randle. You can read and listen to archives of our reports at voaspecialenglish.com. I’m Faith Lapidus.
added-sample-2	programme	https://learningenglish.voanews.com/a/expressions-for-getting-things-done-/5990473.html	2	programme	12	correct	yes	On this program, we explore words and expressions in the English language.
added-sample-2	programme	https://learningenglish.voanews.com/a/a-23-a-2004-02-29-2-1-83119817/122527.html	53	programme	17	correct	yes	THIS IS AMERICA was written by Jerilyn Watson and produced by Caty Weaver. This is Phoebe Zimmermann.
added-sample-2	programme	https://learningenglish.voanews.com/a/students-try-to-cut-federal-budget-in-online-game---135652718/113245.html	22	programme	22	correct	yes	And that's the VOA Special English Education Report. You can watch a video version of this story at voaspecialenglish.com. I'm Christopher Cruise.
added-sample-2	programme	https://learningenglish.voanews.com/a/a-23-a-2004-09-16-2-1-83123112/123723.html	0	programme	4	correct	yes	Broadcast: September 16, 2004
added-sample-2	programme	https://learningenglish.voanews.com/a/a-23-a-2004-09-25-2-1-83122667/123474.html	0	programme	4	correct	yes	Broadcast: September 26, 2004
added-sample-2	programme	https://learningenglish.voanews.com/a/let-it-snow-but-in-october-135067088/116967.html	35	programme	23	correct	yes	BOB DOUGHTY: This SCIENCE IN THE NEWS was written by George Grow and Christopher Cruise. June Simms was our producer. I’m Bob Doughty.
added-sample-2	programme	https://learningenglish.voanews.com/a/water-problems-and-the-world--144292165/609906.html	11	programme	22	correct	yes	And that's the VOA Special English Agriculture Report. You can learn more about the world's water problems at voaspecialenglish.com. I'm Jim Tedder.
added-sample-2	programme	https://learningenglish.voanews.com/a/a-23-2007-05-16-voa1-83132877/127206.html	57	programme	22	correct	yes	This program of THE MAKING OF A NATION was written by Jeri Watson and produced by Paul Thompson. This is Rich Kleinfeldt.
added-sample-2	programme	https://learningenglish.voanews.com/a/a-23-a-2004-03-29-2-1-83119762/122516.html	0	programme	4	correct	yes	[Broadcast: February 5, 2004]
added-sample-2	programme	https://learningenglish.voanews.com/a/a-23-2008-11-17-voa7-83140137/129349.html	1	programme	47	correct	yes	Our program was written by Robert Brumfield and read by Steve Ember and Gwen Outen. Internet users can download MP3 files and transcripts of our shows at voaspecialenglish.com. I'm Shirley Griffith, hoping you can join us again next week for THIS IS AMERICA in VOA Special English.
added-sample-2	programme	https://learningenglish.voanews.com/a/medical-school-law-school/1690404.html	38	programme	12	correct	yes	Or go to our website -- learningenglish.voanews.com -- and click “Contact Us.”
added-sample-2	programme	https://learningenglish.voanews.com/a/program-helps-students-express-themselves-in-creative-writing-135213253/113910.html	18	programme	22	correct	yes	And that's the VOA Special English Education Report. You can watch a video version of this story at voaspecialenglish.com. I'm Christopher Cruise.
added-sample-2	programme	https://learningenglish.voanews.com/a/a-23-2009-11-01-voa2-83142472/130099.html	15	programme	39	correct	yes	And that's the VOA Special English Development Report, written by June Simms. You can find transcripts and podcasts of our reports at voaspecialenglish.com. And you can find us on Twitter and YouTube at VOA Learning English. I'm Bob Doughty.
added-sample-2	programme	https://learningenglish.voanews.com/a/a-23-a-2004-10-20-2-1-83122457/123365.html	0	programme	4	correct	yes	Broadcast: October 21, 2004
added-sample-2	programme	https://learningenglish.voanews.com/a/a-23-a-2002-04-11-2-1-83109377/119814.html	8	programme	10	correct	yes	This Special English ENVIRONMENT REPORT was written by Mario Ritter.
added-sample-2	programme	https://learningenglish.voanews.com/a/a-23-2007-04-05-voa1-83133007/127254.html	45	programme	32	correct	yes	Our program today was written by Nancy Steinbach and Jerilyn Watson. Caty Weaver was our producer. To read the text of this program and download audio, go to our Web site, voaspecialenglish.com.
added-sample-2	programme	https://learningenglish.voanews.com/a/a-23-a-2004-11-10-1-1-83120592/122627.html	0	programme	4	correct	yes	Broadcast: November 12, 2004
added-sample-2	programme	https://learningenglish.voanews.com/a/the-japanese-attack-on-pear-harbor-ends-americas-attempt-to-avoid-war-122194854/115480.html	54	programme	58	correct	yes	Our program was written by David Jarmul. You can find our series online with transcripts, MP3s, podcasts and pictures at voaspecialenglish.com. You can also follow us on Facebook and Twitter at VOA Learning English. I’m Steve Ember inviting you to join us again next week for THE MAKING OF A NATION – American history in VOA Special English.
added-sample-2	script	https://learningenglish.voanews.com/a/american-air-strike-kills-al-qaida-leader-130885943/130988.html	5	script	4	correct	yes	(SOUND: Awlaki in Arabic)
added-sample-2	script	https://learningenglish.voanews.com/a/doughnuts-cupcakes-macarons-americans-90608599/112740.html	20	script	11	correct	yes	"(MUSIC: ""If I Knew You Were Comin', I'd've Baked a Cake"")"
added-sample-2	script	https://learningenglish.voanews.com/a/a-23-2008-06-10-voa1-83138457/128895.html	22	script	4	correct	yes	(SOUND: KDKA first broadcast)
added-sample-2	script	https://learningenglish.voanews.com/a/a-23-a-2002-08-28-1-1-83112307/120442.html	47	script	13	correct	yes	"((TAPE: “That's one small step for man … one giant leap for mankind.""))"
added-sample-2	script	https://learningenglish.voanews.com/a/woody-guthrie1912-1967--he-wrote-one-of-americas-best-loved-songs-this-land-is-your-land-96661829/115457.html	21	script	6	correct	yes	"(MUSIC - ""RIDING IN MY CAR"")"
added-sample-2	script	https://learningenglish.voanews.com/a/a-23-2010-02-07-voa2-84659397/130726.html	87	script	8	correct	yes	"(MUSIC: ""Glory of True Love"" / John Prine)"
added-sample-2	script	https://learningenglish.voanews.com/a/a-23-2006-07-25-voa4-83129427/125992.html	33	script	2	correct	yes	(SOUND: Countdown)
added-sample-2	script	https://learningenglish.voanews.com/a/a-23-a-2002-08-16-2-1-83109227/119763.html	24	script	5	correct	yes	"((MUSIC: ""BRAHMS SYMPHONY NUMBER ONE""))"
added-sample-2	script	https://learningenglish.voanews.com/a/a-23-2005-09-27-voa2-83123592/123897.html	18	script	5	correct	yes	(SOUND: HIGH SPEED MORSE CODE)
added-sample-2	script	https://learningenglish.voanews.com/a/a-23-a-2003-07-19-1-1-83115677/121372.html	23	script	7	correct	yes	(CUT THREE – MISSISSIPPI GODDAM - CDJ-6572)
added-sample-2	script	https://learningenglish.voanews.com/a/a-23-2008-12-01-voa1-83139647/129263.html	37	script	3	correct	yes	(MUSIC: “Movin’ Out”)
added-sample-2	script	https://learningenglish.voanews.com/a/a-23-a-2002-06-14-2-1-83110447/119913.html	29	script	9	correct	yes	((CUT ONE: “I’m ready for my close-up, Mister DeMille.”))
added-sample-2	script	https://learningenglish.voanews.com/a/a-23-2009-01-17-voa1-83142887/116332.html	33	script	3	correct	yes	"(MUSIC: ""Die Forelle"")"
added-sample-2	script	https://learningenglish.voanews.com/a/a-23-a-2004-10-23-1-1-83122512/123353.html	20	script	6	correct	yes	(ACT ONE: “A Streetcar Named Desire”)
added-sample-2	script	https://learningenglish.voanews.com/a/lena-horne-1917-2010-a-star-who-broke-racial-barriers-94649189/114048.html	12	script	7	correct	yes	(MUSIC: “Nobody Knows the Trouble I’ve Seen”)
added-sample-2	script	https://learningenglish.voanews.com/a/a-23-2008-01-26-voa1-83139692/129267.html	35	script	4	correct	yes	"(MUSIC: ""We Shall Overcome"")"
added-sample-2	script	https://learningenglish.voanews.com/a/the-timeless-appeal-of-the-nutcracker-136024683/114677.html	4	script	2	correct	yes	"(MUSIC: ""March"")"
added-sample-2	script	https://learningenglish.voanews.com/a/a-23-a-2002-12-21-1-1-83110637/119951.html	6	script	7	correct	yes	((TAPE CUT One: Hank Williams' demo record))
added-sample-2	script	https://learningenglish.voanews.com/a/a-23-2009-10-29-voa4-83141862/129930.html	42	script	6	correct	yes	(MUSIC: “If the Stars Were Mine”)
added-sample-2	script	https://learningenglish.voanews.com/a/a-23-a-2002-02-21-1-1-83112002/120347.html	37	script	4	correct	yes	"((CUT THREE: ""WALK ON""))"
added-sample-2	script	https://learningenglish.voanews.com/a/a-season-for-snowflakes-and-sugarplum-fairies-112307674/114246.html	7	script	7	correct	yes	(MUSIC: “Dance of the Sugar Plum Fairy”)
added-sample-2	script	https://learningenglish.voanews.com/a/a-23-a-2001-09-26-4-1-83032457/118928.html	34	script	7	correct	yes	((CUT ONE: “THE FOOL YOU’RE LOOKING FOR”))
added-sample-2	script	https://learningenglish.voanews.com/a/arab-spring-occup-wall-street-rap-el-general-khaled-m-dead-prez/1382027.html	13	script	4	correct	yes	(SOUND: Protests in Yemen)
added-sample-2	script	https://learningenglish.voanews.com/a/a-23-a-2002-08-23-1-1-83114032/120854.html	8	script	4	correct	yes	"((MUSIC: ""VICTORY AT SEA""))"
added-sample-2	script	https://learningenglish.voanews.com/a/a-season-for-snowflakes-and-sugarplum-fairies-112307674/114246.html	19	script	2	correct	yes	(MUSIC: “Battle”)
added-sample-2	script	https://learningenglish.voanews.com/a/fred-astaire-singing-dancing-movie-musical/1442874.html	17	script	4	correct	yes	"(MUSIC: ""Night and Day"")"
added-sample-2	script	https://learningenglish.voanews.com/a/academy-awards-85777012/113981.html	26	script	4	correct	yes	(SOUND: “The Blind Side”)
added-sample-2	script	https://learningenglish.voanews.com/a/american-history-the-united-states-after-the-911-attacks-146258255/607603.html	117	script	4	correct	yes	(SOUND: United Airlines commercial)
added-sample-2	script	https://learningenglish.voanews.com/a/a-23-a-2003-07-17-1-1-83115657/121367.html	33	script	4	correct	yes	(MUSIC: COMIN’ HOME BABY)
added-sample-2	script	https://learningenglish.voanews.com/a/maria-callas1923-1977-a-beautiful-voice-and-intense-personality-111683104/114260.html	24	script	4	correct	yes	"(MUSIC: March From ""Norma"")"
added-sample-2	presenter	https://learningenglish.voanews.com/a/free-speech-singapore-free-libraries/1696147.html	1	presenter	4	correct	yes	Hello, I’m Steve Ember.
added-sample-2	presenter	https://learningenglish.voanews.com/a/a-23-2009-03-24-voa1-83142007/129959.html	64	presenter	24	correct	yes	And I'm Faith Lapidus. You can download podcasts from our Web site, voaspecialenglish.com. Join us again next week for Explorations in VOA Special English.
added-sample-2	presenter	https://learningenglish.voanews.com/a/a-23-2006-07-29-voa1-83127627/125356.html	52	presenter	29	correct	yes	And I’m Steve Ember. You can download a transcript and audio of this show at voaspecialenglish.com. Join us again next week for PEOPLE IN AMERICA in VOA Special English.
added-sample-2	presenter	https://learningenglish.voanews.com/a/what-are-your-deepest-darkest-fears/1910656.html	13	presenter	11	correct	yes	I’m Anna Matteo. And you are listening to As It Is.
added-sample-2	presenter	https://learningenglish.voanews.com/a/pistorius-judge-south-africa/1877529.html	7	presenter	7	correct	yes	Christopher Cruise tells us more about her.
added-sample-2	presenter	https://learningenglish.voanews.com/a/a-23-2008-06-28-voa1-83138742/128996.html	3	presenter	13	correct	yes	And this is Doug Johnson with People In America in VOA Special English.
added-sample-2	presenter	https://learningenglish.voanews.com/a/oprah-winfrey-paul-mccartney-among-kennedy-center-honorees-for-lifetimes-work-111349794/114275.html	38	presenter	43	correct	yes	STEVE EMBER: And I'm Steve Ember. You can find transcripts and MP3s of our programs at voaspecialenglish.com. You can also find us on Facebook and Twitter at VOA Learning English. Join us again next week for THIS IS AMERICA in VOA Special English.
added-sample-2	presenter	https://learningenglish.voanews.com/a/a-23-2009-12-08-voa2-83143937/130503.html	51	presenter	29	correct	yes	And I'm Bob Doughty. You can download podcasts and comment on our programs at our Web site, voaspecialenglish.com. Join us again next week for EXPLORATIONS in VOA Special English.
added-sample-2	presenter	https://learningenglish.voanews.com/a/a-23-2006-08-07-voa1-83128552/125721.html	57	presenter	43	correct	yes	And I'm Bob Doughty. If you have a question about science that we might be able to answer on our show, send it to special@voanews.com. Join us again next week for more news about science in Special English on the Voice of America.
added-sample-2	presenter	https://learningenglish.voanews.com/a/a-23-2007-07-30-voa3-83135407/128059.html	48	presenter	35	correct	yes	And I'm Faith Lapidus. You can read and listen to our programs at our Web site, voaspecialenglish.com. Join us again next week for more news about science in Special English on the Voice of America.
added-sample-2	presenter	https://learningenglish.voanews.com/a/a-23-a-2002-12-06-1-1-83109542/119842.html	47	presenter	20	correct	yes	And I'm Shirley Griffith. Join us again next week at this time for another People in America program on VOA.
added-sample-2	presenter	https://learningenglish.voanews.com/a/a-23-2006-10-02-voa2-83130502/126383.html	58	presenter	39	correct	yes	And I'm Bob Doughty. Internet users can download transcripts and audio archives of our programs at voaspecialenglish.com. And we hope you join us again next week for more news about science in Special English on the Voice of America.
added-sample-2	presenter	https://learningenglish.voanews.com/a/climbers-break-new-records-on-everest-97444214/116399.html	38	presenter	41	correct	yes	STEVE EMBER: And I'm Steve Ember. You can comment about this story on our website, voaspecialenglish.com. You can also find us on Facebook, Twitter and iTunes at VOA Learning English. Join us again next week for EXPLORATIONS in VOA Special English.
added-sample-2	presenter	https://learningenglish.voanews.com/a/becoming-an-explorer-of-your-family-history-97276944/115857.html	61	presenter	50	correct	yes	And I’m Steve Ember. Have you ever done research on your family’s history? You can tell us about it on our website, voaspecialenglish.com. You can also find us on Facebook, Twitter and iTunes at VOA Learning English. Join us again next week for THIS IS AMERICA in VOA Special English.
added-sample-2	presenter	https://learningenglish.voanews.com/a/a-23-a-2005-01-30-1-1-83124047/124051.html	47	presenter	18	correct	yes	And I’m Bob Doughty. Join us again next week for another THIS IS AMERICA in VOA Special English.
added-sample-2	presenter	https://learningenglish.voanews.com/a/six-researchers-who-gave-all-to-their-work-93956064/116395.html	46	presenter	41	correct	yes	BOB DOUGHTY: And I'm Bob Doughty. Internet users can download transcripts and audio archives of our programs at voaspecialenglish.com. And we hope you join us again next week for more news about science in Special English on the Voice of America.
added-sample-2	presenter	https://learningenglish.voanews.com/a/edward-hopper-1882-1967-one-of-the-best-american-artists-of-the-twentieth-century-117823963/114347.html	32	presenter	33	correct	yes	DOUG JOHNSON: And I’m Doug Johnson. You can read, listen to and download this program at our Web site, voaspecialenglish.com. Join us again next week for PEOPLE IN AMERICA in VOA Special English.
added-sample-2	presenter	https://learningenglish.voanews.com/a/a-23-2006-09-25-voa2-83129172/125912.html	58	presenter	38	correct	yes	And I’m Doug Johnson. You can download transcripts and MP3 files and search through archives of our programs at voaspecialenglish.com. Join us again next week for more news about science in Special English on the Voice of America.
added-sample-2	presenter	https://learningenglish.voanews.com/a/high-tech-aids-search-and-rescue/1894872.html	36	presenter	12	correct	yes	I’m Anna Matteo. Join us again tomorrow for another As It Is.
added-sample-2	presenter	https://learningenglish.voanews.com/a/a-23-2009-11-24-voa2-83143702/130436.html	41	presenter	29	correct	yes	And I'm Doug Johnson. You can download podcasts and comment on our programs at our Web site, voaspecialenglish.com. Join us again next week for EXPLORATIONS in VOA Special English.
added-sample-2	presenter	https://learningenglish.voanews.com/a/president-carter-still-building-houses-and-hope-at-86-104974289/116488.html	37	presenter	40	correct	yes	DOUG JOHNSON: I’m Doug Johnson. Our program was written and produced by Caty Weaver. You can get transcripts, MP3s and podcasts of our shows at voaspecialenglish.com. You can also find us on Facebook, Twitter and YouTube at VOA Learning English.
added-sample-2	presenter	https://learningenglish.voanews.com/a/a-23-2008-05-06-voa1-83136697/128538.html	50	presenter	17	correct	yes	And this is Faith Lapidus. Listen again next week for another EXPLORATIONS program in VOA Special English.
added-sample-2	presenter	https://learningenglish.voanews.com/a/creating-students-of-the-world-/1916115.html	14	presenter	12	correct	yes	I’m Anna Matteo. Join us again tomorrow for another As It Is.
added-sample-2	presenter	https://learningenglish.voanews.com/a/a-23-a-2003-10-12-1-1-83115402/121278.html	0	presenter	10	correct	yes	This is Robert Cohen with the Special English Development Report.
added-sample-2	presenter	https://learningenglish.voanews.com/a/a-23-2010-02-16-voa1-84658787/130697.html	59	presenter	31	correct	yes	And I'm Shirley Griffith. To read the text of this program and download audio, go to our Web site, voaspecialenglish.com. Join us again next week for EXPLORATIONS in VOA Special English.
added-sample-2	presenter	https://learningenglish.voanews.com/a/a-23-2007-01-09-voa1-83131667/126773.html	48	presenter	30	correct	yes	And I'm Barbara Klein. You can read scripts and download audio of our programs at our Web site, voaspecialenglish.com. Listen again next week for another EXPLORATIONS in VOA Special English.
added-sample-2	presenter	https://learningenglish.voanews.com/a/the-struggle-for-jobs-in-america-129618558/113190.html	51	presenter	33	correct	yes	FAITH LAPIDUS: And I’m Faith Lapidus. You can read and listen to our programs and comment on them at voaspecialenglish.com. Join us again next week for THIS IS AMERICA in VOA Special English.
added-sample-2	presenter	https://learningenglish.voanews.com/a/a-23-2007-01-30-voa1-83132832/127185.html	46	presenter	28	correct	yes	And I'm Steve Ember. You can find more about continuing education programs on our Web site, voaspecialenglish.com. Join us again next week for EXPLORATIONS in VOA Special English.
added-sample-2	presenter	https://learningenglish.voanews.com/a/a-23-a-2003-12-02-3-1-83117462/121819.html	53	presenter	16	correct	yes	And this is Faith Lapidus. Join us again next week for EXPLORATIONS from VOA Special English.
added-sample-2	presenter	https://learningenglish.voanews.com/a/a-23-2005-05-23-voa2-83124532/124225.html	52	presenter	19	correct	yes	And I’m Doug Johnson. Join us again next week for another SCIENCE IN THE NEWS, in VOA Special English.
neighbour-census		https://learningenglish.voanews.com/a/facebook-feed-fix/3724617.html	31	call_to_action	24	correct	yes	Do you want to fix your Facebook feed? Will you be setting your friends to see first? Will you be blocking any friends' posts?
neighbour-census		https://learningenglish.voanews.com/a/breaking-the-rules-with-miley-cyrus-flowers-/7504500.html	25	call_to_action	23	correct	yes	What do you think of Miley Cyrus’ song? Are there any singers in your country who sing about their independence in this way?
neighbour-census		https://learningenglish.voanews.com/a/tech-tools-relax/3332930.html	43	call_to_action	19	correct	yes	Do you use tech to help you relax? Do you have any favorite apps or websites that calm you?
neighbour-census		https://learningenglish.voanews.com/a/google-io-2016/3344946.html	35	call_to_action	35	correct	yes	Are you looking forward to these new products and services from Google? Would you like to use Google Assistant? Would you find it handy to have Google Assistant available in your home, car and phone?
neighbour-census		https://learningenglish.voanews.com/a/google-trends-2016-review/3661745.html	20	call_to_action	39	correct	yes	Were you surprised by the terms that were searched most often on Google? Did you check your region to see which terms were most searched? Were there any terms you thought would be on the list but were not?
neighbour-census		https://learningenglish.voanews.com/a/google-depression-questionnaire/4006356.html	26	call_to_action	28	correct	yes	Do you like the idea of Google offering a depression questionnaire in its search results? Do you think this questionnaire will help people become more aware of depression?
neighbour-census		https://learningenglish.voanews.com/a/magnifying-glass-phones/4024864.html	34	call_to_action	37	correct	yes	Have you ever needed a magnifying glass but did not have one handy? Do you like the idea of using your phone as a magnifying glass? Do you use a magnifying glass app that you would recommend?
neighbour-census		https://learningenglish.voanews.com/a/facebook-hidden-messages/3293621.html	26	call_to_action	19	correct	yes	Have you checked your hidden messages on Facebook? Did you find any messages you wish you had seen earlier?
neighbour-census		https://learningenglish.voanews.com/a/tech-problems-fixes/3564944.html	59	call_to_action	25	correct	yes	Have you ever struggled when tech went wrong? Where do you turn when you have tech troubles? Do you have any tips for fixing tech?
neighbour-census		https://learningenglish.voanews.com/a/selfie-deaths-report/3607554.html	22	call_to_action	38	correct	yes	Do you know anyone who has risked their lives trying to take a selfie? Do you try to stay safe when taking selfies? What do you think should be done to help people stay safe while taking selfies?
neighbour-census		https://learningenglish.voanews.com/a/pronouncing-years-in-american-english/7045997.html	34	call_to_action	16	correct	yes	How do you pronounce the years in English? Do you prefer one method over the other?
neighbour-census		https://learningenglish.voanews.com/a/emoji-say-volumes-without-a-word-/3004375.html	41	call_to_action	31	correct	yes	Do you like to use them? Were you ever confused by an emoji? Have you seen the new emojis on Facebook or Twitter? Do you think emojis belong in newspaper articles?
neighbour-census		https://learningenglish.voanews.com/a/in-a-time-of-rising-prices-college-is-next/6434658.html	28	call_to_action	7	correct	no	How well do you understand the story?
neighbour-census		https://learningenglish.voanews.com/a/everyday-grammar-learn-about-modal-auxiliaries/3854950.html	52	call_to_action	4	content	no	What can you do?
neighbour-census		https://learningenglish.voanews.com/a/wannacry-protection/3853769.html	21	call_to_action	39	correct	yes	Had you heard about the cyberattack last week? Were you affected by WannaCry? Have you updated your computer and downloaded the latest version of Windows (or MacOS if you use an Apple computer)? Do you backup your data regularly?
neighbour-census		https://learningenglish.voanews.com/a/personal-tech-seeing-ai/3949984.html	39	call_to_action	44	correct	yes	Do you like the idea of Seeing AI to help blind and visually impaired people identify what is in front of them?How do you think Seeing AI will be helpful to others? What would you like to see the app be able to do?
neighbour-census		https://learningenglish.voanews.com/a/google-products-2016/3547227.html	32	call_to_action	13	correct	yes	Are you interested in these Google products? Would you like try Google Assistant?
neighbour-census		https://learningenglish.voanews.com/a/facebook-new-features/3183507.html	52	call_to_action	19	correct	yes	Are you excited about Facebook's fun new features? Which ones have you tried? Which ones will you use most?
neighbour-census		https://learningenglish.voanews.com/a/phone-listening/3377513.html	34	call_to_action	27	correct	yes	Do you wish your phone would let you know when the microphone was in use? Have you tested to see whether your phone is listening to you?
neighbour-census		https://learningenglish.voanews.com/a/driving-trucks-breaking---women-break-tradition-at-burkina-faso-gold-mines-/5316944.html	17	call_to_action	12	correct	yes	In your country, what jobs do women do that are not traditional?
neighbour-census		https://learningenglish.voanews.com/a/free-ebook-websites/3734667.html	41	call_to_action	28	correct	yes	Have you ever read a free ebook? Do you have some ebooks to read when you have spare time? Which sites do you use to find free ebooks?
neighbour-census		https://learningenglish.voanews.com/a/wwdc-2016-part-2/3396699.html	30	call_to_action	31	correct	yes	Are you interested in the updates to Apple operating systems? Which features are you looking forward to most? Are there any features that you would have liked that were not announced?
neighbour-census		https://learningenglish.voanews.com/a/twitter-update-2016/3364301.html	40	call_to_action	30	correct	yes	Are you excited about these changes to Twitter? Have you ever been frustrated at images and web addresses taking up characters in your tweets? Which changes do you like best?
neighbour-census		https://learningenglish.voanews.com/a/stanford-university-fitness-study/3878714.html	25	call_to_action	30	correct	yes	Do you wear a fitness tracker on your wrist? Do you think fitness trackers accurately measure heart rate and energy expended? Do you make decisions based on your fitness tracker?
neighbour-census		https://learningenglish.voanews.com/a/future-of-computers/3575601.html	31	call_to_action	36	correct	yes	Which new features of the Studio Surface and MacBook Pro do you like best? Are there any features that you wish they would have? Do you think these computers hold the keys to our computing future?
neighbour-census		https://learningenglish.voanews.com/a/tracking-santa-with-technology/3112564.html	35	call_to_action	26	correct	yes	Have you ever used these fun tech tools at Christmas? Which are your favorites? Do you have any suggestions for fun ways to celebrate the holiday?
neighbour-census		https://learningenglish.voanews.com/a/computer-ssd/3023674.html	54	call_to_action	29	correct	yes	Has your computer been running slowly? Have you ever upgraded your computer to an SSD? Have you ever opened your computer? Would you be willing to try this yourself?
neighbour-census		https://learningenglish.voanews.com/a/google-io-2017/3865803.html	44	call_to_action	18	correct	yes	Are you interested in the new announcements from Google? Which new tech are you most likely to try?
neighbour-census		https://learningenglish.voanews.com/a/education-apps-infographic/3304443.html	69	call_to_action	26	correct	yes	Do you use apps to help you be a better student? Have you used any of these apps? Which apps are your favorite apps for students?
neighbour-census		https://learningenglish.voanews.com/a/grammar-and-the-economy-negotiations/7145357.html	49	call_to_action	7	content	no	How might you negotiate a lower price?
neighbour-census		https://learningenglish.voanews.com/a/best-place-to-live-teleport/3269894.html	39	call_to_action	24	correct	yes	Have you ever wondered where your ideal city is? Which preferences are most important to you? What do you think your ideal city is?
neighbour-census		https://learningenglish.voanews.com/a/puzzle-apps-2017/3917636.html	61	call_to_action	26	correct	yes	Have you played any of these puzzle apps? Do you have any suggestions for fun puzzle apps? Do you like playing games that make you think?
neighbour-census		https://learningenglish.voanews.com/a/prisma-app/3423097.html	34	call_to_action	13	correct	yes	Have you used Prisma? Do you like using apps to filter your photos?
neighbour-census		https://learningenglish.voanews.com/a/google-services/3496811.html	67	call_to_action	27	correct	yes	Which of these Google services do you use? Are any of these services new to you? Are there any Google services not listed here that you recommend?
neighbour-census		https://learningenglish.voanews.com/a/honolulu-walking-texting/3976027.html	12	call_to_action	28	correct	yes	Do you like Honolulu's new law that bans texting while walking? Do you think it will make Honolulu safer and reduce pedestrian deaths? Do you text while walking?
neighbour-census		https://learningenglish.voanews.com/a/personal-tech-home-design-improvement-apps/3996448.html	55	call_to_action	30	correct	yes	Have you ever used apps for home improvement or design projects? Have you tried any of these apps? Can you suggest apps to help with home improvement and design projects?
neighbour-census		https://learningenglish.voanews.com/a/augmented-reality-versus-virtual-reality/3844772.html	22	call_to_action	17	correct	yes	Have you ever wondered about augmented reality versus virtual reality? Have you tried apps using either one?
neighbour-census		https://learningenglish.voanews.com/a/google-pinterest-image-search/3816317.html	34	call_to_action	31	correct	yes	Do you search using images? Do you like having more ways to search using images? Which of these new ways to search using images would be the most useful for you?
neighbour-census		https://learningenglish.voanews.com/a/what-is-popular-in-your-country-/7488370.html	27	call_to_action	22	correct	yes	What is a popular person, thing, or activity in your country? Why do you think the person, thing, or activity is popular?
neighbour-census		https://learningenglish.voanews.com/a/ios-10-features/3516374.html	35	call_to_action	23	correct	yes	Have you updated your phone to iOS 10? Have you tried any of these new features? Which ones do you like or dislike?
neighbour-census		https://learningenglish.voanews.com/a/google-maps-share-location/3784624.html	28	call_to_action	20	correct	yes	Are you interested in sharing your location with your friends using Google Maps? When would you use this new feature?
neighbour-census		https://learningenglish.voanews.com/a/google-flights-new-tool/3597957.html	19	call_to_action	31	correct	yes	Do you try to find the best prices for airfares? Would you sign up to get notices about price changes? Are you interested in finding out when an airfare will end?
neighbour-census		https://learningenglish.voanews.com/a/photo-delete/3909413.html	24	call_to_action	34	correct	yes	Have you ever accidentally deleted an important photo? Have you ever deleted a photo, only to find it was still on your phone? What app do you use to store and share your photos?
neighbour-census		https://learningenglish.voanews.com/a/twitter-explore/3699885.html	26	call_to_action	35	correct	yes	Have you seen the new Explore tab in the Twitter app? Were you wondering where Search and Trends went on the Twitter app? Which categories would you like to have in the Explore All section?
neighbour-census		https://learningenglish.voanews.com/a/public-usb-hubs/3937860.html	23	call_to_action	41	correct	yes	Have you heard of juice jacking? Did you realize that USB charging stations could transfer data as well as electricity? Have you used USB charging stations while traveling? What steps do you take to protect data on your phone and tablet?
neighbour-census		https://learningenglish.voanews.com/a/disaster-apps/3406400.html	60	call_to_action	20	correct	yes	Have you made preparations in case of an emergency? Which disaster apps do you think you would find most helpful?
neighbour-census		https://learningenglish.voanews.com/a/facebook-fake-news/3752639.html	24	call_to_action	39	correct	yes	Have you seen stories on Facebook that have been flagged as being disputed? Have you reported news stories you have seen in your News Feed as being false? Do you agree with Facebook's way of identifying fake news stories?
neighbour-census		https://learningenglish.voanews.com/a/android-updates-2017/3744603.html	25	call_to_action	30	correct	yes	Are you looking forward to the changes coming to Android phones? Which updates are most interesting to you? What other updates would you like to see come to Android phones?
neighbour-census		https://learningenglish.voanews.com/a/microchip-employees-us-company/3967947.html	19	call_to_action	41	correct	yes	Do you think having a chip implanted in your hand would be convenient? Would you volunteer to have the chip implanted in your hand? Would you work for a company that required you to have a chip implanted in your hand?
neighbour-census		https://learningenglish.voanews.com/a/linknyc/3416158.html	20	call_to_action	32	correct	yes	Do you like the idea of Link kiosks? Which of the free services would you use? Do you wish Link kiosks would come to your city? Are you concerned about privacy issues?
neighbour-census		https://learningenglish.voanews.com/a/fotor-photo-editing/3203863.html	26	call_to_action	25	correct	yes	Do you edit your photos? Do you like editing tools that are powerful but easy to use? Which editing features do you like to use?
neighbour-census		https://learningenglish.voanews.com/a/how-to-raise-a-reader/2714555.html	34	call_to_action	11	correct	yes	Did you have a favorite children’s book when you were little?
neighbour-census		https://learningenglish.voanews.com/a/wayback-machine/3710648.html	37	call_to_action	32	correct	yes	Have you ever wanted to see a history of past websites? Have you ever been upset to find a website had closed? What websites have you searched for on the Wayback Machine?
neighbour-census		https://learningenglish.voanews.com/a/grammar-for-describing-when-we-are-not-feeling-/7066945.html	45	call_to_action	17	correct	yes	Are there any other expressions you know for talking about your symptoms and how you are feeling?
neighbour-census		https://learningenglish.voanews.com/a/wwdc-2016-ios-10/3386601.html	38	call_to_action	31	correct	yes	Are you interested in the updates to Apple operating systems? Which features are you looking forward to most? Are there any features that you would have liked that were not announced?
neighbour-census		https://learningenglish.voanews.com/a/personal-tech-netflix-update/3776598.html	20	call_to_action	23	correct	yes	Have you seen the Skip Intro Button? Would you use it? Do you hope Netflix makes the Skip Intro button available to everyone?
neighbour-census		https://learningenglish.voanews.com/a/personal-tech-netflix-update/3776598.html	19	call_to_action	28	correct	yes	Would you be more likely to give a show a star rating or a thumbs up or down rating? Do you like the new matching feature on Netflix?
gain-census-1		https://learningenglish.voanews.com/a/1801065.html	43	programme	14	correct	yes	I’m Steve Ember with As It Is, coming to you from VOA Learning English.
gain-census-1		https://learningenglish.voanews.com/a/1820433.html	1	programme	11	correct	yes	Welcome to American Mosaic from VO Learning English. I'm Katherine Cole.
gain-census-1		https://learningenglish.voanews.com/a/1858388.html	16	programme	19	correct	yes	You are listening to As It Is, VOA’s daily program for people learning English. I’m Karen Leggett in Washington.
gain-census-1		https://learningenglish.voanews.com/a/3532313.html	1	programme	9	correct	yes	Hello and welcome to another Words and Their Stories.
gain-census-1		https://learningenglish.voanews.com/a/3817026.html	1	programme	9	correct	yes	Welcome to another edition of Words to the Wise!
gain-census-1		https://learningenglish.voanews.com/a/a-23-2006-02-13-voa2-83130722/126474.html	25	programme	12	correct	yes	This is SCIENCE IN THE NEWS in VOA Special English from Washington.
gain-census-1		https://learningenglish.voanews.com/a/a-23-2007-05-30-voa3-83131807/117301.html	50	programme	19	correct	yes	AA: And that's it for Wordmaster this week. Our e-mail address is word@voanews.com. With Rosanne Skirble, I'm Avi Arditti.
gain-census-1		https://learningenglish.voanews.com/a/a-23-2007-09-18-voa2-83132352/117341.html	16	programme	19	correct	yes	RS: And that's it for WORDMASTER this week. Our e-mail address is word@voanews.com. With Avi Arditti, I'm Rosanne Skirble.
gain-census-1		https://learningenglish.voanews.com/a/a-23-2009-05-18-voa2-83143327/130370.html	1	programme	15	correct	yes	This is SCIENCE IN THE NEWS, a program in VOA Special English. I'm Bob Doughty.
gain-census-1		https://learningenglish.voanews.com/a/a-23-2009-06-22-voa1-83141997/129955.html	1	programme	15	correct	yes	This is SCIENCE IN THE NEWS, a program in VOA Special English. I'm Bob Doughty.
gain-census-1		https://learningenglish.voanews.com/a/a-23-a-2002-01-30-20-1-83110192/117775.html	28	programme	14	correct	yes	RS: And that's all for Wordmaster this week. With Avi Arditti, I'm Rosanne Skirble.
gain-census-1		https://learningenglish.voanews.com/a/a-23-a-2002-02-12-7-1-83113407/118080.html	22	programme	13	correct	yes	RS: Now here's a reminder of our Wordmaster Name the Next Decade Contest.
gain-census-1		https://learningenglish.voanews.com/a/a-23-a-2002-02-16-6-1-83113682/118140.html	37	programme	7	correct	yes	AA: That's it for Wordmaster this week.
gain-census-1		https://learningenglish.voanews.com/a/a-23-a-2003-01-02-1-1-83118172/122069.html	2	programme	11	correct	yes	Welcome to AMERICAN MOSAIC -- VO-A’s radio magazine in Special English.
gain-census-1		https://learningenglish.voanews.com/a/a-23-a-2003-01-21-2-1-83116892/121628.html	9	programme	33	correct	yes	You can get more information about solar food dryers from the group Volunteers in Technical Assistance. You can contact VITA through the Internet at its Web address: w-w-w dot v-i-t-a dot o-r-g. (www.vita.org)
gain-census-1		https://learningenglish.voanews.com/a/a-23-a-2003-11-20-5-1-83116522/118325.html	24	programme	25	correct	yes	RS: And that's all for Wordmaster this week. Our e-mail address is word@voanews.com, and our Web site is voanews.com/wordmaster. With Avi Arditti, I'm Rosanne Skirble.
gain-census-1		https://learningenglish.voanews.com/a/a-23-a-2004-10-18-1-1-83119832/122535.html	4	programme	15	correct	yes	Welcome to a special presentation of AMERICAN MOSAIC in VOA Special English. I'm Doug Johnson.
gain-census-1		https://learningenglish.voanews.com/a/a-23-a-2004-11-10-1-1-83120592/122627.html	42	programme	8	correct	yes	This is the one-thousandth program of AMERICAN MOSAIC.
gain-census-1		https://learningenglish.voanews.com/a/a-23-a-2005-03-01-2-1-83123512/123882.html	9	programme	26	correct	yes	You can get more information about solar food dryers from the group Volunteers in Technical Assistance. VITA is on the Internet at v-i-t-a dot o-r-g. (vita.org.)
gain-census-1		https://learningenglish.voanews.com/a/a-23-a-2005-05-03-1-1-83123907/118556.html	19	programme	23	correct	yes	AA: And that's Wordmaster this week. Our Web site is voanews.com/wordmaster. And our e-mail address is word@voanews.com. With Rosanne Skirble, I'm Avi Arditti.
gain-census-1		https://learningenglish.voanews.com/a/a-river-changes-course/1734171.html	1	programme	11	correct	yes	Hi, and welcome to As It Is. I’m Kelly Jean Kelly.
gain-census-1		https://learningenglish.voanews.com/a/amnesty-condemns-school-attacks-in-northern-nigeria/1767755.html	18	programme	14	correct	yes	You are listening to As It Is, in VOA Learning English. I’m Bob Doughty.
gain-census-1		https://learningenglish.voanews.com/a/are-you-a-bull-in-a-china-shop-/7059316.html	16	programme	15	correct	yes	And that's all the time for this Words and Their Stories. Until next time ...
gain-census-1		https://learningenglish.voanews.com/a/athletes-head-injuries-103888154/115033.html	0	programme	17	correct	yes	KATHERINE COLE: This is SCIENCE IN THE NEWS, a program in VOA Special English. I'm Katherine Cole.
gain-census-1		https://learningenglish.voanews.com/a/autumn-years-and-other-phases-of-life/5128035.html	1	programme	9	correct	yes	And now it’s time for Words and Their Stories!
gain-census-1		https://learningenglish.voanews.com/a/calendars-elvis-marilyn-monroe-new-years/1820816.html	1	programme	10	correct	yes	Now, a special Words and their Stories for New Years.
gain-census-1		https://learningenglish.voanews.com/a/cambodia-international-adoptions-chinese-surrogates/1852002.html	34	programme	31	correct	yes	And that is As It Is, from VOA Learning English. I’m June Simms. Thanks for joining us. VOA world news is coming up at the beginning of the hour Universal Time.
gain-census-1		https://learningenglish.voanews.com/a/chinese-laws-requires-adults-to-care-for-aging-parents-china-economy/1708639.html	1	programme	17	correct	yes	Welcome again to the daily magazine show As It Is. For VOA Learning English, I’m Mario Ritter.
gain-census-1		https://learningenglish.voanews.com/a/covid-19-and-your-pet-what-you-need-to-know/5526203.html	24	programme	10	correct	yes	And that’s the Health & Lifestyle report for this week.
gain-census-1		https://learningenglish.voanews.com/a/curiosity-killed-the-cat-/4567264.html	29	programme	12	correct	yes	And that's the end of Words and Their Stories for this week.
gain-census-1		https://learningenglish.voanews.com/a/don-t-bite-off-more-than-you-can-chew-/5212592.html	1	programme	15	correct	yes	Now, it’s time for Words and Their Stories -- a program from VOA Learning English.
gain-census-1		https://learningenglish.voanews.com/a/everyday-grammar-gerunds-infinitives/2722827.html	1	programme	11	correct	yes	Welcome to another episode of Everyday Grammar on VOA Learning English.
gain-census-1		https://learningenglish.voanews.com/a/faded-fame-can-be-humbling/1495427.html	0	programme	15	correct	yes	BARBARA KLEIN: Welcome to the VOA Special English program THIS IS AMERICA. I’m Barbara Klein.
gain-census-1		https://learningenglish.voanews.com/a/father-s-day-expression/5468524.html	20	programme	16	correct	yes	And that is Words and Their Stories for Father’s Day. Until next time. I’m Anna Matteo.
gain-census-1		https://learningenglish.voanews.com/a/florence-hate-crimes-immigrants/1653419.html	1	programme	17	correct	yes	Hello, and welcome once again to As It Is, the daily magazine show from VOA Learning English.
gain-census-1		https://learningenglish.voanews.com/a/full-steam-ahead-/6620470.html	17	programme	12	correct	yes	That’s all the time we have for this Words and Their Stories.
gain-census-1		https://learningenglish.voanews.com/a/getting-to-know-gerunds-and-infinitives/3111996.html	1	programme	11	correct	yes	Welcome to another episode of Everyday Grammar on VOA Learning English.
gain-census-1		https://learningenglish.voanews.com/a/global-meat-demand-changes-farming/1837323.html	21	programme	12	correct	yes	And I’m Steve Ember with As It Is from VOA Learning English.
gain-census-1		https://learningenglish.voanews.com/a/growning-minds-need-greener-spaces/2850908.html	24	programme	11	correct	yes	And that’s the Health & Lifestyle report from VOA Learning English.
gain-census-1		https://learningenglish.voanews.com/a/health-and-lifestyle-bones-are-alive/3832858.html	45	programme	6	correct	yes	That’s the Health & Lifestyle report.
gain-census-1		https://learningenglish.voanews.com/a/health-lifestyle-2017/4173453.html	50	programme	11	correct	yes	And that is the last Health & Lifestyle report for 2017!
gain-census-1		https://learningenglish.voanews.com/a/high-level-delegations-meet-for-talks-on-mali-crisis/1530010.html	13	programme	16	correct	yes	And that's IN THE NEWS in VOA Special English, written by Kim Varzi. I'm Steve Ember.
gain-census-1		https://learningenglish.voanews.com/a/home-most-dangerous-place-for-women/4681702.html	21	programme	11	correct	yes	And that is the Health & Lifestyle report. I’m Anna Matteo.
gain-census-1		https://learningenglish.voanews.com/a/housekeeping-and-clean-house-mean-more-cleaning/7087474.html	22	programme	12	correct	yes	That’s all the time we have for this Words and Their Stories.
gain-census-1		https://learningenglish.voanews.com/a/hurricanes-storms-ice-cream/1750244.html	3	programme	12	correct	yes	It’s time for more Learning English with As It Is on VOA.
gain-census-1		https://learningenglish.voanews.com/a/idioms-color-blue/5303536.html	18	programme	9	correct	yes	Until next time, this is Words and Their Stories.
gain-census-1		https://learningenglish.voanews.com/a/in-the-news-march-27/2697373.html	12	programme	10	correct	yes	And that is In the News from VOA Learning English.
gain-census-1		https://learningenglish.voanews.com/a/india-solar-energy/1649743.html	1	programme	12	correct	yes	Welcome to As It Is, a daily show from VOA Learning English.
gain-census-1		https://learningenglish.voanews.com/a/it-s-time-for-your-day-in-the-sun-/5946787.html	1	programme	8	correct	yes	And now, welcome to Words and Their Stories.
gain-census-1		https://learningenglish.voanews.com/a/kichen-chemistry-the-science-of-herbs-and-spices/1418361.html	0	programme	17	correct	yes	FAITH LAPIDUS: This is SCIENCE IN THE NEWS a program in VOA Special English. I’m Faith Lapidus.
gain-census-1		https://learningenglish.voanews.com/a/let-s-eat-thanksgiving-dinner-idioms/5669264.html	33	programme	12	correct	yes	And that’s all for this Words and Their Stories – Thanksgiving program!
gain-census-1		https://learningenglish.voanews.com/a/loose-cannons-are-dangerous/4665046.html	31	programme	13	correct	yes	And that is Words and Their Stories for this week. I’m Anna Matteo.
gain-census-1		https://learningenglish.voanews.com/a/love-hurts-other-love-expressions/4775439.html	21	programme	10	correct	yes	And that’s our Valentine’s program on Words and Their Stories.
gain-census-1		https://learningenglish.voanews.com/a/mandela-anc-party-future/1810123.html	1	programme	12	correct	yes	Hello, and welcome back to As It Is. I’m Kelly Jean Kelly.
gain-census-1		https://learningenglish.voanews.com/a/maverick-words-and-their-stories/2807850.html	20	programme	14	correct	yes	You have been listening to the VOA Learning English program, Words and Their Stories.
gain-census-1		https://learningenglish.voanews.com/a/microbes-endangered-orchids-britains-oldest-human-footprints/1929809.html	21	programme	21	correct	yes	You are listening to the VOA Learning English program Science in the News. With Christopher Cruise, I’m Anna Matteo in Washington.
gain-census-1		https://learningenglish.voanews.com/a/muslims-budhhism-dominican-nuns-faith/1213229.html	0	programme	13	correct	yes	MARIO RITTER: Welcome to the VOA Special English program EXPLORATIONS. I’m Mario Ritter.
gain-census-1		https://learningenglish.voanews.com/a/mystery-at-the-ice-castle-inn-part-2-words-and-their-stories/3648351.html	1	programme	11	correct	yes	Welcome to Words and Their Stories, a VOA Learning English program.
gain-census-1		https://learningenglish.voanews.com/a/national-parks/1695875.html	1	programme	12	correct	yes	Welcome to This Is America in VOA Learning English. I'm Jim Tedder.
gain-census-1		https://learningenglish.voanews.com/a/normal-bad-mood-or-depression-/5222664.html	30	programme	8	correct	yes	And that is the Health & Lifestyle report.
gain-census-1		https://learningenglish.voanews.com/a/one-billion-young-people-risk-hearing-loss-from-loud-music/2723230.html	17	programme	10	correct	yes	And that’s the VOA Learning English Health and Lifestyle report.
gain-census-1		https://learningenglish.voanews.com/a/polio-somalia-salmon-alaska-sockeye-video-lucy-desi/1723062.html	1	programme	11	correct	yes	Hello, and welcome again to As It Is. I’m Steve Ember.
gain-census-1		https://learningenglish.voanews.com/a/scientists-look-at-plant-products-with-an-eye-to-new-possibilities-for-health--95280084/114915.html	3	programme	17	correct	yes	BOB DOUGHTY: This is SCIENCE IN THE NEWS, a program in VOA Special English. I’m Bob Doughty.
gain-census-1		https://learningenglish.voanews.com/a/scientists-test-mrna-vaccines-to-protect-against-bird-flu/7645555.html	23	programme	6	correct	yes	That’s the Health & Lifestyle report.
gain-census-1		https://learningenglish.voanews.com/a/screams-have-special-place-in-the-brain/2883658.html	27	programme	11	correct	yes	And that’s the Health & Lifestyle report for VOA Learning English.
gain-census-1		https://learningenglish.voanews.com/a/seeking-to-secure-all-nuclear-materials-in-four-years-91116959/130766.html	17	programme	11	correct	yes	That's IN THE NEWS in VOA Special English. I'm Steve Ember.
gain-census-1		https://learningenglish.voanews.com/a/sexual-harassment-rise-libya/1790610.html	26	programme	16	correct	yes	You are listening to the Learning English program As It Is, on the Voice of America.
gain-census-1		https://learningenglish.voanews.com/a/south-africa-rape-uganda-refugee-camp-drc-unhcr/1794666.html	24	programme	12	correct	yes	You are listening to As It Is, from The Voice of America.
gain-census-1		https://learningenglish.voanews.com/a/stepping-stone-is-a-way-up-and-out/5924102.html	1	programme	24	correct	yes	And now, welcome to Words and Their Stories, from VOA Learning English. On this program we explore words and expressions in the English language.
gain-census-1		https://learningenglish.voanews.com/a/trouble-for-greece-far-right-party-golden-dawn/1768135.html	16	programme	16	correct	yes	You are listening to As It Is, in VOA Learning English. I’m George Grow in Washington.
gain-census-1		https://learningenglish.voanews.com/a/us-study-links-air-pollution-to-autism/2615561.html	20	programme	14	correct	yes	And that’s the Health and Lifestyle Report from VOA Learning English. I’m Anna Matteo.
gain-census-1		https://learningenglish.voanews.com/a/what-are-your-deepest-darkest-fears/1910656.html	13	presenter	11	correct	yes	I’m Anna Matteo. And you are listening to As It Is.
gain-census-1		https://learningenglish.voanews.com/a/what-does-like-gangbusters-mean-/7878059.html	22	programme	15	correct	yes	And that’s end of this Words and Their Stories. Until next time, I’m Anna Matteo.
gain-census-1		https://learningenglish.voanews.com/a/words-and-their-stories-blow-your-mind/4356662.html	25	programme	11	correct	yes	And that's the end of this week's Words and Their Stories.
gain-census-1		https://learningenglish.voanews.com/a/words-and-their-stories-boxing-expressions/2510976.html	17	programme	11	correct	yes	And that’s the VOA Learning English program Words and Their Stories.
gain-census-1		https://learningenglish.voanews.com/a/words-and-their-stories-chciken-or-egg/3890429.html	33	programme	9	correct	yes	That’s the end of this Words and Their Stories.
gain-census-1		https://learningenglish.voanews.com/a/words-and-their-stories-clothing-expressions/3538378.html	1	programme	13	correct	yes	Hello and welcome to Words and Their Stories from the Voice of America!
gain-census-1		https://learningenglish.voanews.com/a/words-and-their-stories-feel-the-pinch/2942530.html	1	programme	13	correct	yes	Hello, I'm Anna Matteo with the Learning English program Words and Their Stories.
gain-census-1		https://learningenglish.voanews.com/a/words-and-their-stories-fiasco/3036911.html	1	programme	10	correct	yes	Welcome to VOA Learning English’s program Words and Their Stories.
gain-census-1		https://learningenglish.voanews.com/a/words-and-their-stories-heard-it-rhough-the-grapevine/3437538.html	1	programme	16	correct	yes	Hello and welcome to another episodes of Words and Their Stories, a VOA Learning English program.
gain-census-1		https://learningenglish.voanews.com/a/words-and-their-stories-in-the-drivers-seat/4162374.html	1	programme	8	correct	yes	Now, it's time for Words and Their Stories.
gain-census-1		https://learningenglish.voanews.com/a/words-and-their-stories-just-breathe/3203888.html	1	programme	11	correct	yes	Hello and welcome to VOA Learning English’s Words and Their Stories!
gain-census-1		https://learningenglish.voanews.com/a/words-and-their-stories-news-expressions/3745762.html	1	programme	13	correct	yes	Hello and welcome to another Words and Their Stories, from VOA Learning English.
gain-census-1		https://learningenglish.voanews.com/a/words-and-their-stories-pass-the-buck/4212360.html	1	programme	8	correct	yes	Now, it's time for Words and Their Stories.
gain-census-1		https://learningenglish.voanews.com/a/everyday-grammar-learn-about-modal-auxiliaries/3854950.html	52	call_to_action	4	dropped	no	What can you do?
gain-census-1		https://learningenglish.voanews.com/a/grammar-and-the-economy-negotiations/7145357.html	49	call_to_action	7	dropped	no	How might you negotiate a lower price?
gain-census-1		https://learningenglish.voanews.com/a/in-a-time-of-rising-prices-college-is-next/6434658.html	28	call_to_action	7	dropped	no	How well do you understand the story?
gain-census-1		https://learningenglish.voanews.com/a/personal-tech-netflix-update/3776598.html	19	call_to_action	28	dropped	yes	Would you be more likely to give a show a star rating or a thumbs up or down rating? Do you like the new matching feature on Netflix?
gain-census-2		https://learningenglish.voanews.com/a/fishing-for-more-than-fish/4541177.html	2	programme	13	correct	yes	On this program we talk about common expressions and phrases in American English.
gain-census-2		https://learningenglish.voanews.com/a/learn-how-to-catch-lightning-in-a-bottle-/4518823.html	2	programme	12	correct	yes	On this show, we explore common phrases and expressions in American English.
gain-census-2		https://learningenglish.voanews.com/a/personal-tech-netflix-update/3776598.html	19	call_to_action	28	correct	yes	Would you be more likely to give a show a star rating or a thumbs up or down rating? Do you like the new matching feature on Netflix?
gain-census-2		https://learningenglish.voanews.com/a/rocking-the-boat-upsets-everything/5081238.html	2	programme	10	correct	yes	On this show we explore common expressions in American English.
gain-census-2		https://learningenglish.voanews.com/a/words-and-their-stories-cross-the-line-finish-line/3755973.html	1	programme	24	correct	yes	Now, it’s time for the VOA Learning English program, Words and Their Stories. On this show, we talk about common, expressions in American English.
