url,title,program,date,byline,has_audio,audio_url,word_count,avg_sentence_len,fk_grade,est_level,topics,license_ok,license_reasons,credit_line,candidate_topics
https://learningenglish.voanews.com/a/1866866.html,"Crimean Lawmakers Vote to Leave Ukraine, Join Russia",,2014-03-07,VOA Learning English,0,,0,0.0,,,,1,,,
https://learningenglish.voanews.com/a/1939887.html,Franklin Pierce,,2014-06-18,VOA Learning English,0,,0,0.0,,,,1,,,
https://learningenglish.voanews.com/a/1943048.html,Weapon (noun),Word of the Day,2014-07-22,VOA Learning English,0,,0,0.0,,,,1,,,
https://learningenglish.voanews.com/a/1943313.html,Air force (noun),Word of the Day,2014-07-28,VOA Learning English,0,,0,0.0,,,,1,,,
https://learningenglish.voanews.com/a/1957019.html,Partner (noun),Word of the Day,2014-08-15,VOA Learning English,0,,0,0.0,,,,1,,,
https://learningenglish.voanews.com/a/1977130.html,Hear or download this story,,2011-07-25,,1,http://av.voanews.com/Videoroot/Archive/MediaAssets2/learningenglish/2011_07/se-ag-controlling-weeds-26jul11.mp3,0,0.0,,,,0,byline_not_staff,,
https://learningenglish.voanews.com/a/1977289.html,Hear or download this story,,2011-03-08,,0,,0,0.0,,,,0,byline_not_staff,,
https://learningenglish.voanews.com/a/1977473.html,Hear or download this story,,2011-06-08,,0,,0,0.0,,,,0,byline_not_staff,,
https://learningenglish.voanews.com/a/1977576.html,Hear or download this story,,2011-05-12,,0,,0,0.0,,,,0,byline_not_staff,,
https://learningenglish.voanews.com/a/1977746.html,Hear or download this story,,2011-06-27,,1,http://av.voanews.com/Videoroot/Archive/MediaAssets2/learningenglish/2011_06/se-sin-2646-physical-fitness-28jun11.mp3,0,0.0,,,,0,byline_not_staff,,
https://learningenglish.voanews.com/a/1977947.html,Hear or download this story,,2012-02-16,,0,,0,0.0,,,,0,byline_not_staff,,
https://learningenglish.voanews.com/a/1978087.html,Hear or download this story,,2011-11-13,,0,,0,0.0,,,,0,byline_not_staff,,
https://learningenglish.voanews.com/a/1978153.html,Wordmaster - Download MP3,,2005-09-27,,1,http://av.voanews.com/Videoroot/Archive/MediaAssets2/learningenglish/2005_09/audio/mp3/05-09-28-style-and-voice-in-writing-part2.mp3,0,0.0,,,,0,byline_not_staff,,
https://learningenglish.voanews.com/a/1978154.html,Wordmaster - Download MP3,,2005-10-18,,1,http://av.voanews.com/Videoroot/Archive/MediaAssets2/learningenglish/2005_10/audio/mp3/05-10-19iranian-teacher-in-portland.mp3,0,0.0,,,,0,byline_not_staff,,
https://learningenglish.voanews.com/a/1978274.html,MP3,,2009-08-05,,1,http://av.voanews.com/Videoroot/Archive/MediaAssets2/learningenglish/2009_08/audio/mp3/09-08-05-blogs-world-happiness-pt1_0.mp3,0,0.0,,,,0,byline_not_staff,,
https://learningenglish.voanews.com/a/1978664.html,Science in the News - Download MP3,,2005-09-19,,1,http://av.voanews.com/Videoroot/Archive/MediaAssets2/learningenglish/2005_09/audio/mp3/se-science-in-the-news-20sept05.mp3,0,0.0,,,,0,byline_not_staff,,
https://learningenglish.voanews.com/a/1978778.html,American Mosaic - Download MP3,,2005-05-27,,1,http://av.voanews.com/Videoroot/Archive/MediaAssets2/learningenglish/2005_05/audio/mp3/se-american-mosaic-27may05.mp3,0,0.0,,,,0,byline_not_staff,,
https://learningenglish.voanews.com/a/1978870.html,American Mosaic - Download MP3,,2006-03-03,,1,http://av.voanews.com/Videoroot/Archive/MediaAssets2/learningenglish/2006_03/audio/mp3/se-am-us-travel-program-4mar06.mp3,0,0.0,,,,0,byline_not_staff,,
https://learningenglish.voanews.com/a/1978917.html,/2006_01/audio/mp3/se-american-mosaic-6jan06.mp3,,2006-01-05,,1,http://av.voanews.com/Videoroot/Archive/MediaAssets2/learningenglish/2006_01/audio/mp3/se-american-mosaic-6jan06.mp3,0,0.0,,,,0,byline_not_staff,,
https://learningenglish.voanews.com/a/1978930.html,Agriculture Report - Download MP3,,2006-03-13,,1,http://av.voanews.com/Videoroot/Archive/MediaAssets2/learningenglish/2006_03/audio/mp3/se-ag-bird-flu-13mar06.mp3,0,0.0,,,,0,byline_not_staff,,
https://learningenglish.voanews.com/a/1979042.html,MP3 - Download Audio,,2007-09-05,,1,http://av.voanews.com/Videoroot/Archive/MediaAssets2/learningenglish/2007_09/audio/mp3/se-exp-yellowstone-4sept07.mp3,0,0.0,,,,0,byline_not_staff,,
https://learningenglish.voanews.com/a/1979162.html,MP3,,2008-03-05,,1,http://av.voanews.com/Videoroot/Archive/MediaAssets2/learningenglish/2008_03/audio/mp3/se-ed-executive-function-5mar08.mp3,0,0.0,,,,0,byline_not_staff,,
https://learningenglish.voanews.com/a/1979246.html,MP3,,2008-12-01,,1,http://av.voanews.com/Videoroot/Archive/MediaAssets2/learningenglish/2008_12/audio/mp3/se-sin-2512-smoking-02dec08.mp3,0,0.0,,,,0,byline_not_staff,,
https://learningenglish.voanews.com/a/1979494.html,MP3,,2009-06-03,,1,http://av.voanews.com/Videoroot/Archive/MediaAssets2/learningenglish/2009_06/audio/mp3/se-nation-87-james-buchanan-part-4-04-june-09_0.mp3,0,0.0,,,,0,byline_not_staff,,
https://learningenglish.voanews.com/a/1979615.html,MP3,,2009-07-28,,1,http://av.voanews.com/Videoroot/Archive/MediaAssets2/learningenglish/2009_07/audio/mp3/se-hea-aids-news-29jul09_0.mp3,0,0.0,,,,0,byline_not_staff,,
https://learningenglish.voanews.com/a/1979656.html,MP3,,2009-08-06,,1,http://av.voanews.com/Videoroot/Archive/MediaAssets2/learningenglish/2009_08/audio/mp3/se-econ-cash-clunkers-070aug09_0.mp3,0,0.0,,,,0,byline_not_staff,,
https://learningenglish.voanews.com/a/1979789.html,Listen to Show,,2009-12-29,,1,http://av.voanews.com/Videoroot/Archive/MediaAssets2/learningenglish/2009_12/audio/mp3/se-exp-space-yearender-26dec09_0.mp3,0,0.0,,,,0,byline_not_staff,,
https://learningenglish.voanews.com/a/1979800.html,Hear or download this story,,2011-03-15,,0,,0,0.0,,,,0,byline_not_staff,,
https://learningenglish.voanews.com/a/1979855.html,Hear or download this story,,2012-02-17,,0,,0,0.0,,,,0,byline_not_staff,,
https://learningenglish.voanews.com/a/2075813.html,Special English Radio 1630 UTC,VOA Learning English Podcast,2012-06-02,,1,http://av.voanews.com/Videoroot/Archive/media/VOA_LearningEnglish/90/952/SPECIAL_ENGLISH_NEWS1630ab0602.mp3,0,0.0,,,,0,byline_not_staff,,language_learning
https://learningenglish.voanews.com/a/2077000.html,Special English Radio 0030 UTC,VOA Learning English Podcast,2012-06-06,,1,http://av.voanews.com/Videoroot/Archive/media/VOA_LearningEnglish/91/836/SPECIAL_ENGLISH_NEWS0030ab0606.mp3,0,0.0,,,,0,byline_not_staff,,language_learning
https://learningenglish.voanews.com/a/2085868.html,Special English Radio 1530 UTC,VOA Learning English Podcast,2012-06-12,,1,http://av.voanews.com/Videoroot/Archive/media/VOA_LearningEnglish/93/1003/SPECIAL_ENGLISH_NEWS1530ab0612.mp3,0,0.0,,,,0,byline_not_staff,,language_learning
https://learningenglish.voanews.com/a/2121256.html,This is America,,2012-07-01,,1,http://av.voanews.com/Videoroot/Archive/media/VOA_LearningEnglish/100/857/SPECIAL_ENGLISH_FEATURE2245ab0701.mp3,0,0.0,,,,0,byline_not_staff,,
https://learningenglish.voanews.com/a/2137169.html,Special English Radio 1630 UTC,VOA Learning English Podcast,2012-07-11,,1,http://av.voanews.com/Videoroot/Archive/media/VOA_LearningEnglish/103/746/SPECIAL_ENGLISH_NEWS1630ab0711.mp3,0,0.0,,,,0,byline_not_staff,,language_learning
https://learningenglish.voanews.com/a/2137383.html,Special English Radio 1530 UTC,VOA Learning English Podcast,2012-07-12,,1,http://av.voanews.com/Videoroot/Archive/media/VOA_LearningEnglish/104/40/SPECIAL_ENGLISH_NEWS1530ab0712.mp3,0,0.0,,,,0,byline_not_staff,,language_learning
https://learningenglish.voanews.com/a/2140527.html,Special English 1430,VOA Learning English Podcast,2012-07-20,,1,http://av.voanews.com/Videoroot/Archive/media/VOA_LearningEnglish/107/56/SPECIAL_ENGLISH1430ab0720.mp3,0,0.0,,,,0,byline_not_staff,,language_learning
https://learningenglish.voanews.com/a/2141542.html,Special English 1430,VOA Learning English Podcast,2012-07-24,,1,http://av.voanews.com/Videoroot/Archive/media/VOA_LearningEnglish/108/326/SPECIAL_ENGLISH1430ab0724.mp3,0,0.0,,,,0,byline_not_staff,,language_learning
https://learningenglish.voanews.com/a/2141772.html,Special English Radio 2330 UTC,VOA Learning English Podcast,2012-07-25,,1,http://av.voanews.com/Videoroot/Archive/media/VOA_LearningEnglish/108/453/SPECIAL_ENGLISH_NEWS2330ab0724.mp3,0,0.0,,,,0,byline_not_staff,,language_learning
https://learningenglish.voanews.com/a/2166940.html,In the News,,2012-08-11,,1,http://av.voanews.com/Videoroot/Archive/media/VOA_LearningEnglish/114/215/SPECIAL_ENGLISH_FEATURE0040ab0811.mp3,0,0.0,,,,0,byline_not_staff,,
https://learningenglish.voanews.com/a/2171853.html,Special English Radio 1530 UTC,VOA Learning English Podcast,2012-08-20,,1,http://av.voanews.com/Videoroot/Archive/media/VOA_LearningEnglish/118/350/SPECIAL_ENGLISH_NEWS1530ab0820.mp3,0,0.0,,,,0,byline_not_staff,,language_learning
https://learningenglish.voanews.com/a/2171979.html,Special English Radio 2230 UTC,VOA Learning English Podcast,2012-08-20,,1,http://av.voanews.com/Videoroot/Archive/media/VOA_LearningEnglish/118/587/SPECIAL_ENGLISH_NEWS2230ab0820.mp3,0,0.0,,,,0,byline_not_staff,,language_learning
https://learningenglish.voanews.com/a/2173204.html,Education Report,Education Report,2012-08-23,,1,http://av.voanews.com/Videoroot/Archive/media/VOA_LearningEnglish/119/282/SPECIAL_ENGLISH_FEATURE0041ab0823.mp3,0,0.0,,,study_work,0,byline_not_staff,,
https://learningenglish.voanews.com/a/2174456.html,Special English Radio 2230 UTC,VOA Learning English Podcast,2012-08-27,,1,http://av.voanews.com/Videoroot/Archive/media/VOA_LearningEnglish/120/937/SPECIAL_ENGLISH_NEWS2230ab0827.mp3,0,0.0,,,,0,byline_not_staff,,language_learning
https://learningenglish.voanews.com/a/2175023.html,Special English Radio 1630 UTC,VOA Learning English Podcast,2012-08-29,,1,http://av.voanews.com/Videoroot/Archive/media/VOA_LearningEnglish/121/687/SPECIAL_ENGLISH_NEWS1630ab0829.mp3,0,0.0,,,,0,byline_not_staff,,language_learning
https://learningenglish.voanews.com/a/2178749.html,Explorations,Explorations,2012-09-11,,1,http://av.voanews.com/Videoroot/Archive/media/VOA_LearningEnglish/125/566/SPECIAL_ENGLISH_FEATURE2245ab0911.mp3,0,0.0,,,,0,byline_not_staff,,
https://learningenglish.voanews.com/a/2186342.html,Special English Radio 1630 UTC,VOA Learning English Podcast,2012-10-08,,1,http://av.voanews.com/Videoroot/Archive/media/VOA_LearningEnglish/135/573/SPECIAL_ENGLISH_NEWS1630ab1008.mp3,0,0.0,,,,0,byline_not_staff,,language_learning
https://learningenglish.voanews.com/a/2188388.html,Demand for Wheat Growing In Sub-Saharan Africa,,2012-10-15,,1,http://av.voanews.com/Videoroot/Archive/media/VOA_LearningEnglish/138/598/se-ag-africa-wheat-WEB-16oct12.mp3,0,0.0,,,,0,byline_not_staff,,
https://learningenglish.voanews.com/a/2190992.html,Special English Radio 2230 UTC,VOA Learning English Podcast,2012-10-24,,1,http://av.voanews.com/Videoroot/Archive/media/VOA_LearningEnglish/142/965/SPECIAL_ENGLISH_NEWS2230ab1024.mp3,0,0.0,,,,0,byline_not_staff,,language_learning
https://learningenglish.voanews.com/a/2199162.html,Thanksgiving Turkey,,2012-11-21,,1,http://av.voanews.com/Videoroot/Archive/media/VOA_LearningEnglish/153/641/se-ag-thanksgiving-turkey-20nov12.mp3,0,0.0,,,,0,byline_not_staff,,
https://learningenglish.voanews.com/a/2199243.html,Special English Radio 2230 UTC,VOA Learning English Podcast,2012-11-21,,1,http://av.voanews.com/Videoroot/Archive/media/VOA_LearningEnglish/154/119/SPECIAL_ENGLISH_NEWS2230ab1121.mp3,0,0.0,,,,0,byline_not_staff,,language_learning
https://learningenglish.voanews.com/a/2200989.html,Special English Radio 2330 UTC,VOA Learning English Podcast,2012-11-27,,1,http://av.voanews.com/Videoroot/Archive/media/VOA_LearningEnglish/156/187/SPECIAL_ENGLISH_NEWS2330ab1127.mp3,0,0.0,,,,0,byline_not_staff,,language_learning
https://learningenglish.voanews.com/a/2207789.html,E-Commerce Challenges Traditional Stores,,2012-12-20,,1,http://av.voanews.com/Videoroot/Archive/media/VOA_LearningEnglish/164/948/se-econ-e-commerce-grows-21dec12-WEB.mp3,0,0.0,,,shopping,0,byline_not_staff,,festivals_holidays
https://learningenglish.voanews.com/a/2209337.html,Special English Radio 1530 UTC,VOA Learning English Podcast,2012-12-26,,1,http://av.voanews.com/Videoroot/Archive/media/VOA_LearningEnglish/166/610/SPECIAL_ENGLISH_NEWS1530ab1226.mp3,0,0.0,,,,0,byline_not_staff,,language_learning
https://learningenglish.voanews.com/a/2210222.html,Special English 1430,,2012-12-29,,1,http://av.voanews.com/Videoroot/Archive/kaltura-test/VOA/VOA_-_Learning_English/mp3/2012/12/0_nzsptnbe_0_ujbky0op.mp3,0,0.0,,,,0,byline_not_staff,,language_learning
https://learningenglish.voanews.com/a/2211551.html,Special English 1430,,2013-01-03,,1,http://av.voanews.com/Videoroot/Archive/kaltura-nas/87/0_w4hmev6l/0_w4hmev6l-0_9i81mqz2.mp3,0,0.0,,,,0,byline_not_staff,,language_learning
https://learningenglish.voanews.com/a/2213841.html,Explorations,,2013-01-09,,1,http://av.voanews.com/Videoroot/Archive/kaltura-nas/14/0_bdgitxzc/0_bdgitxzc-0_y5qfrhvw.mp3,0,0.0,,,,0,byline_not_staff,,
https://learningenglish.voanews.com/a/2213844.html,Special English Radio 2230 UTC,,2013-01-09,,1,http://av.voanews.com/Videoroot/Archive/kaltura-nas/93/0_ix282nrf/0_ix282nrf-0_x4bsz3p1.mp3,0,0.0,,,,0,byline_not_staff,,language_learning
https://learningenglish.voanews.com/a/2214166.html,Explorations,,2013-01-09,,1,http://av.voanews.com/Videoroot/Archive/kaltura-test/VOA/VOA_-_Learning_English/mp3/2013/01/0_nnfjeos3_0_de9gqkkn.mp3,0,0.0,,,,0,byline_not_staff,,
https://learningenglish.voanews.com/a/2220872.html,In the News,,2013-02-02,,1,http://av.voanews.com/Videoroot/Archive/kaltura-nas/73/0_d8vi8sy0/0_d8vi8sy0-0_x3gdnr9z.mp3,0,0.0,,,,0,byline_not_staff,,
https://learningenglish.voanews.com/a/2230883.html,People in America,,2013-03-09,,1,http://av.voanews.com/Videoroot/Archive/kaltura-nas/43/0_gmky6wn5/0_gmky6wn5-0_39v5xirh.mp3,0,0.0,,,,0,byline_not_staff,,
https://learningenglish.voanews.com/a/2233062.html,This is America,,2013-03-17,,1,http://av.voanews.com/Videoroot/Archive/kaltura-nas/25/0_qacrrbn9/0_qacrrbn9-0_u22znjm1.mp3,0,0.0,,,,0,byline_not_staff,,
https://learningenglish.voanews.com/a/2233095.html,Special English Radio 0030 UTC,,2013-03-18,,1,http://av.voanews.com/Videoroot/Archive/kaltura-nas/49/0_k2akdwnf/0_k2akdwnf-0_cee6r25u.mp3,0,0.0,,,,0,byline_not_staff,,language_learning
https://learningenglish.voanews.com/a/2238569.html,As It Is,,2013-04-04,,1,http://av.voanews.com/Videoroot/Archive/kaltura-nas/21/0_60j9jp24/0_60j9jp24-0_8pz7m0ct.mp3,0,0.0,,,,0,byline_not_staff,,
https://learningenglish.voanews.com/a/2246657.html,Learning English Radio 1530 UTC,,2013-05-02,,1,http://av.voanews.com/Videoroot/Archive/kaltura-nas/60/0_yckaq0ao/0_yckaq0ao-0_hofjgm2k.mp3,0,0.0,,,,0,byline_not_staff,,language_learning
https://learningenglish.voanews.com/a/2251492.html,Learning English Radio 1630 UTC,,2013-05-20,,1,http://av.voanews.com/Videoroot/Archive/kaltura-nas/90/1_hzwsvefj/1_hzwsvefj-1_w3n65vqh.mp3,0,0.0,,,,0,byline_not_staff,,language_learning
https://learningenglish.voanews.com/a/2253426.html,Learning English Radio 1630 UTC,,2013-05-26,,1,http://av.voanews.com/Videoroot/Archive/kaltura-nas/58/1_hsy4q24c/1_hsy4q24c-1_6j2vldut.mp3,0,0.0,,,,0,byline_not_staff,,language_learning
https://learningenglish.voanews.com/a/2256055.html,Mobile Phones Changing Lives in Kenya,As It Is,2013-06-10,,1,https://voa-audio.voanews.eu/lere/2013/06/10/320f567f-502b-4cef-a648-d76e5f33100e.mp3,0,0.0,,,,0,byline_not_staff,,technology_devices
https://learningenglish.voanews.com/a/2257991.html,Learning English Radio 0130 UTC,VOA Learning English Podcast,2013-06-06,,1,http://av.voanews.com/Videoroot/Archive/kaltura-nas/80/1_3zz9c53c/1_3zz9c53c-1_mdp126zq.mp3,0,0.0,,,,0,byline_not_staff,,language_learning
https://learningenglish.voanews.com/a/2260441.html,Learning English Radio 1530 UTC,VOA Learning English Podcast,2013-06-13,,1,http://av.voanews.com/Videoroot/Archive/kaltura-nas/62/1_p9pw74k3/1_p9pw74k3-1_omeay8ut.mp3,0,0.0,,,,0,byline_not_staff,,language_learning
https://learningenglish.voanews.com/a/2265385.html,Learning English Radio 2330 UTC,VOA Learning English Podcast,2013-06-27,,1,http://av.voanews.com/Videoroot/Archive/kaltura-nas/65/1_aiflq4u9/1_aiflq4u9-1_a0eots0r.mp3,0,0.0,,,,0,byline_not_staff,,language_learning
https://learningenglish.voanews.com/a/2268001.html,Egyptians Protest Military Ouster of President,,2013-07-06,,1,https://voa-audio.voanews.eu/lere/2013/07/05/700f203a-b3d1-4659-bd34-7886aee4d115.mp3,0,0.0,,,,0,byline_not_staff,,
https://learningenglish.voanews.com/a/2271780.html,U.S. Murder Trial Leads to National Protests,As It Is,2013-07-16,,1,https://voa-audio.voanews.eu/lere/2013/07/16/ac6f17e0-2adf-41c6-8545-bc3341d1b026.mp3,0,0.0,,,,0,byline_not_staff,,
https://learningenglish.voanews.com/a/2271781.html,Explorations,Explorations,2013-07-16,,1,http://av.voanews.com/Videoroot/Archive/kaltura-nas/39/1_z601d3tk/1_z601d3tk-1_u5dv0pdx.mp3,0,0.0,,,,0,byline_not_staff,,
https://learningenglish.voanews.com/a/2280487.html,Learning English Radio 1530 UTC,VOA Learning English Podcast,2013-08-13,,1,http://av.voanews.com/Videoroot/Archive/kaltura-test/VOA/VOA_-_Learning_English/mp3/2013/08/SPECIAL_ENGLISH_NEWS_2013-08-13-15-30-00_1_pz6quf8l_1_o6dkg5d6.mp3,0,0.0,,,,0,byline_not_staff,,language_learning
https://learningenglish.voanews.com/a/2282487.html,Learning English Radio 2330 UTC,VOA Learning English Podcast,2013-08-19,,1,http://av.voanews.com/Videoroot/Archive/kaltura-nas/31/1_0pe3e2ww/1_0pe3e2ww-1_qemqzuhy.mp3,0,0.0,,,,0,byline_not_staff,,language_learning
https://learningenglish.voanews.com/a/2288829.html,Learning English Radio 0130 UTC,VOA Learning English Podcast,2013-09-10,,1,http://av.voanews.com/Videoroot/Archive/kaltura-nas/74/1_nnj5lnz7/1_nnj5lnz7-1_hbcwik2h.mp3,0,0.0,,,,0,byline_not_staff,,language_learning
https://learningenglish.voanews.com/a/2302469.html,Technology Helps Save Elephants and Rhinos,As It Is,2013-10-21,,1,https://voa-audio.voanews.eu/lere/2013/10/21/f83c0562-ee68-4722-9e30-74dc148cd23a.mp3,0,0.0,,,,0,byline_not_staff,,technology_devices
https://learningenglish.voanews.com/a/2302751.html,Chimpanzees May Recognize Emotions in Others,As It Is,2013-10-22,,1,https://voa-audio.voanews.eu/lere/2013/10/22/074afc7f-aa3b-4e5a-8500-f75a82be95ad.mp3,0,0.0,,,,0,byline_not_staff,,
https://learningenglish.voanews.com/a/2306011.html,Learning English Radio 1530 UTC,VOA Learning English Podcast,2013-11-01,,1,http://av.voanews.com/Videoroot/Archive/kaltura-test/VOA/VOA_-_Learning_English/mp3/2013/11/SPECIAL_ENGLISH_NEWS_2013-11-01-15-30-00_1_2t1g60a2_1_4gu7vty3.mp3,0,0.0,,,,0,byline_not_staff,,language_learning
https://learningenglish.voanews.com/a/2307057.html,Learning English Radio 1630 UTC,VOA Learning English Podcast,2013-11-04,,1,http://av.voanews.com/Videoroot/Archive/kaltura-test/VOA/VOA_-_Learning_English/mp3/2013/11/SPECIAL_ENGLISH_NEWS_2013-11-04-16-30-00_1_nijccx3v_1_irf7sieo.mp3,0,0.0,,,,0,byline_not_staff,,language_learning
https://learningenglish.voanews.com/a/2314016.html,Health Report,Health Report,2013-11-27,,1,http://av.voanews.com/Videoroot/Archive/kaltura-test/VOA/VOA_-_Learning_English/mp3/2013/11/SPECIAL_ENGLISH_FEATURE_2013-11-27-00-41-00_0_kpr0vlyf_0_f3sqxdts.mp3,0,0.0,,,,0,byline_not_staff,,health_body
https://learningenglish.voanews.com/a/2316134.html,New Sport Doping Rule Doesn’t Ban Herbal Drugs ,As It Is,2013-12-02,,1,https://voa-audio.voanews.eu/lere/2013/12/02/3c2a7ec6-a4ac-4caf-9c62-b6fe027d1895.mp3,0,0.0,,,hobbies_leisure,0,byline_not_staff,,
https://learningenglish.voanews.com/a/2318024.html,People in America,,2013-12-07,,1,http://av.voanews.com/Videoroot/Archive/kaltura-test/VOA/VOA_-_Learning_English/mp3/2013/12/SPECIAL_ENGLISH_FEATURE_2013-12-07-22-45-00_1_xd21r3yt_1_qviyupxw.mp3,0,0.0,,,,0,byline_not_staff,,
https://learningenglish.voanews.com/a/2319285.html,The Making of a Nation,U.S. History,2013-12-11,,1,http://av.voanews.com/Videoroot/Archive/kaltura-test/VOA/VOA_-_Learning_English/mp3/2013/12/SPECIAL_ENGLISH_FEATURE_2013-12-11-22-45-00_1_3u10cne7_1_ku32yb8o.mp3,0,0.0,,,,0,byline_not_staff,,
https://learningenglish.voanews.com/a/2319671.html,Learning English Radio 2330 UTC,VOA Learning English Podcast,2013-12-12,,1,http://av.voanews.com/Videoroot/Archive/kaltura-test/VOA/VOA_-_Learning_English/mp3/2013/12/SPECIAL_ENGLISH_NEWS_2013-12-12-23-30-00_1_xk1vb2sz_1_kou5n1e8.mp3,0,0.0,,,,0,byline_not_staff,,language_learning
https://learningenglish.voanews.com/a/2323508.html,Learning English Radio 2330 UTC,VOA Learning English Podcast,2013-12-24,,1,http://av.voanews.com/Videoroot/Archive/kaltura-test/VOA/VOA_-_Learning_English/mp3/2013/12/SPECIAL_ENGLISH_NEWS_2013-12-24-23-30-00_1_zsqq633x_1_qktqfbvj.mp3,0,0.0,,,,0,byline_not_staff,,language_learning
https://learningenglish.voanews.com/a/2326536.html,Learning English Radio 1630 UTC,VOA Learning English Podcast,2014-01-03,,1,http://av.voanews.com/Videoroot/Archive/kaltura-test/VOA/VOA_-_Learning_English/mp3/2014/01/SPECIAL_ENGLISH_NEWS_2014-01-03-16-30-00_1_cwzrzflj_1_es088ega.mp3,0,0.0,,,,0,byline_not_staff,,language_learning
https://learningenglish.voanews.com/a/2334619.html,Learning English Radio 0030 UTC,VOA Learning English Podcast,2014-01-29,,1,http://av.voanews.com/Videoroot/Archive/kaltura-test/VOA/VOA_-_Learning_English/mp3/2014/01/SPECIAL_ENGLISH_NEWS_2014-01-29-00-30-00_1_n8kzl9b5_1_j8dh6fgp.mp3,0,0.0,,,,0,byline_not_staff,,language_learning
https://learningenglish.voanews.com/a/2335549.html,Support Grows in Burma for Constitutional Changes ,As It Is,2014-01-30,,1,https://voa-audio.voanews.eu/lere/2014/01/30/4e2030c8-e090-4901-a066-4a9bbbc5089d.mp3,0,0.0,,,,0,byline_not_staff,,
https://learningenglish.voanews.com/a/2336294.html,American Stories,American Stories,2014-02-01,,1,https://voa-audio.voanews.eu/lere/0001/01/01/34fd0891-8432-434f-90f9-d86fe9b05adf.mp3,0,0.0,,,,0,byline_not_staff,,
https://learningenglish.voanews.com/a/2340817.html,American Stories,American Stories,2014-02-15,,1,https://voa-audio.voanews.eu/lere/2014/02/15/ffcb7238-6303-4613-90c8-7877d9fe3c2d.mp3,0,0.0,,,,0,byline_not_staff,,
https://learningenglish.voanews.com/a/2348924.html,Health Report,Health Report,2014-03-12,,1,https://voa-audio.voanews.eu/lere/2014/03/12/1df87579-742c-42ca-b541-b781f4b890a5.mp3,0,0.0,,,,0,byline_not_staff,,health_body
https://learningenglish.voanews.com/a/2349333.html,Learning English Broadcast,VOA Learning English Podcast,2014-03-13,,1,https://voa-audio.voanews.eu/lere/2014/03/13/ba36184d-9b46-41ce-9e04-e76a10497db7.mp3,0,0.0,,,,0,byline_not_staff,,language_learning
https://learningenglish.voanews.com/a/2359285.html,Agriculture Report,Environment & Science,2014-04-08,,1,https://voa-audio.voanews.eu/lere/2014/04/08/8c510eaa-fbc9-45da-863b-0af0f387de42.mp3,0,0.0,,,,0,byline_not_staff,,
https://learningenglish.voanews.com/a/2362673.html,As It Is,As It Is,2014-04-16,,1,https://voa-audio.voanews.eu/lere/2014/04/16/ae9c7e98-8e36-47b1-8288-f922599e7471.mp3,0,0.0,,,,0,byline_not_staff,,
https://learningenglish.voanews.com/a/2364842.html,As It Is,As It Is,2014-04-22,,1,https://voa-audio.voanews.eu/lere/2014/04/22/fa2476c1-a8c3-49c7-908c-09b56911e295.mp3,0,0.0,,,,0,byline_not_staff,,
https://learningenglish.voanews.com/a/2364844.html,Science in the News,Science & Technology,2014-04-22,,1,https://voa-audio.voanews.eu/lere/2014/04/22/10efb241-ac95-4066-987c-6aed86867157.mp3,0,0.0,,,,0,byline_not_staff,,
https://learningenglish.voanews.com/a/2366640.html,Americans Debate Illegal Immigration,As It Is,2014-04-27,,1,https://voa-audio.voanews.eu/lere/2014/04/27/5afd068d-984d-4669-a0d7-798d06b377c8.mp3,0,0.0,,,,0,byline_not_staff,,
https://learningenglish.voanews.com/a/2373142.html,Murals Add to Color of Los Angeles                                                         ,,2014-05-14,,1,https://voa-audio.voanews.eu/lere/2014/05/14/f35ca1c2-702d-4df9-9c28-d42d4907651a.mp3,0,0.0,,,,0,byline_not_staff,,
https://learningenglish.voanews.com/a/2374091.html,What is the Best Way to Learn a Language?,As It Is,2014-05-16,,1,https://voa-audio.voanews.eu/lere/2014/05/16/57abde1f-0ed8-49b7-b3ef-9391f057c126.mp3,0,0.0,,,,0,byline_not_staff,,language_learning
https://learningenglish.voanews.com/a/2383265.html,This Is America,,2014-06-09,,1,https://voa-audio.voanews.eu/lere/2014/06/09/8deca303-9218-4552-9bc3-894eb17cd5a9.mp3,0,0.0,,,,0,byline_not_staff,,
https://learningenglish.voanews.com/a/2386963.html,California Firefighters Ready for Severe Fire Season,,2014-06-18,,1,https://voa-audio.voanews.eu/lere/2014/06/18/dd029ba1-4530-4521-a9f7-07987277ba11.mp3,0,0.0,,,,0,byline_not_staff,,weather_seasons
https://learningenglish.voanews.com/a/2393373.html,Words and Their Stories,Words and Their Stories,2014-07-06,,1,https://voa-audio.voanews.eu/lere/2014/07/06/77510201-1286-4b37-8738-d1b89e4e8338.mp3,0,0.0,,,,0,byline_not_staff,,
https://learningenglish.voanews.com/a/2418543.html,Early (adjective),Word of the Day,2014-09-19,VOA Learning English,0,,0,0.0,,,,1,,,
https://learningenglish.voanews.com/a/2429038.html,Hundreds Attend Free Language School in Hanoi,As It Is,2014-08-26,,1,https://voa-audio.voanews.eu/lere/2014/08/26/64d1e95d-96a7-4af9-84ba-6a2ef8641db7.mp3,0,0.0,,,study_work,0,byline_not_staff,,language_learning
https://learningenglish.voanews.com/a/2440347.html,"Will US, Allies Destroy Islamic State Group?",,2014-09-05,,1,https://voa-audio.voanews.eu/lere/2014/09/05/95c7dc45-a339-4f3b-8469-5e6586cf70e7.mp3,0,0.0,,,,0,byline_not_staff,,
https://learningenglish.voanews.com/a/2441735.html,As It Is 09-09-14,As It Is,2014-09-07,,1,https://voa-audio.voanews.eu/lere/2014/09/07/1c36ee59-fd2d-4b91-a642-d8c240f6c071.mp3,0,0.0,,,,0,byline_not_staff,,
https://learningenglish.voanews.com/a/2469393.html,US Launches Education Program for Girls Worldwide,Education Report,2014-10-01,,1,https://voa-audio.voanews.eu/vle/2014/10/01/47d1159d-16e5-430f-b86e-56ff631d7518.mp3,0,0.0,,,study_work,0,byline_not_staff,,
https://learningenglish.voanews.com/a/2488463.html,As It Is,As It Is,2014-10-18,,1,https://voa-audio.voanews.eu/vle/2014/10/18/af30e862-62ff-43eb-9fa8-3c7ac0c097c9.mp3,0,0.0,,,,0,byline_not_staff,,
https://learningenglish.voanews.com/a/2491390.html,"As It Is - October 22, 2014",As It Is,2014-10-21,,1,https://voa-audio.voanews.eu/vle/2014/10/21/9d699573-d39c-4609-b75a-37b0c9697adc.mp3,0,0.0,,,,0,byline_not_staff,,
https://learningenglish.voanews.com/a/2512384.html,"As It Is - November 10, 2014",As It Is,2014-11-07,,1,https://voa-audio.voanews.eu/vle/2014/11/07/c051417e-cef9-4025-ace5-cf43b694d055.mp3,0,0.0,,,,0,byline_not_staff,,
https://learningenglish.voanews.com/a/2531500.html,As It Is,As It Is,2014-11-23,,1,https://voa-audio.voanews.eu/vle/2014/11/23/81d28d82-c42f-4a59-b15d-c1248a5bd04e.mp3,0,0.0,,,,0,byline_not_staff,,
https://learningenglish.voanews.com/a/2533168.html,Learning English Broadcast,VOA Learning English Podcast,2014-11-25,,1,https://voa-audio.voanews.eu/vle/2014/11/25/fc9c1f12-e778-410b-b942-91b4b2bc91a0.mp3,0,0.0,,,,0,byline_not_staff,,language_learning
https://learningenglish.voanews.com/a/2537459.html,The Making of a Nation,U.S. History,2014-11-27,,1,https://voa-audio.voanews.eu/vle/2014/11/27/7be64d4c-a93a-448a-96f4-e514eacb8bdc.mp3,0,0.0,,,,0,byline_not_staff,,
https://learningenglish.voanews.com/a/2539611.html,American Stories,American Stories,2014-11-29,,1,https://voa-audio.voanews.eu/vle/2014/11/29/0c7aee83-4ecc-4aee-8de8-56dc2ca6c56a.mp3,0,0.0,,,,0,byline_not_staff,,
https://learningenglish.voanews.com/a/2552712.html,Learning English Broadcast,VOA Learning English Podcast,2014-12-10,,1,https://voa-audio.voanews.eu/vle/2014/12/10/cc5350dc-fe45-4554-b532-a3c85c9b4fe2.mp3,0,0.0,,,,0,byline_not_staff,,language_learning
https://learningenglish.voanews.com/a/2570726.html,Islamic State Changed Syria and Iraq in 2014,As It Is,2014-12-23,,1,https://voa-audio.voanews.eu/vle/2014/12/23/28bc94ec-3305-40bc-baf7-206ef47d0997.mp3,0,0.0,,,,0,byline_not_staff,,
https://learningenglish.voanews.com/a/2580520.html,Marathon (noun),Word of the Day,2015-01-29,VOA Learning English,0,,0,0.0,,,,1,,,
https://learningenglish.voanews.com/a/2583442.html,Greeks Prepare for Early Elections,As It Is,2015-01-02,,1,https://voa-audio.voanews.eu/vle/2015/01/02/20f93801-f9e4-4a69-8e48-a315057fdc94.mp3,0,0.0,,,,0,byline_not_staff,,
https://learningenglish.voanews.com/a/2606928.html,Health Report,Health Report,2015-01-21,,1,https://voa-audio.voanews.eu/vle/2015/01/21/ba8e804a-5255-404d-9388-b55390e528d5.mp3,0,0.0,,,,0,byline_not_staff,,health_body
https://learningenglish.voanews.com/a/2627425.html,As It Is 02-05-15,As It Is,2015-02-03,,1,https://voa-audio.voanews.eu/vle/2015/02/03/140cdb0a-a2c0-4205-ae1e-93f2f322613c.mp3,0,0.0,,,,0,byline_not_staff,,
https://learningenglish.voanews.com/a/2630276.html,Religious Leaders Question the Morality of Drone Strikes,As It Is,2015-02-05,,1,https://voa-audio.voanews.eu/vle/2015/02/05/8f25c18f-5c6e-48ab-a422-6751db86086d.mp3,0,0.0,,,,0,byline_not_staff,,
https://learningenglish.voanews.com/a/2675786.html,"Vatican: 100,000 Euro Demanded for Stolen Documents",As It Is,2015-03-11,,1,https://voa-audio.voanews.eu/vle/2015/03/11/61063ed2-9654-4ee5-910e-b225767726fb.mp3,0,0.0,,,,0,byline_not_staff,,
https://learningenglish.voanews.com/a/2681385.html,Learning English Broadcast,VOA Learning English Podcast,2015-03-16,,1,https://voa-audio.voanews.eu/vle/2015/03/16/dca3a553-364a-46fb-b64a-59c7e682db4d.mp3,0,0.0,,,,0,byline_not_staff,,language_learning
https://learningenglish.voanews.com/a/2705663.html,Religious Freedom Law Quiz,,2015-04-03,VOA Learning English,0,,0,0.0,,,,1,,,
https://learningenglish.voanews.com/a/2742097.html,Quiz - Change in Work Schedule Could Cure 'Social Jet Lag',,2015-04-29,VOA Learning English,0,,0,0.0,,,daily_routine;study_work,1,,,
https://learningenglish.voanews.com/a/2743171.html,Learning to Read in Safaliba Helps Ghanaian Kids Learn English,Education Report,2015-04-30,,1,https://voa-audio.voanews.eu/vle/2015/04/30/b2c714f7-79ab-4314-873c-ea150248bf57.mp3,0,0.0,,,family_friends,0,byline_not_staff,,language_learning
https://learningenglish.voanews.com/a/2744111.html,3-D Printed Device Helps Children with Rare Breathing Disorder,Science & Technology,2015-04-30,,1,https://voa-audio.voanews.eu/vle/2015/04/30/7688e138-746a-45cd-95d7-18c75d3a8c65.mp3,0,0.0,,,family_friends,0,byline_not_staff,,technology_devices
https://learningenglish.voanews.com/a/2805955.html,Report Suggests Sudan May Be Arming Rebels in South Sudan,As It Is,2015-06-03,,1,https://voa-audio.voanews.eu/vle/2015/06/03/10894286-4227-4d53-89c1-b1472c80b4f5.mp3,0,0.0,,,,0,byline_not_staff,,
https://learningenglish.voanews.com/a/2845393.html,"Demons, Male Dancers and Dinosaurs at Theaters Everywhere",As It Is,2015-07-01,,1,https://voa-audio.voanews.eu/vle/2015/07/01/ff8f5b37-469c-400d-a796-89669681d082.mp3,0,0.0,,,hobbies_leisure,0,byline_not_staff,,
https://learningenglish.voanews.com/a/2935737.html,"In the News August 27, 2015",,2015-08-27,,1,https://voa-audio.voanews.eu/vle/2015/08/27/27d7071f-f4eb-4dda-b973-e6d3a0ba62b9.mp3,0,0.0,,,,0,byline_not_staff,,
https://learningenglish.voanews.com/a/2980057.html,Learning English Broadcast,VOA Learning English Podcast,2015-10-10,,1,https://voa-audio.voanews.eu/vle/2015/10/10/20151010-003000-vle122-program.mp3,0,0.0,,,,0,byline_not_staff,,language_learning
https://learningenglish.voanews.com/a/3008917.html,Are You Good at Logistics?,Words and Their Stories,2015-10-15,,1,https://voa-audio.voanews.eu/vle/2015/10/15/b2306e0a-567e-4a5b-a053-d5d19b524684.mp3,0,0.0,,,,0,byline_not_staff,,
https://learningenglish.voanews.com/a/3017176.html,NATO Launches Largest Military Exercise in a Decade,,2015-10-21,,1,https://voa-audio.voanews.eu/vle/2015/10/21/9bbcaba9-bb04-47ea-9f4a-0917f3dc061b.mp3,0,0.0,,,hobbies_leisure,0,byline_not_staff,,
https://learningenglish.voanews.com/a/3025410.html,"Myanmar Corruption Plagues Highway System, Jade Trade",,2015-10-27,,1,https://voa-audio.voanews.eu/vle/2015/10/27/80bab8e2-ac11-459e-8d86-86a4d6dc7caa.mp3,0,0.0,,,,0,byline_not_staff,,
https://learningenglish.voanews.com/a/3033648.html,Learning English Broadcast,VOA Learning English Podcast,2015-11-17,,1,https://voa-audio.voanews.eu/vle/2015/11/17/20151117-003000-vle122-program.mp3,0,0.0,,,,0,byline_not_staff,,language_learning
https://learningenglish.voanews.com/a/3094018.html,"One School, Five Languages",As It Is,2015-12-08,,1,https://voa-audio.voanews.eu/vle/2015/12/08/2ae9d72c-7c70-4885-a65b-96b38be47437.mp3,0,0.0,,,study_work,0,byline_not_staff,,language_learning
https://learningenglish.voanews.com/a/3106096.html,Learning English Broadcast,VOA Learning English Podcast,2015-12-31,,1,https://voa-audio.voanews.eu/vle/2015/12/31/20151231-003000-vle122-program.mp3,0,0.0,,,,0,byline_not_staff,,language_learning
https://learningenglish.voanews.com/a/3126123.html,The Last Leaf by O. Henry,,2015-12-31,,1,https://voa-audio.voanews.eu/vle/2015/12/31/c20f8ff6-922f-42b9-8faf-45faa95933d8.mp3,0,0.0,,,,0,byline_not_staff,,
https://learningenglish.voanews.com/a/3163894.html,Buttons Are Art at New York City Gallery,Arts & Culture,2016-01-26,,1,https://voa-audio.voanews.eu/vle/2016/01/26/c88b22b0-5ff6-40bb-923d-930d9d9c2732.mp3,0,0.0,,,hobbies_leisure,0,byline_not_staff,,
https://learningenglish.voanews.com/a/3193764.html,Quiz - Doing Everything for Your Kids Is NOT Helping Them,,2016-02-16,VOA Learning English,0,,0,0.0,,,family_friends,1,,,
https://learningenglish.voanews.com/a/3203892.html,An Exercise in Breathing,Words and Their Stories,2016-02-23,,1,https://voa-audio.voanews.eu/vle/2016/02/23/33c9179d-60d9-4fc1-828e-b85eafa1e648.mp3,0,0.0,,,hobbies_leisure,0,byline_not_staff,,
https://learningenglish.voanews.com/a/3206478.html,Tornadoes and Severe Weather,,2016-02-24,,1,https://voa-audio.voanews.eu/vle/2016/02/24/d67d888b-0f69-418a-b4ff-461cadb3a86c.mp3,0,0.0,,,,0,byline_not_staff,,weather_seasons
https://learningenglish.voanews.com/a/3208276.html,Blood Cancer Therapy Is Last Chance for Some,As It Is,2016-02-25,,1,https://voa-audio.voanews.eu/vle/2016/02/25/629e7bc8-b3e7-4b40-89d8-93ead6a0bebc.mp3,0,0.0,,,,0,byline_not_staff,,
https://learningenglish.voanews.com/a/3213516.html,From Child of Freed Slaves to Millionaire,,2016-02-29,,1,https://voa-audio.voanews.eu/vle/2016/02/29/bb30f66f-ee4d-443d-9662-154362b331a2.mp3,0,0.0,,,,0,byline_not_staff,,
https://learningenglish.voanews.com/a/3214944.html,Google Self-Driving Car Causes Crash,As It Is,2016-03-01,,1,https://voa-audio.voanews.eu/vle/2016/03/01/e6787679-97a4-4347-9edb-5072bc53fac3.mp3,0,0.0,,,travel_transport,0,byline_not_staff,,
https://learningenglish.voanews.com/a/3229472.html,What's Trending Today: Bernie Sanders' Suit,As It Is,2016-03-10,,1,https://voa-audio.voanews.eu/vle/2016/03/10/b34bd1c8-9678-4869-b7f2-f603bf46f5d0.mp3,0,0.0,,,,0,byline_not_staff,,
https://learningenglish.voanews.com/a/3261216.html,evening (noun),Word of the Day,2016-03-30,VOA Learning English,0,,0,0.0,,,daily_routine,1,,,
https://learningenglish.voanews.com/a/3261343.html,North Korea Fires Another Short-Range Missile,As It Is,2016-03-30,,1,https://voa-audio.voanews.eu/vle/2016/03/30/979f675e-15c3-42d9-a723-e7cb00e806c6.mp3,0,0.0,,,,0,byline_not_staff,,
https://learningenglish.voanews.com/a/3261802.html,Hawaii Volcanoes National Park: A Fiery World,America's National Parks,2016-04-02,VOA Learning English,1,https://voa-audio.voanews.eu/vle/2016/03/31/1c29b3a0-772e-4447-8a3f-5cf309a4a246.mp3,943,10.72,7.15,5,,0,third_party_media,Ashley Thompson wrote this report. It was based on materials from the VOA Learning English archive and the National Parks Service. Hai Do and Caty Weaver were the editors.,nature_environment
https://learningenglish.voanews.com/a/3264688.html,encourage (verb),Word of the Day,2016-04-01,VOA Learning English,0,,0,0.0,,,,1,,,
https://learningenglish.voanews.com/a/3292525.html,Castaways Get HELP,As It Is,2016-04-19,,1,https://voa-audio.voanews.eu/vle/2016/04/19/f923c29f-c283-4fc1-bf22-f4eb10a473ec.mp3,0,0.0,,,,0,byline_not_staff,,
https://learningenglish.voanews.com/a/3292594.html,Ecuador's President Says Earthquake Recovery Will Cost Billions of Dollars,As It Is,2016-04-19,,1,https://voa-audio.voanews.eu/vle/2016/04/19/dd933589-ad9d-4d6c-9946-9b25da0c57f7.mp3,0,0.0,,,shopping,0,byline_not_staff,,
https://learningenglish.voanews.com/a/3303987.html,Learning English Broadcast,VOA Learning English Podcast,2016-05-11,,1,https://voa-audio.voanews.eu/vle/2016/05/11/20160511-003000-vle122-program.mp3,0,0.0,,,,0,byline_not_staff,,language_learning
https://learningenglish.voanews.com/a/3305253.html,"Clinton, Trump Win Big, Look Toward November",As It Is,2016-04-27,,1,https://voa-audio.voanews.eu/vle/2016/04/27/4251ec15-5bb9-4731-978f-8763c6b256c8.mp3,0,0.0,,,,0,byline_not_staff,,
https://learningenglish.voanews.com/a/3321282.html,Fewer US Students Are Ready for College,,2016-05-09,,1,https://voa-audio.voanews.eu/vle/2016/05/09/4af2eeb3-4a4d-4063-8f78-3fccd706e93e.mp3,0,0.0,,,study_work,0,byline_not_staff,,
https://learningenglish.voanews.com/a/3365675.html,New “Budget of Change” in Nigeria,As It Is,2016-06-07,,1,https://voa-audio.voanews.eu/vle/2016/06/07/c909b394-93f5-47cc-9434-ef19a805daf3.mp3,0,0.0,,,,0,byline_not_staff,,money_banking
https://learningenglish.voanews.com/a/3371076.html,New Book Examines the Power of Young introverts,Arts & Culture,2016-06-10,,1,https://voa-audio.voanews.eu/vle/2016/06/10/402117aa-c340-43a7-92a4-276b8a91e0cc.mp3,0,0.0,,,hobbies_leisure;study_work,0,byline_not_staff,,
https://learningenglish.voanews.com/a/3420510.html,Learning English Broadcast,VOA Learning English Podcast,2016-07-30,,1,https://voa-audio.voanews.eu/vle/2016/07/30/20160730-003000-vle122-program.mp3,0,0.0,,,,0,byline_not_staff,,language_learning
https://learningenglish.voanews.com/a/3459399.html,"As World Follows Rio Olympics, Brazil’s Economy Struggles",As It Is,2016-08-10,,1,https://voa-audio.voanews.eu/vle/2016/08/10/9cc566b9-8ce5-4699-9a3c-87e80534fe92.mp3,0,0.0,,,,0,byline_not_staff,,
https://learningenglish.voanews.com/a/3459430.html,Learning English Broadcast,VOA Learning English Podcast,2016-08-25,,1,https://voa-audio.voanews.eu/vle/2016/08/25/20160825-003000-vle122-program.mp3,0,0.0,,,,0,byline_not_staff,,language_learning
https://learningenglish.voanews.com/a/3477856.html,Chinese Companies Fight for Data Storage Business,As It Is,2016-08-23,,1,https://voa-audio.voanews.eu/vle/2016/08/23/a1ab8e7c-860d-47cc-858f-30199ff23f17.mp3,0,0.0,,,,0,byline_not_staff,,
https://learningenglish.voanews.com/a/3480996.html,"Are You a ""Big Wheel"" or a ""Fifth Wheel""?",Words and Their Stories,2016-08-25,,1,https://voa-audio.voanews.eu/vle/2016/08/25/92e13609-7008-4d71-9e85-b44ace897afa.mp3,0,0.0,,,,0,byline_not_staff,,
https://learningenglish.voanews.com/a/3482450.html,Yellowstone: America's First National Park,,2016-08-26,,1,https://voa-audio.voanews.eu/vle/2016/08/26/66d6dda8-83aa-4333-8d0e-cdd99e1e458f.mp3,0,0.0,,,,0,byline_not_staff,,nature_environment
https://learningenglish.voanews.com/a/3510768.html,"US Intelligence Officials Call for Discussions on Privacy, Security",As It Is,2016-09-15,,1,https://voa-audio.voanews.eu/vle/2016/09/15/88236517-3560-45e4-9b45-5dbfc5452244.mp3,0,0.0,,,,0,byline_not_staff,,
https://learningenglish.voanews.com/a/3529238.html,The Excitement of Three-Part Phrasal Verbs,Everyday Grammar,2016-09-28,,1,https://voa-audio.voanews.eu/vle/2016/09/28/32029470-2546-47b5-b6dc-c9c5d5543a33.mp3,0,0.0,,,,0,byline_not_staff,,
https://learningenglish.voanews.com/a/3544733.html,Learning English Broadcast,VOA Learning English Podcast,2016-10-25,,1,https://voa-audio.voanews.eu/vle/2016/10/25/20161025-003000-vle122-program.mp3,0,0.0,,,,0,byline_not_staff,,language_learning
https://learningenglish.voanews.com/a/3554841.html,Vietnamese-Americans Face a Hard Choice in Presidential Election,As It Is,2016-10-17,,1,https://voa-audio.voanews.eu/vle/2016/10/17/b7a266a3-d25f-43a2-b9a9-cb280b6d31e0.mp3,0,0.0,,,,0,byline_not_staff,,
https://learningenglish.voanews.com/a/3576187.html,How the Technology Industry Is Helping Refugees,,2016-11-02,,1,https://voa-audio.voanews.eu/vle/2016/11/02/7f62290f-9908-4f07-b6fe-739dcfc76e4c.mp3,0,0.0,,,,0,byline_not_staff,,technology_devices
https://learningenglish.voanews.com/a/3589580.html,"France Breaks Up Migrant Camps in Paris, Calais",As It Is,2016-11-09,,1,https://voa-audio.voanews.eu/vle/2016/11/09/0a310353-92d8-40c2-b97f-142d75de9bac.mp3,0,0.0,,,,0,byline_not_staff,,
https://learningenglish.voanews.com/a/3595480.html,President-elect Trump to Meet with China's Xi,As It Is,2016-11-14,VOA Learning English,1,https://voa-audio.voanews.eu/vle/2016/11/14/132d02a1-0c05-4540-a91c-c56a2beedd6c.mp3,662,14.09,9.53,6,,1,,VOA’s Fern Robinson and Victor Beattie reported this story from Washington. Ralph Jennings reported from Taipei. Christopher Jones-Cruise adapted their stories for VOA Learning English. George Grow wa,
https://learningenglish.voanews.com/a/3673764.html,Words and Their Stories - The Cost of Doing Business,Words and Their Stories,2017-01-12,,1,https://voa-audio.voanews.eu/vle/2017/01/12/2cc5780c-1cd6-4f3e-92bd-ca7faae635f0.mp3,0,0.0,,,shopping,0,byline_not_staff,,
https://learningenglish.voanews.com/a/3675749.html,Learning English Broadcast,VOA Learning English Podcast,2017-01-28,,1,https://voa-audio.voanews.eu/vle/2017/01/28/20170128-003000-vle122-program.mp3,0,0.0,,,,0,byline_not_staff,,language_learning
https://learningenglish.voanews.com/a/3681653.html,Quiz - Lesson 43: Time for Plan B,,2017-01-18,VOA Learning English,0,,0,0.0,,,,1,,,
https://learningenglish.voanews.com/a/3688424.html,Israel Builds World's Largest Solar Tower,Science & Technology,2017-01-23,,1,https://voa-audio.voanews.eu/vle/2017/01/23/c7ada3c1-f472-4302-a4e8-6f8448c3fe93.mp3,0,0.0,,,,0,byline_not_staff,,
https://learningenglish.voanews.com/a/3747026.html,Quiz - California Study Finds Moon is 4.51 Billion Years Old,,2017-03-02,VOA Learning English,0,,0,0.0,,,study_work,1,,,
https://learningenglish.voanews.com/a/3748805.html,Quiz - Thomas Jefferson: A Complex Character,,2017-03-03,VOA Learning English,0,,0,0.0,,,,1,,,
https://learningenglish.voanews.com/a/3755559.html,Uruguay School Teaches Students to Respect the Environment,As It Is,2017-03-08,,1,https://voa-audio.voanews.eu/vle/2017/03/08/08cb8c8b-13b6-4a8c-8382-6d8593d17515.mp3,0,0.0,,,study_work,0,byline_not_staff,,nature_environment
https://learningenglish.voanews.com/a/3780839.html,Hong Kong’s New Leader to be Chosen Sunday,As It Is,2017-03-24,,1,https://voa-audio.voanews.eu/vle/2017/03/24/39627e7b-4551-4d27-b3c6-9d77f9de25dd.mp3,0,0.0,,,,0,byline_not_staff,,
https://learningenglish.voanews.com/a/3785542.html,Million-Dollar Coin Stolen from Berlin Museum,What's Trending Today?,2017-03-28,,1,https://voa-audio.voanews.eu/vle/2017/03/28/d8313456-6915-434f-8239-269380320e02.mp3,0,0.0,,,,0,byline_not_staff,,
https://learningenglish.voanews.com/a/3825500.html,Britain Marks First Coal-Free Day Since Industrial Revolution,As It Is,2017-04-25,,1,https://voa-audio.voanews.eu/vle/2017/04/25/62d05d5f-e707-4128-a3b4-09e8c8dfbe10.mp3,0,0.0,,,,0,byline_not_staff,,
https://learningenglish.voanews.com/a/3839897.html,China Creates its Own Version of Wikipedia,As It Is,2017-05-05,,1,https://voa-audio.voanews.eu/vle/2017/05/05/b22697fa-6679-44ea-b2aa-da525a1c106a.mp3,0,0.0,,,,0,byline_not_staff,,
https://learningenglish.voanews.com/a/3877766.html,Brazil Faces Problems Attracting Tourists,As It Is,2017-05-30,,1,https://voa-audio.voanews.eu/vle/2017/05/30/d2701c27-1c2a-498d-b618-6d726ef82768.mp3,0,0.0,,,travel_transport,0,byline_not_staff,,
https://learningenglish.voanews.com/a/3892332.html,'African' Dinosaur Discovered in Morocco,As It Is,2017-06-08,,1,https://voa-audio.voanews.eu/vle/2017/06/08/44ec4cbc-d12e-4fd3-a7a7-d1751f507004.mp3,0,0.0,,,,0,byline_not_staff,,
https://learningenglish.voanews.com/a/3898835.html,"'The Law of Life,' by Jack London, Part One",American Stories,2017-06-22,,1,https://voa-audio.voanews.eu/vle/2017/06/13/3f046165-a497-4dee-a63a-56f0f0423a7c.mp3,0,0.0,,,,0,byline_not_staff,,
https://learningenglish.voanews.com/a/3908314.html,Native Americans Call for Rethinking of Bering Strait Theory,,2017-06-20,,1,https://voa-audio.voanews.eu/vle/2017/06/20/efe879cc-8f5e-4d97-a994-10dceb326649.mp3,0,0.0,,,,0,byline_not_staff,,
https://learningenglish.voanews.com/a/3918593.html,22 Million Americans Could Lose Health Insurance Under Senate Bill,As It Is,2017-06-27,,1,https://voa-audio.voanews.eu/vle/2017/06/27/e94948ef-8877-4c0d-800c-9c80dae44c25.mp3,0,0.0,,,,0,byline_not_staff,,health_body
https://learningenglish.voanews.com/a/3960415.html,Better Conditions Make for Happier Cows and Farmers,As It Is,2017-07-26,,1,https://voa-audio.voanews.eu/vle/2017/07/26/ae05fce6-3aba-4b46-a409-4bdcf5b73afe.mp3,0,0.0,,,,0,byline_not_staff,,
https://learningenglish.voanews.com/a/3963590.html,"As Diabetes Increases Worldwide, a Vegetable Could Help",Health & Lifestyle,2017-07-28,,1,https://voa-audio.voanews.eu/vle/2017/07/28/34a5a10d-e559-4a8c-ad7a-4d4346563cf9.mp3,0,0.0,,,food_restaurant,0,byline_not_staff,,
https://learningenglish.voanews.com/a/3979225.html,Quiz - Small Talk May Make Us Happier,,2017-08-09,VOA Learning English,0,,0,0.0,,,,1,,,
https://learningenglish.voanews.com/a/3993450.html,Learning English Broadcast,VOA Learning English Podcast,2017-09-04,,1,https://voa-audio.voanews.eu/vle/2017/09/04/20170904-003000-vle122-program.mp3,0,0.0,,,,0,byline_not_staff,,language_learning
https://learningenglish.voanews.com/a/4019259.html,"Federer, Nadal Once Again Will Not Play Each Other at US Open",What's Trending Today?,2017-09-07,VOA Learning English,1,https://voa-audio.voanews.eu/vle/2017/09/07/d7c7398f-6ade-43ca-bdfc-99116c957abc.mp3,366,13.07,7.3,5,,0,wire_credit,The Associated Press reported this story. Ashley Thompson adapted it for Learning English. Hai Do was the editor.,
https://learningenglish.voanews.com/a/4042473.html,Learning English Broadcast,VOA Learning English Podcast,2017-10-09,,1,https://voa-audio.voanews.eu/vle/2017/10/09/20171009-003000-vle122-program.mp3,0,0.0,,,,0,byline_not_staff,,language_learning
https://learningenglish.voanews.com/a/4053521.html,Learning English Broadcast,VOA Learning English Podcast,2017-10-17,,1,https://voa-audio.voanews.eu/vle/2017/10/17/20171017-003000-vle122-program.mp3,0,0.0,,,,0,byline_not_staff,,language_learning
https://learningenglish.voanews.com/a/4153742.html,"Brazil, US Identify Molecule to Help Fight Citrus Greening",As It Is,2017-12-08,,1,https://voa-audio.voanews.eu/vle/2017/12/07/864e5776-81fa-43b8-ae6a-6f574b8fcdae.mp3,0,0.0,,,,0,byline_not_staff,,
https://learningenglish.voanews.com/a/4198679.html,Two Lottery Tickets Won $1 Billion over the Weekend,What's Trending Today?,2018-01-08,,1,https://voa-audio.voanews.eu/vle/2018/01/08/6cc61c96-a256-4286-ad89-b8d50e38b065.mp3,0,0.0,,,travel_transport,0,byline_not_staff,,
https://learningenglish.voanews.com/a/4243503.html,Joint Korean Hockey Team Overcomes Language Divide,As It Is,2018-02-07,,1,https://voa-audio.voanews.eu/vle/2018/02/07/f19e41fb-124a-4b95-883d-3c2a54409f19.mp3,0,0.0,,,,0,byline_not_staff,,language_learning
https://learningenglish.voanews.com/a/4272975.html,Quiz - Can Arming Teachers Prevent School Shootings?,,2018-02-27,VOA Learning English,0,,0,0.0,,,study_work,1,,,
https://learningenglish.voanews.com/a/4274861.html,US Teacher Arrested after Firing Gunshot in Classroom,,2018-02-28,,1,https://voa-audio.voanews.eu/vle/2018/02/28/fcb313c6-c445-4815-870e-f2149861b325.mp3,0,0.0,,,study_work,0,byline_not_staff,,
https://learningenglish.voanews.com/a/4293076.html,Learning English Broadcast,VOA Learning English Podcast,2018-03-26,,1,https://voa-audio.voanews.eu/vle/2018/03/26/20180326-003000-vle122-program.mp3,0,0.0,,,,0,byline_not_staff,,language_learning
https://learningenglish.voanews.com/a/4357164.html,Exiled Artist Uses Art to Save Memories of Syria,Arts & Culture,2018-04-20,,1,https://voa-audio.voanews.eu/vle/2018/04/20/da52fd57-64c5-443e-820b-86bfeddeefb2.mp3,0,0.0,,,hobbies_leisure,0,byline_not_staff,,
https://learningenglish.voanews.com/a/4361495.html,Quiz - Lifetime of Exercise Slows Aging,,2018-04-23,VOA Learning English,0,,0,0.0,,,hobbies_leisure,1,,,
https://learningenglish.voanews.com/a/4365043.html,Learning English Broadcast,VOA Learning English Podcast,2018-05-10,,1,https://voa-audio.voanews.eu/vle/2018/05/10/20180510-003000-vle122-program.mp3,0,0.0,,,,0,byline_not_staff,,language_learning
https://learningenglish.voanews.com/a/4409889.html,Everest Climber Breaks New Record,As It Is,2018-05-25,,1,https://voa-audio.voanews.eu/vle/2018/05/25/7bf8bfa7-ac29-4e27-a4e6-5df5e3b8b90c.mp3,0,0.0,,,,0,byline_not_staff,,
https://learningenglish.voanews.com/a/4416179.html,Hong Kong Researchers Worried About Possible 'Loyalty Test',As It Is,2018-05-30,,1,https://voa-audio.voanews.eu/vle/2018/05/30/868d692a-4cd4-43b1-94bb-1198217b3426.mp3,0,0.0,,,,0,byline_not_staff,,
https://learningenglish.voanews.com/a/4439124.html,Calls for More Suicide Prevention Efforts as Rates Rise,As It Is,2018-06-14,,1,https://voa-audio.voanews.eu/vle/2018/06/14/e433aaed-24cf-4cd9-83dc-8937b7aac8e4.mp3,0,0.0,,,,0,byline_not_staff,,
https://learningenglish.voanews.com/a/4501489.html,Some Colleges Ask for Part of Future Salary Instead of Loans,Education,2018-07-26,,1,https://voa-audio.voanews.eu/vle/2018/07/26/7b914e22-724d-49c1-b7ff-3c009c5589e3.mp3,0,0.0,,,study_work,0,byline_not_staff,,
https://learningenglish.voanews.com/a/4526826.html,Former White House Adviser Says She Taped Inside Secret Situation Room,As It Is,2018-08-13,,1,https://voa-audio.voanews.eu/vle/2018/08/13/9670fa33-9499-4112-86b5-899179390f0c.mp3,0,0.0,,,,0,byline_not_staff,,housing_home
https://learningenglish.voanews.com/a/4531636.html,Some Elderly Koreans Uncertain About  Separated Family Reunion,As It Is,2018-08-16,,1,https://voa-audio.voanews.eu/vle/2018/08/16/5593b917-83e6-41ee-9d26-62bf5fbafd4e.mp3,0,0.0,,,family_friends,0,byline_not_staff,,
https://learningenglish.voanews.com/a/4533326.html,"Eritrea Fighter Pilot Escapes, Calls for Justice for Jailed Compatriots",As It Is,2018-08-17,,1,https://voa-audio.voanews.eu/vle/2018/08/17/07ff3a7b-4d39-4ade-b426-d946ba14662f.mp3,0,0.0,,,,0,byline_not_staff,,
https://learningenglish.voanews.com/a/4557564.html,Study Examines Child Marriage in US,As It Is,2018-09-04,,1,https://voa-audio.voanews.eu/vle/2018/09/04/2ea5bb2c-3773-40dd-90de-3a68d0afe6c7.mp3,0,0.0,,,family_friends;study_work,0,byline_not_staff,,
https://learningenglish.voanews.com/a/4572202.html,Should Korean Leaders Discuss Nuclear Issue or Military Tensions?,As It Is,2018-09-14,,1,https://voa-audio.voanews.eu/vle/2018/09/14/e9b2548b-31c9-452a-b183-4a7c5ce709f7.mp3,0,0.0,,,,0,byline_not_staff,,
https://learningenglish.voanews.com/a/4575176.html,Quiz - Study: Not Enough Exercise Leads to Sickness,,2018-09-17,VOA Learning English,0,,0,0.0,,,hobbies_leisure;study_work,1,,,health_body
https://learningenglish.voanews.com/a/4590100.html,"Lawmakers, Americans Listen to Woman Accuse Supreme Court Nominee of Sexual Attack",As It Is,2018-09-27,,1,https://voa-audio.voanews.eu/vle/2018/09/27/d7d35249-9ff0-4b58-a326-04f0e8519ee7.mp3,0,0.0,,,,0,byline_not_staff,,
https://learningenglish.voanews.com/a/4608184.html,"Quiz - Google Launches New Phones, Tablet and Home Hub",Science & Technology,2018-10-10,VOA Learning English,0,,0,0.0,,,,1,,,housing_home;technology_devices
https://learningenglish.voanews.com/a/4609701.html,Ancient Shipwrecks Tell Story of Trade Routes,Science & Technology,2018-10-11,,1,https://voa-audio.voanews.eu/vle/2018/10/11/e4b50cb6-bf8d-4e8a-9218-3a81fe718e2e.mp3,0,0.0,,,travel_transport,0,byline_not_staff,,
https://learningenglish.voanews.com/a/4627495.html,Google: AI Found Breast Cancer with 99 Percent Accuracy,Science & Technology,2018-10-24,,1,https://voa-audio.voanews.eu/vle/2018/10/24/1a6980c1-3811-4eca-8f09-73461850f9fb.mp3,0,0.0,,,,0,byline_not_staff,,
https://learningenglish.voanews.com/a/4650318.html,Banned Hong Kong Independence Groups Continue Efforts,As It Is,2018-11-08,,1,https://voa-audio.voanews.eu/vle/2018/11/08/63ec95e7-8b60-4536-ae93-11506b1ea6e2.mp3,0,0.0,,,,0,byline_not_staff,,
https://learningenglish.voanews.com/a/4668161.html,People Are Buying Less with Bitcoin,As It Is,2018-11-21,,1,https://voa-audio.voanews.eu/vle/2018/11/21/818c45d7-f6a6-4717-8761-5eb77a3b7d75.mp3,0,0.0,,,shopping,0,byline_not_staff,,
https://learningenglish.voanews.com/a/4749656.html,Learning English Broadcast,VOA Learning English Podcast,2019-02-02,,1,https://voa-audio.voanews.eu/vle/2019/02/02/20190202-003000-vle122-program.mp3,0,0.0,,,,0,byline_not_staff,,language_learning
https://learningenglish.voanews.com/a/4764153.html,US Company Launches 'Zero-Waste' Shopping Model,Health & Lifestyle,2019-01-29,,1,https://voa-audio.voanews.eu/vle/2019/01/29/d5105301-7c55-4221-858c-c769c36efa67.mp3,0,0.0,,,shopping,0,byline_not_staff,,
https://learningenglish.voanews.com/a/4769314.html,Why Ebola Is Still Spreading in Congo,As It Is,2019-02-01,,1,https://voa-audio.voanews.eu/vle/2019/02/01/43268279-eeca-4020-b192-14080f4397b0.mp3,0,0.0,,,,0,byline_not_staff,,
https://learningenglish.voanews.com/a/4773734.html,US Communities Start Rethinking Use of Taser Shock,As It Is,2019-02-05,,1,https://voa-audio.voanews.eu/vle/2019/02/05/4cf2666b-dd2f-4aa7-a2b9-47b6b0a9db9a.mp3,0,0.0,,,,0,byline_not_staff,,
https://learningenglish.voanews.com/a/4797074.html,Researcher: Technology Closely Follows Millions in Western China,As It Is,2019-02-20,,1,https://voa-audio.voanews.eu/vle/2019/02/20/cdcefbdc-1d8b-4a9b-a1ad-2cdd96a3a678.mp3,0,0.0,,,,0,byline_not_staff,,technology_devices
https://learningenglish.voanews.com/a/4866935.html,"Cats Recognize Their Own Names, But May Not Come When You Call",Science & Technology,2019-04-08,,1,https://voa-audio.voanews.eu/vle/2019/04/08/584e00b2-4749-44e7-bb4c-fe7fe6a162e8.mp3,0,0.0,,,,0,byline_not_staff,,animals_pets
https://learningenglish.voanews.com/a/4873468.html,"US Federal Agents Recovering Famous Painting, Ruby Slippers",As It Is,2019-04-12,,1,https://voa-audio.voanews.eu/vle/2019/04/12/71c8a944-915c-4b61-823f-68bd940cbf8a.mp3,0,0.0,,,hobbies_leisure,0,byline_not_staff,,health_body
https://learningenglish.voanews.com/a/4893342.html,"Quiz - NASA, World Experts to Hold Exercise for Possible Asteroid Strike",,2019-04-26,VOA Learning English,0,,0,0.0,,,hobbies_leisure,1,,,
https://learningenglish.voanews.com/a/4902803.html,Vietnamese Woman Accused in Kim Jong Nam's Killing Released,As It Is,2019-05-03,,1,https://voa-audio.voanews.eu/vle/2019/05/03/330d85f3-516a-4108-b5ec-a7fc6ab5c26f.mp3,0,0.0,,,,0,byline_not_staff,,
https://learningenglish.voanews.com/a/4950445.html,Study: Many Americans Think 'Fake News' Is a Major Problem,As It Is,2019-06-07,,1,https://voa-audio.voanews.eu/vle/2019/06/07/171a66af-7d62-4808-8060-40edf17399d4.mp3,0,0.0,,,study_work,0,byline_not_staff,,
https://learningenglish.voanews.com/a/4973686.html,How to Replace That-Clauses with 'So',Everyday Grammar,2019-06-25,,1,https://voa-audio.voanews.eu/vle/2019/06/25/3884ff53-35f5-45b2-98fd-89ee56f23504.mp3,0,0.0,,,,0,byline_not_staff,,
https://learningenglish.voanews.com/a/4985194.html,Common Phrasal Verbs with ‘Go’,Everyday Grammar,2019-07-03,,1,https://voa-audio.voanews.eu/vle/2019/07/03/dcc4cdf1-9886-450b-93ec-b96f203641b1.mp3,0,0.0,,,,0,byline_not_staff,,
https://learningenglish.voanews.com/a/5012614.html,Learning English Broadcast,VOA Learning English Podcast,2019-08-07,,1,https://voa-audio.voanews.eu/vle/2019/08/07/20190807-003000-vle122-program.mp3,0,0.0,,,,0,byline_not_staff,,language_learning
https://learningenglish.voanews.com/a/5029356.html,Astronomers Make New Map of the Milky Way,Science & Technology,2019-08-05,,1,https://voa-audio.voanews.eu/vle/2019/08/05/1022d1a0-de45-4db1-b287-cf36da87f9c1.mp3,0,0.0,,,,0,byline_not_staff,,
https://learningenglish.voanews.com/a/5104456.html,Quiz - Health Experts Warn Disease Could Kill Millions Worldwide in 36 Hours,,2019-09-30,VOA Learning English,0,,0,0.0,,,,1,,,health_body
https://learningenglish.voanews.com/a/5120416.html,Teenage Business Owner Makes ‘Wearable Art’,Arts & Culture,2019-10-11,,1,https://voa-audio.voanews.eu/vle/2019/10/11/7749fe47-2d2f-45b6-9894-6050223d015c.mp3,0,0.0,,,hobbies_leisure,0,byline_not_staff,,
https://learningenglish.voanews.com/a/5147549.html,Study: Number of Kids Watching Online Videos Doubled in 4 Years,As It Is,2019-10-31,,1,https://voa-audio.voanews.eu/vle/2019/10/31/e7ebf2ba-5ebf-4596-8598-a3f8d2d3590d.mp3,0,0.0,,,family_friends;study_work,0,byline_not_staff,,technology_devices
https://learningenglish.voanews.com/a/5183836.html,A Dime a Dozen,Words and Their Stories,2019-11-27,,1,https://voa-audio.voanews.eu/vle/2019/11/27/39027ae1-5fed-499d-a97e-f8d76cabd8b9.mp3,0,0.0,,,,0,byline_not_staff,,
https://learningenglish.voanews.com/a/5187052.html,Learning English Broadcast,VOA Learning English Podcast,2019-12-14,,1,https://voa-audio.voanews.eu/vle/2019/12/14/20191214-003000-vle122-program.mp3,0,0.0,,,,0,byline_not_staff,,language_learning
https://learningenglish.voanews.com/a/5196039.html,Bethlehem Preparing to Have Best Christmas in Years,Arts & Culture,2019-12-06,,1,https://voa-audio.voanews.eu/vle/2019/12/06/eb7cc550-c21a-42dc-9e53-1d474966afbc.mp3,0,0.0,,,,0,byline_not_staff,,festivals_holidays
https://learningenglish.voanews.com/a/5257349.html,"This Is Casual Grammar, Dude",Everyday Grammar,2020-01-23,,1,https://voa-audio.voanews.eu/vle/2020/01/23/12a385c9-426d-4bd5-9aa6-1389092beb80.mp3,0,0.0,,,,0,byline_not_staff,,language_learning
https://learningenglish.voanews.com/a/5273780.html,Iowa Caucuses Delayed by Technical Problems,As It Is,2020-02-04,,1,https://voa-audio.voanews.eu/vle/2020/02/04/9febbb80-c457-40e1-8a0a-85a277a31dd1.mp3,0,0.0,,,,0,byline_not_staff,,
https://learningenglish.voanews.com/a/5274853.html,Trump Claims Accomplishments amid Tension with Democrats,As It Is,2020-02-05,,1,https://voa-audio.voanews.eu/vle/2020/02/05/7f1257bf-126b-4580-bf4e-b1ce81c1c0bc.mp3,0,0.0,,,,0,byline_not_staff,,
https://learningenglish.voanews.com/a/5284396.html,Learning English Broadcast,VOA Learning English Podcast,2020-02-26,,1,https://voa-audio.voanews.eu/vle/2020/02/26/20200226-003000-vle122-program.mp3,0,0.0,,,,0,byline_not_staff,,language_learning
https://learningenglish.voanews.com/a/5300500.html,Learning English Broadcast,VOA Learning English Podcast,2020-03-09,,1,https://voa-audio.voanews.eu/vle/2020/03/09/20200309-003000-vle122-program.mp3,0,0.0,,,,0,byline_not_staff,,language_learning
https://learningenglish.voanews.com/a/5344999.html,Coronavirus Provides Unexpected Help for Kenyan Fishermen,As It Is,2020-03-25,,1,https://voa-audio.voanews.eu/vle/2020/03/25/5f8d2662-c2aa-4e28-b630-b803e3e54447.mp3,0,0.0,,,,0,byline_not_staff,,
https://learningenglish.voanews.com/a/5347433.html,"US College Completion Rate Rises, As Ceremonies Are Postponed",Education,2020-03-26,,1,https://voa-audio.voanews.eu/vle/2020/03/26/ebea3e0f-9ec3-43ba-81a7-6d95cba3a552.mp3,0,0.0,,,study_work,0,byline_not_staff,,
https://learningenglish.voanews.com/a/5375200.html,Former North Korean Diplomat Wins Seat in South Korea’s Legislature,As It Is,2020-04-16,,1,https://voa-audio.voanews.eu/vle/2020/04/16/c2300d70-9a02-4907-a92c-7cc2e00f4e89.mp3,0,0.0,,,,0,byline_not_staff,,
https://learningenglish.voanews.com/a/5515282.html,Learning English Broadcast,VOA Learning English Podcast,2020-08-07,,1,https://voa-audio.voanews.eu/vle/2020/08/07/20200807-003000-vle122-program.mp3,0,0.0,,,,0,byline_not_staff,,language_learning
https://learningenglish.voanews.com/a/5530700.html,Learning English Broadcast,VOA Learning English Podcast,2020-08-19,,1,https://voa-audio.voanews.eu/vle/2020/08/19/20200819-003000-vle122-program.mp3,0,0.0,,,,0,byline_not_staff,,language_learning
https://learningenglish.voanews.com/a/5531928.html,Hiroshima Survivors Worry the World Will Forget,As It Is,2020-08-05,,1,https://voa-audio.voanews.eu/vle/2020/08/05/6898a833-9f31-48b1-b824-76999b639ee5.mp3,0,0.0,,,,0,byline_not_staff,,
https://learningenglish.voanews.com/a/5548375.html,Quiz - US Parents Increase Interest in Homeschooling during Pandemic,,2020-08-18,VOA Learning English,0,,0,0.0,,,family_friends,1,,,
https://learningenglish.voanews.com/a/5588279.html,Why Do We 'Pay Through the Nose' for Costly Things?,Words and Their Stories,2020-09-18,,1,https://voa-audio.voanews.eu/vle/2020/09/18/cadb8171-56b3-4424-a019-3e7fe831880c.mp3,0,0.0,,,shopping,0,byline_not_staff,,money_banking
https://learningenglish.voanews.com/a/5629074.html,Desks of Their Own Help Children with Online School,Education,2020-10-20,,1,https://voa-audio.voanews.eu/vle/2020/10/20/8dcf36be-eb73-4d74-aeb6-c46a6fcb67c2.mp3,0,0.0,,,family_friends;study_work,0,byline_not_staff,,technology_devices
https://learningenglish.voanews.com/a/5648130.html,AI Aims to Identify COVID-19 by Sounds of a Cough,Science & Technology,2020-11-04,,1,https://voa-audio.voanews.eu/vle/2020/11/04/7599d426-2a64-42b4-b00a-0aaad61f5efe.mp3,0,0.0,,,,0,byline_not_staff,,
https://learningenglish.voanews.com/a/5648547.html,Learning English Broadcast,VOA Learning English Podcast,2020-11-19,,1,https://voa-audio.voanews.eu/vle/2020/11/19/20201119-003000-vle122-program.mp3,0,0.0,,,,0,byline_not_staff,,language_learning
https://learningenglish.voanews.com/a/5667708.html,Pfizer ‘Within Days’ of Seeking Emergency Use for COVID-19 Vaccine,Health & Lifestyle,2020-11-18,,1,https://voa-audio.voanews.eu/vle/2020/11/18/00ab92d6-0441-46a3-9c4b-a052464d2aa2.mp3,0,0.0,,,,0,byline_not_staff,,
https://learningenglish.voanews.com/a/5675258.html,'Jaws' Shark Arrives at Motion Picture Museum,Arts & Culture,2020-11-24,,1,https://voa-audio.voanews.eu/vle/2020/11/24/b128b547-7250-484e-85ca-a86cf3838ea6.mp3,0,0.0,,,,0,byline_not_staff,,
https://learningenglish.voanews.com/a/5719096.html,Quiz - College Students Among Leaders in Coronavirus Reporting,,2020-12-30,VOA Learning English,0,,0,0.0,,,study_work,1,,,
https://learningenglish.voanews.com/a/5730133.html,Quiz - Animal Astronauts,,2021-01-08,VOA Learning English,0,,0,0.0,,,,1,,,animals_pets
https://learningenglish.voanews.com/a/5753826.html,"A Journey With the Present Perfect, Part One",Everyday Grammar,2021-01-27,,1,https://voa-audio.voanews.eu/vle/2021/01/27/7e9c040f-5c3d-4594-9b78-a337ca62d7d4.mp3,0,0.0,,,travel_transport,0,byline_not_staff,,
https://learningenglish.voanews.com/a/5754054.html,Fast-spreading Coronavirus Variants Raise Concerns,As It Is,2021-01-27,,1,https://voa-audio.voanews.eu/vle/2021/01/27/29293728-bffc-45b7-8f08-344749dc9197.mp3,0,0.0,,,,0,byline_not_staff,,
https://learningenglish.voanews.com/a/5808535.html,Quiz - What Will the Future Look Like with the New Coronavirus?,,2021-03-10,VOA Learning English,0,,0,0.0,,,,1,,,
https://learningenglish.voanews.com/a/5819793.html,"Labrador Retriever Still Top Dog in US, French Bulldog in Second",Arts & Culture,2021-03-18,,1,https://voa-audio.voanews.eu/vle/2021/03/18/6884e439-680b-44d9-8396-c8c5a75b9e15.mp3,0,0.0,,,,0,byline_not_staff,,animals_pets
https://learningenglish.voanews.com/a/5835644.html,Have and Eat,Ask a Teacher,2021-03-31,,1,https://voa-audio.voanews.eu/vle/2021/03/31/e2086e18-93ff-48e7-a0be-026848e62d6e.mp3,0,0.0,,,food_restaurant,0,byline_not_staff,,
https://learningenglish.voanews.com/a/5860486.html,COVID-19 Guides Hospitals of the Future,Health & Lifestyle,2021-04-20,,1,https://voa-audio.voanews.eu/vle/2021/04/20/f1af4b4e-c8e9-4adf-b1ff-07cf9cef4d3c.mp3,0,0.0,,,,0,byline_not_staff,,health_body
https://learningenglish.voanews.com/a/5870530.html,Learning English Broadcast,VOA Learning English Podcast,2021-05-13,,1,https://voa-audio.voanews.eu/vle/2021/05/13/20210513-003000-vle122-program.mp3,0,0.0,,,,0,byline_not_staff,,language_learning
https://learningenglish.voanews.com/a/5885217.html,Costly Homes Are Popular in Dubai During the Pandemic,As It Is,2021-05-10,,1,https://voa-audio.voanews.eu/vle/2021/05/10/f551d926-061b-432c-9284-040e3f29f9c6.mp3,0,0.0,,,shopping,0,byline_not_staff,,housing_home
https://learningenglish.voanews.com/a/5929543.html,How Primates Are Aiding the Fight Against COVID-19 in Louisiana,Health & Lifestyle,2021-06-15,,1,https://voa-audio.voanews.eu/vle/2021/06/15/af166f08-1968-4e37-bd0f-55eadbc6d163.mp3,0,0.0,,,,0,byline_not_staff,,
https://learningenglish.voanews.com/a/5976961.html,Greece's Traditional Wooden Boat Building Is a Shrinking Craft,Arts & Culture,2021-07-23,,1,https://voa-audio.voanews.eu/vle/2021/07/23/f42fd597-6b7d-451b-855b-a60e7dc1a8c4.mp3,0,0.0,,,hobbies_leisure,0,byline_not_staff,,festivals_holidays;housing_home
https://learningenglish.voanews.com/a/6007715.html,Learning English Broadcast,VOA Learning English Podcast,2021-09-02,,1,https://voa-audio.voanews.eu/vle/2021/09/02/20210902-003000-vle122-program.mp3,0,0.0,,,,0,byline_not_staff,,language_learning
https://learningenglish.voanews.com/a/6323161.html,Two of 17 Hostages Held in Haiti Released,As It Is,2021-11-22,,1,https://voa-audio.voanews.eu/vle/2021/11/22/94da3f2d-1631-4f33-a9ad-c6cc957ddc8e.mp3,0,0.0,,,,0,byline_not_staff,,
https://learningenglish.voanews.com/a/6325019.html,Experts Give Advice for Safe Holiday Travel,As It Is,2021-11-23,,1,https://voa-audio.voanews.eu/vle/2021/11/23/6e33ac44-1cb4-414f-ba6e-d97560f9964a.mp3,0,0.0,,,travel_transport,0,byline_not_staff,,festivals_holidays
https://learningenglish.voanews.com/a/6331188.html,Learning English Broadcast,VOA Learning English Podcast,2021-12-13,,1,https://voa-audio.voanews.eu/vle/2021/12/13/20211213-003000-vle122-program.mp3,0,0.0,,,,0,byline_not_staff,,language_learning
https://learningenglish.voanews.com/a/6391028.html,BMW Presents Car that Can Digitally Change Colors,Science & Technology,2022-01-11,,1,https://voa-audio.voanews.eu/vle/2022/01/10/a17f74d8-0444-4b4c-88dc-2baa65f0b738.mp3,0,0.0,,,travel_transport,0,byline_not_staff,,
https://learningenglish.voanews.com/a/6468140.html,Two Gold Expressions,Words and Their Stories,2022-03-03,,1,https://voa-audio.voanews.eu/vle/2022/03/03/85a77c0f-f658-47b0-80b5-7c9a929c38b7.mp3,0,0.0,,,,0,byline_not_staff,,language_learning
https://learningenglish.voanews.com/a/6471829.html,Learning English Broadcast,VOA Learning English Podcast,2022-03-20,,1,https://voa-audio.voanews.eu/vle/2022/03/20/20220320-003000-vle122-program.mp3,0,0.0,,,,0,byline_not_staff,,language_learning
https://learningenglish.voanews.com/a/6491434.html,Is COVID-19 Behind an Increase in Diabetes Cases?,Health & Lifestyle,2022-03-18,,1,https://voa-audio.voanews.eu/vle/2022/03/18/196809f6-feb5-4642-841a-fe50658397cc.mp3,0,0.0,,,,0,byline_not_staff,,
https://learningenglish.voanews.com/a/6601054.html,Learning English Broadcast,VOA Learning English Podcast,2022-06-17,,1,https://voa-audio.voanews.eu/vle/2022/06/17/20220617-003000-vle122-program.mp3,0,0.0,,,,0,byline_not_staff,,language_learning
https://learningenglish.voanews.com/a/6638292.html,Chinese Spacecraft Takes Images of Mars ,Science & Technology,2022-06-29,,1,https://voa-audio.voanews.eu/vle/2022/06/29/10070000-0aff-0242-a6d0-08da59f46224.mp3,0,0.0,,,,0,byline_not_staff,,
https://learningenglish.voanews.com/a/6682315.html,South Korea Considers Letting BTS Perform During Military Service,Arts & Culture,2022-08-01,,1,https://voa-audio.voanews.eu/vle/2022/08/01/09690000-0a00-0242-01dc-08da73dda9fb.mp3,0,0.0,,,,0,byline_not_staff,,
https://learningenglish.voanews.com/a/6719528.html,Learning English Broadcast,VOA Learning English Podcast,2022-09-11,,1,https://voa-audio.voanews.eu/vle/2022/09/11/20220911-003000-vle122-program.mp3,0,0.0,,,,0,byline_not_staff,,language_learning
https://learningenglish.voanews.com/a/6744764.html,Learning English Broadcast,VOA Learning English Podcast,2022-09-27,,1,https://voa-audio.voanews.eu/vle/2022/09/27/20220927-003000-vle122-program.mp3,0,0.0,,,,0,byline_not_staff,,language_learning
https://learningenglish.voanews.com/a/6750476.html,Quiz - Fun Lunches Help School Kids Eat Healthy Foods,,2022-09-16,VOA Learning English,0,,0,0.0,,,family_friends;food_restaurant;study_work,1,,,health_body
https://learningenglish.voanews.com/a/6865026.html,Confusion over Iran’s Morality Police as Women Drop Hijab,As It Is,2022-12-06,,1,https://voa-audio.voanews.eu/vle/2022/12/06/022a0000-0aff-0242-03f8-08dad7c79df0.mp3,0,0.0,,,,0,byline_not_staff,,
https://learningenglish.voanews.com/a/6866641.html,China Eases Zero-COVID Policy Following Protests,As It Is,2022-12-07,,1,https://voa-audio.voanews.eu/vle/2022/12/07/03370000-0aff-0242-6e72-08dad88d0136.mp3,0,0.0,,,,0,byline_not_staff,,
https://learningenglish.voanews.com/a/6910648.html,More Children Mistakenly Eating Legal Marijuana Food Products,Health & Lifestyle,2023-01-09,,1,https://voa-audio.voanews.eu/vle/2023/01/09/09410000-0a00-0242-5cf7-08daf25d0d55.mp3,0,0.0,,,family_friends;food_restaurant,0,byline_not_staff,,
https://learningenglish.voanews.com/a/7006408.html,Bài 16: Thú cưng có thể làm gì?,Let's Learn English with Anna in Vietnamese,2023-03-24,VOA Learning English,0,,68,6.18,2.44,4,,1,,,
https://learningenglish.voanews.com/a/7015383.html,Mountains of Waste in Paris as Strike Continues,As It Is,2023-03-21,,1,https://voa-audio.voanews.eu/vle/2023/03/21/01000000-0aff-0242-38f5-08db2a52558e.mp3,0,0.0,,,,0,byline_not_staff,,nature_environment
https://learningenglish.voanews.com/a/7031099.html,Learning English Podcast,VOA Learning English Podcast,2023-04-09,,1,https://voa-audio.voanews.eu/vle/2023/04/09/20230409-003000-vle122-program.mp3,0,0.0,,,,0,byline_not_staff,,language_learning
https://learningenglish.voanews.com/a/7046007.html,"AI News Presenter Appears in Kuwait
",As It Is,2023-04-11,,1,https://voa-audio.voanews.eu/vle/2023/04/11/01000000-0a00-0242-e155-08db3abe1854.mp3,0,0.0,,,,0,byline_not_staff,,
https://learningenglish.voanews.com/a/7071161.html,Learning English Podcast,VOA Learning English Podcast,2023-05-13,,1,https://voa-audio.voanews.eu/vle/2023/05/13/20230513-003000-vle122-program.mp3,0,0.0,,,,0,byline_not_staff,,language_learning
https://learningenglish.voanews.com/a/7106222.html,Learning English Podcast,VOA Learning English Podcast,2023-06-07,,1,https://voa-audio.voanews.eu/vle/2023/06/07/20230607-003000-vle122-program.mp3,0,0.0,,,,0,byline_not_staff,,language_learning
https://learningenglish.voanews.com/a/7170761.html,"Differences Between Board, on Board, Aboard",Words and Their Stories,2023-07-07,,1,https://voa-audio.voanews.eu/vle/2023/07/07/01000000-0a00-0242-4ecf-08db7e7ff307.mp3,0,0.0,,,,0,byline_not_staff,,
https://learningenglish.voanews.com/a/7200469.html,Grammar and Libraries,Everyday Grammar,2023-07-27,,1,https://voa-audio.voanews.eu/vle/2023/07/27/01000000-0a00-0242-9c01-08db8eb445f8.mp3,0,0.0,,,,0,byline_not_staff,,language_learning
https://learningenglish.voanews.com/a/7227582.html,Young Chinese Turn to Online Streaming to Earn Money,Science & Technology,2023-08-16,,1,https://voa-audio.voanews.eu/vle/2023/08/16/01000000-0aff-0242-71e0-08db9e710f20.mp3,0,0.0,,,,0,byline_not_staff,,money_banking;technology_devices
https://learningenglish.voanews.com/a/7241430.html,Quiz - Study: Neptune’s Disappearing Clouds Linked to Solar Cycle,,2023-08-25,VOA Learning English,0,,0,0.0,,,study_work,1,,,weather_seasons
https://learningenglish.voanews.com/a/7246233.html,Doctors Remove Live Worm from Australian Woman’s Brain,Health & Lifestyle,2023-08-29,,1,https://voa-audio.voanews.eu/vle/2023/08/29/01000000-0aff-0242-073f-08dba8c801ac.mp3,0,0.0,,,,0,byline_not_staff,,health_body
https://learningenglish.voanews.com/a/7273511.html,"US, Iran to Exchange Prisoners",As It Is,2023-09-18,,1,https://voa-audio.voanews.eu/vle/2023/09/18/01000000-0a00-0242-d0ef-08dbb87e2165.mp3,0,0.0,,,,0,byline_not_staff,,
https://learningenglish.voanews.com/a/7314526.html,Pepper X Sets Guinness Record for Hottest Pepper,Arts & Culture,2023-10-17,,1,https://voa-audio.voanews.eu/vle/2023/10/17/01000000-0aff-0242-e398-08dbcf286c3d.mp3,0,0.0,,,,0,byline_not_staff,,
https://learningenglish.voanews.com/a/7358325.html,Landmines Causing More Casualties in Ukraine and Myanmar,As It Is,2023-11-17,,1,https://voa-audio.voanews.eu/vle/2023/11/16/01000000-c0a8-0242-f758-08dbe6ebf064.mp3,0,0.0,,,,0,byline_not_staff,,
https://learningenglish.voanews.com/a/7383540.html,"Quiz - South Africa, Colombia Aim to Get Lower-Cost Drugs for TB, HIV",,2023-12-04,VOA Learning English,0,,0,0.0,,,shopping,1,,,
https://learningenglish.voanews.com/a/7393826.html,Learning English Podcast,VOA Learning English Podcast,2023-12-26,,1,https://voa-audio.voanews.eu/vle/2023/12/26/20231226-003000-vle122-program.mp3,0,0.0,,,,0,byline_not_staff,,language_learning
https://learningenglish.voanews.com/a/7399840.html,Scientists Create ‘Biocomputer’ with Lab-Grown Brain Tissue,Science & Technology,2023-12-15,,1,https://voa-audio.voanews.eu/vle/2023/12/15/01000000-0aff-0242-2bdd-08dbfd994cf2.mp3,0,0.0,,,,0,byline_not_staff,,
https://learningenglish.voanews.com/a/7506587.html,"US Army Announces New Structure, Reduced Positions",As It Is,2024-02-28,,1,https://voa-audio.voanews.eu/vle/2024/02/28/01000000-c0a8-0242-dfdb-08dc38954a97.mp3,0,0.0,,,,0,byline_not_staff,,
https://learningenglish.voanews.com/a/7572548.html,US Company Develops Cement-making Method that Reduces Carbon,Science & Technology,2024-04-16,,1,https://voa-audio.voanews.eu/vle/2024/04/16/01000000-0aff-0242-c317-08dc5e488cd9.mp3,0,0.0,,,,0,byline_not_staff,,
https://learningenglish.voanews.com/a/7598195.html,Learning English Podcast,VOA Learning English Podcast,2024-05-19,,1,https://voa-audio.voanews.eu/vle/2024/05/19/20240519-003000-vle122-program.mp3,0,0.0,,,,0,byline_not_staff,,language_learning
https://learningenglish.voanews.com/a/7654735.html,Chinese Company Develops Robots with Facial Expressions,Science & Technology,2024-06-13,,1,https://voa-audio.voanews.eu/vle/2024/06/13/01000000-0aff-0242-8f2b-08dc8bc69258.mp3,0,0.0,,,,0,byline_not_staff,,language_learning;technology_devices
https://learningenglish.voanews.com/a/7663284.html,Candidate Uses AI Version of Self in British Election,As It Is,2024-06-20,,1,https://voa-audio.voanews.eu/vle/2024/06/20/01000000-0aff-0242-5a04-08dc91264d71.mp3,0,0.0,,,,0,byline_not_staff,,
https://learningenglish.voanews.com/a/7668339.html,Nigeria’s ‘Happy City’ Is Helpless Against Rising Sea,Science & Technology,2024-06-24,,1,https://voa-audio.voanews.eu/vle/2024/06/24/01000000-0a00-0242-cc17-08dc947c3207.mp3,0,0.0,,,,0,byline_not_staff,,
https://learningenglish.voanews.com/a/7682309.html,Quiz - How to Deal Safely with Poison Ivy in the Garden,,2024-07-02,VOA Learning English,0,,0,0.0,,,hobbies_leisure,1,,,
https://learningenglish.voanews.com/a/7689734.html,Researchers: Desert Moss Could Support Colonies on Mars,Science & Technology,2024-07-08,,1,https://voa-audio.voanews.eu/vle/2024/07/08/01000000-0aff-0242-cf9e-08dc9f7d6ad5.mp3,0,0.0,,,,0,byline_not_staff,,
https://learningenglish.voanews.com/a/7726232.html,Quiz - How a Small College Became a Top High-tech University,,2024-08-01,VOA Learning English,0,,0,0.0,,,study_work,1,,,
https://learningenglish.voanews.com/a/7739883.html,Learning English Podcast,VOA Learning English Podcast,2024-08-27,,1,https://voa-audio.voanews.eu/vle/2024/08/27/20240827-003000-vle122-program.mp3,0,0.0,,,,0,byline_not_staff,,language_learning
https://learningenglish.voanews.com/a/7884671.html,Japanese Artist Finds Peace in Cutting Leaves ,Arts & Culture,2024-12-02,,1,https://voa-audio.voanews.eu/vle/2024/12/02/817c2a9f-3456-4af5-a8aa-cd8d18021fb4.mp3,0,0.0,,,,0,byline_not_staff,,
https://learningenglish.voanews.com/a/7886034.html,"California Proposes Plan to Protect Its Famous Joshua Trees
",As It Is,2024-12-03,,1,https://voa-audio.voanews.eu/vle/2024/12/03/bf0f020a-d6bc-46c5-a7b5-b6b923b9c777.mp3,0,0.0,,,,0,byline_not_staff,,nature_environment
https://learningenglish.voanews.com/a/7896674.html,"TikTok Asks Court to Block US Ban, Seeks US Supreme Court Hearing",Science & Technology,2024-12-11,,1,https://voa-audio.voanews.eu/vle/2024/12/10/86a32730-1eb3-4c81-b669-bd8bbd08c1e0.mp3,0,0.0,,,,0,byline_not_staff,,
https://learningenglish.voanews.com/a/7932424.html,Quiz - NASA Says Spacecraft Made Closest-Ever Pass to Sun,,2025-01-10,VOA Learning English,0,,0,0.0,,,,1,,,
https://learningenglish.voanews.com/a/7962882.html,New Zealand Recognizes a Mountain as a Legal Person,As It Is,2025-02-04,,1,https://voa-audio.voanews.eu/vle/2025/02/04/281d8aec-5d29-4549-9946-7a96498d38a4.mp3,0,0.0,,,,0,byline_not_staff,,nature_environment
https://learningenglish.voanews.com/a/7988793.html,"Japan’s Toyota Builds a City-like Center to Test Robotics, AI",Science & Technology,2025-02-26,,1,https://voa-audio.voanews.eu/vle/2025/02/26/00908c01-d20e-4d12-0247-08dd4a817621.mp3,0,0.0,,,,0,byline_not_staff,,technology_devices
https://learningenglish.voanews.com/a/8147853.html,VOA Learning English,,2026-09-30,Voice of America,0,,0,0.0,,,,1,,,language_learning
https://learningenglish.voanews.com/a/Cambodian-girls-selected-for-international-google-competition/3971020.html,Cambodian Girls Selected for Google Competition,As It Is,2017-08-03,VOA Learning English,1,https://voa-audio.voanews.eu/vle/2017/08/03/bf63c4dc-8d21-4828-ae08-9de22931abe2.mp3,576,13.71,8.73,5,,1,,Sophat Soeung wrote this story for VOA News. Phil Dierking adapted his report for VOA Learning English. Mario Ritter was the editor.,
https://learningenglish.voanews.com/a/a-23-2005-06-13-voa2-83126437/124922.html,U.S. Seeks to Increase Ocean Fish Farming,Environment & Science,2005-06-14,VOA Learning English,0,,376,9.89,9.33,6,,1,,,animals_pets;nature_environment
https://learningenglish.voanews.com/a/a-23-2005-10-21-voa2-83127022/125139.html,U.S. Supermarkets Face Growing Competition,Economics Report,2005-10-21,VOA Learning English,0,,373,9.56,8.01,5,,1,,,
https://learningenglish.voanews.com/a/a-23-2006-01-03-voa2-83128427/125657.html,The Business of Bees and Beekeeping (Part 3 of 3),Environment & Science,2006-01-03,VOA Learning English,0,,404,11.54,8.74,5,,1,,,
https://learningenglish.voanews.com/a/a-23-2006-02-01-voa2-83131437/126696.html,American Educators Consider Later High School Start Times,Education Report,2006-02-01,VOA Learning English,0,,416,13.0,7.75,5,study_work,1,,,
https://learningenglish.voanews.com/a/a-23-2006-02-14-voa4-83128587/125725.html,Study Finds Risk of Lung Cancer Greatest in Black Smokers,Health Report,2006-02-14,VOA Learning English,0,,382,11.24,8.84,5,study_work,1,,,
https://learningenglish.voanews.com/a/a-23-2006-02-26-voa2-83130292/126330.html,Hollywood Presents a Serious Side in Oscar Hopefuls,,2006-02-26,VOA Learning English,0,,1402,9.74,7.25,5,,1,,,
https://learningenglish.voanews.com/a/a-23-2006-02-28-voa5-83127857/117220.html,F-u-n With Broadway's 'The 25th Annual Putnam County Spelling Bee',,2006-02-28,VOA Learning English,0,,556,7.04,4.71,4,,1,,,language_learning
https://learningenglish.voanews.com/a/a-23-2006-05-11-voa2-83128972/125835.html,When Companies Choose a Private Life,Economics Report,2006-05-11,VOA Learning English,0,,398,11.06,8.67,5,,1,,,
https://learningenglish.voanews.com/a/a-23-2006-11-22-voa3-83127742/125400.html,APEC Meeting Pushes for Continued Trade Negotiations,Economics Report,2006-11-22,VOA Learning English,0,,391,11.85,8.47,5,,1,,,
https://learningenglish.voanews.com/a/a-23-2006-12-03-voa1-83130727/126454.html,Henry Ford Made the Automobile Industry an Important Part of the Nation's Economy,,2006-12-03,VOA Learning English,0,,1478,8.96,6.51,4,,1,,,
https://learningenglish.voanews.com/a/a-23-2006-12-05-voa4-83128892/125813.html,"More Than Two Centuries Later, Mozart's Music Remains Full of Life",Explorations,2006-12-05,VOA Learning English,0,,1079,10.58,7.33,5,hobbies_leisure,1,,,
https://learningenglish.voanews.com/a/a-23-2007-02-08-voa2-83132742/127149.html,Congress Gets Bush's '08 Budget Plan,Economics Report,2007-02-08,VOA Learning English,0,,419,13.09,8.98,5,,1,,,money_banking
https://learningenglish.voanews.com/a/a-23-2007-03-08-voa1-83132777/127155.html,"A River Runs Through It. No, Wait, Make That 250,000 Rivers",Arts & Culture,2007-03-08,VOA Learning English,0,,1161,10.46,7.29,5,,1,,,nature_environment
https://learningenglish.voanews.com/a/a-23-2007-03-29-voa1-83134342/127732.html,"A Princess of Mars, Part Two",American Stories,2007-03-10,VOA Learning English,0,,1590,9.14,3.68,4,,1,,"ANNOUNCER: You have been listening to the Special English program, American Stories. This has been the second part of the story “A Princess of Mars” by Edgar Rice Burrows. This story was adapted for S",
https://learningenglish.voanews.com/a/a-23-2007-05-24-voa1-83133262/127346.html,Mason Bates Creates a 'Liquid Interface' Between Electronica and Classical Music,Arts & Culture,2007-05-24,VOA Learning English,0,,1053,10.86,7.69,5,hobbies_leisure,1,,,
https://learningenglish.voanews.com/a/a-23-2007-06-03-voa2-83132407/127036.html,Philip Roth: Writing Award-Winning Books for Almost 50 Years,,2007-06-03,VOA Learning English,0,,1467,10.79,6.59,4,hobbies_leisure,1,,The story caused a great dispute. Jewish religious leaders criticized it. They were angry that Roth wrote about a Jewish teenager who is aggressive and imperfect. These people thought Roth violated hi,
https://learningenglish.voanews.com/a/a-23-2007-07-19-voa2-83131987/126908.html,Junior Achievement Teaches Business Skills to Young People,Economics Report,2007-07-19,VOA Learning English,0,,376,11.39,9.6,6,,1,,,
https://learningenglish.voanews.com/a/a-23-2007-08-01-voa1-83132727/127146.html,American History Series: Bill Clinton Begins His First Term in 1993,U.S. History,2007-08-01,VOA Learning English,0,,1306,10.05,9.76,6,,1,,,
https://learningenglish.voanews.com/a/a-23-2007-12-04-voa2-83132642/127114.html,Controlling Cholera May Be Easier Than Thought,Health Report,2007-12-04,VOA Learning English,0,,422,12.06,8.66,5,,1,,,
https://learningenglish.voanews.com/a/a-23-2007-12-09-voa2-83134862/127880.html,A Quilt Exhibit Pieces Together a Story About American History,,2007-12-09,VOA Learning English,0,,1596,12.18,7.18,5,,1,,,
https://learningenglish.voanews.com/a/a-23-2007-12-17-voa2-83133487/127431.html,"What Diabetes Is, How It Is Treated, and What You Can Do to Prevent It",Science & Technology,2007-12-17,VOA Learning English,0,,1408,11.17,7.56,5,,1,,,
https://learningenglish.voanews.com/a/a-23-2008-01-13-voa2-83140297/129380.html,"Kids, Before the Age of TV There Was a Funny Thing Called Radio",,2008-01-13,VOA Learning English,0,,1604,8.49,4.9,4,family_friends,1,,,
https://learningenglish.voanews.com/a/a-23-2008-02-06-voa3-83136052/128302.html,"Hit: If a Student's Grades Hit Bottom, It Is Time to Hit the Books",Words and Their Stories,2008-02-02,VOA Learning English,0,,479,10.64,4.13,4,hobbies_leisure;study_work,1,,,language_learning
https://learningenglish.voanews.com/a/a-23-2009-01-21-voa1-83142202/113427.html,Foreign Student Series: Paying for School in the US,Education Report,2009-01-21,VOA Learning English,0,,396,12.77,9.98,6,study_work,1,,,
https://learningenglish.voanews.com/a/a-23-2009-05-27-voa2-83142772/130197.html,American History Series: Search for Gold Drives Settlers to the West,U.S. History,2009-05-27,VOA Learning English,0,,1452,10.45,6.18,4,,1,,,
https://learningenglish.voanews.com/a/a-23-2009-06-15-voa2-83142847/130224.html,"Sharks: A Bad Image, but Oceans Value Them",Science & Technology,2009-06-15,VOA Learning English,0,,1432,10.45,6.57,4,,1,,,nature_environment
https://learningenglish.voanews.com/a/a-23-2009-07-03-voa1-83144277/130622.html,China Delays Plan for Web-Blocking Software on New Computers,,2009-07-03,VOA Learning English,0,,497,12.74,9.68,6,,1,,,technology_devices
https://learningenglish.voanews.com/a/a-23-2009-07-12-voa3-83140397/129411.html,Health Insurance Eases Worries of Senegal's 'Market Women',Lessons of the Day,2009-07-12,VOA Learning English,0,,422,12.06,7.54,5,shopping,1,,,health_body
https://learningenglish.voanews.com/a/a-23-2010-01-04-voa2-84659167/111966.html,New Alliance to Study Greenhouse Gases in Agriculture,Environment & Science,2010-01-04,VOA Learning English,0,,370,11.94,9.54,6,study_work,1,,,
https://learningenglish.voanews.com/a/a-23-2010-01-17-voa1-84658937/116385.html,"Margaret Mead, 1901-1978: A Public Face of Anthropology",,2010-01-17,VOA Learning English,0,,1412,9.54,7.5,5,,1,,,
https://learningenglish.voanews.com/a/a-23-2010-02-10-voa2-84659437/115774.html,American History Series: The Election of 1868,U.S. History,2010-02-10,VOA Learning English,0,,1399,9.72,6.43,4,,1,,,
https://learningenglish.voanews.com/a/a-23-a-2001-09-24-2-1-83032362/118914.html,"AGRICULTURE REPORT – September 25, 2001: Plants that Absorb Metals - 2001-09-24",Environment & Science,2001-09-24,VOA Learning English,0,,399,12.09,7.49,5,,1,,,nature_environment
https://learningenglish.voanews.com/a/a-23-a-2002-01-30-12-1-83110082/117754.html,"November 4, 2001 - Slangman: Old Slang ('Little Red Riding Hood') - 2002-01-30",,2002-01-30,VOA Learning English,0,,800,14.55,5.7,4,,1,,,
https://learningenglish.voanews.com/a/a-23-a-2002-05-22-1-1-83111352/120134.html,"THE MAKING OF A NATION - May 23, 2002: The War in the Pacific - 2002-05-22",U.S. History,2002-05-22,VOA Learning English,0,,1168,9.82,8.17,5,,1,,,
https://learningenglish.voanews.com/a/a-23-a-2002-08-07-2-1-83108927/119657.html,"THE MAKING OF A NATION - August 8, 2002: Korean War - 2002-08-07",U.S. History,2002-08-07,VOA Learning English,0,,1328,9.22,6.68,4,,1,,,
https://learningenglish.voanews.com/a/a-23-a-2003-03-19-2-1-83115692/121388.html,"EDUCATION REPORT - March 20, 2003: Foreign Student Series #27 >Purdue University - 2003-03-19",Education Report,2003-03-19,VOA Learning English,0,,368,9.68,8.71,5,study_work,1,,,
https://learningenglish.voanews.com/a/a-23-a-2003-04-16-1-1-83117002/121651.html,"THE MAKING OF A NATION - April 17, 2003: Colonial Expansion >The South - 2003-04-16",U.S. History,2003-04-16,VOA Learning English,0,,1456,10.04,6.72,4,,1,,,
https://learningenglish.voanews.com/a/a-23-a-2003-08-26-1-1-83114432/121015.html,THIS IS AMERICA —  National Park System - 2003-08-26,,2003-08-26,VOA Learning English,0,,1375,9.17,7.05,5,,1,,,nature_environment
https://learningenglish.voanews.com/a/a-23-a-2003-09-04-2-1-83114842/121090.html,"EDUCATION REPORT — September 4, 2003: Home-Schooling - 2003-09-04",Education Report,2003-09-04,VOA Learning English,0,,366,10.17,8.75,5,study_work,1,,,housing_home
https://learningenglish.voanews.com/a/a-23-a-2003-10-05-1-1-83115097/121189.html,"DEVELOPMENT REPORT – October 6, 2003: UN Treaty Against Organized Crime - 2003-10-05",Lessons of the Day,2003-10-05,VOA Learning English,0,,389,12.16,9.2,6,,1,,,
https://learningenglish.voanews.com/a/a-23-a-2003-10-28-3-1-83117147/121713.html,EXPLORATIONS - Castillo de San Marcos - 2003-10-28,Explorations,2003-10-28,VOA Learning English,0,,1472,9.5,5.73,4,,1,,,
https://learningenglish.voanews.com/a/a-23-a-2003-11-26-1-1-83117262/121747.html,EDUCATION REPORT – Schoolyard Habitats - 2003-11-26,Education Report,2003-11-26,VOA Learning English,0,,374,10.11,8.1,5,daily_routine;study_work,1,,,
https://learningenglish.voanews.com/a/a-23-a-2003-11-30-2-1-83117447/121801.html,THIS IS AMERICA – Montpelier Gets a Facelift - 2003-11-30,,2003-11-30,VOA Learning English,0,,1303,8.92,8.13,5,,1,,,
https://learningenglish.voanews.com/a/a-23-a-2004-07-07-2-1-83122032/123143.html,EDUCATION REPORT – Study Gives High Marks to Teach for America - 2004-07-07,Education Report,2004-07-07,VOA Learning English,0,,383,11.26,8.55,5,study_work,1,,,
https://learningenglish.voanews.com/a/a-23-a-2004-11-13-1-1-83120627/122636.html,PEOPLE IN AMERICA - Oppenheimer and Fermi - 2004-11-13,,2004-11-13,VOA Learning English,0,,1304,9.06,8.52,5,,1,,"Like Mister Oppenheimer, Mister Fermi recognized the dangers of atomic energy. They both worried about the possible use of a hydrogen bomb. With another scientist Mister Fermi wrote a Nineteen-Forty-S",
https://learningenglish.voanews.com/a/a-23-a-2004-11-26-1-1-83121267/122807.html,American Mosaic - 2004-11-26,Arts & Culture,2004-11-26,VOA Learning English,0,,992,10.67,7.83,5,,1,,,
https://learningenglish.voanews.com/a/a-family-in-maine-hopes-to-build-the-world-s-tallest-flagpole/7168169.html,Family in Maine Hopes to Build World’s Tallest Flagpole,As It Is,2023-07-10,VOA Learning English,1,https://voa-audio.voanews.eu/vle/2023/07/07/01000000-0a00-0242-c2c7-08db7efeaf62.mp3,747,12.45,7.79,5,family_friends,0,wire_credit;wire_mention;third_party_media,David Sharp reported on this story for the Associated Press. John Russell adapted it for VOA Learning English.,
https://learningenglish.voanews.com/a/african-countries-face-some-risks-with-china-s-investments-/4482082.html,Africa Faces Some Risks with China’s Investments	,As It Is,2018-07-17,VOA Learning English,1,https://voa-audio.voanews.eu/vle/2018/07/13/e2bba4b7-22c0-4d6c-9443-5db5e6987862.mp3,934,13.54,9.76,6,,1,,Salem Solomon reported this story for VOA News. Mario Ritter adapted it for VOA Learning English. Kelly Jean Kelly was the editor.,
https://learningenglish.voanews.com/a/african-schools-debate-whether-to-teach-in-local-languages/4160694.html,African Schools Debate Whether to Teach in Local Languages,As It Is,2017-12-14,VOA Learning English,1,https://voa-audio.voanews.eu/vle/2017/12/12/9e26fda9-3e2e-47fc-ac63-2e04dd7c0e80.mp3,763,14.96,9.75,6,study_work,1,,Sofia Christensen wrote this story for VOANews.com. Phil Dierking adapted her story for Learning English. George Grow was the editor.,language_learning
https://learningenglish.voanews.com/a/airline-companies-begin-new-security-measures-for-flights-to-us/4086021.html,Airlines Begin New Security Measures for Flights to US,As It Is,2017-10-25,VOA Learning English,1,https://voa-audio.voanews.eu/vle/2017/10/25/60cfd7cd-8a96-404b-bec3-fb2593669033.mp3,632,12.64,10.06,6,travel_transport,0,wire_credit;wire_mention,The Associated Press reported on this story. Phil Dierking adapted the report for VOA Learning English. George Grow was the editor.,
https://learningenglish.voanews.com/a/airportsecuritymayhelpfightdisease-101980698/131444.html,Airport Security Idea Takes Flight in Study of Mummies and Diseases,,2010-09-01,Voice English,1,http://www.voanews.com/MediaAssets2/classroom/article_media/mars/mars_article_audio.mp3,432,13.5,9.94,6,study_work;travel_transport,0,byline_not_staff,,health_body
https://learningenglish.voanews.com/a/amazing-amazon-hides-coral-reef/3314107.html,Amazing Amazon Hides Atlantic's Coral Reef,Science & Technology,2016-05-08,VOA Learning English,1,https://voa-audio.voanews.eu/vle/2016/05/05/fff00567-7798-4e0f-a1b7-158a6c614b56.mp3,781,15.31,7.27,5,,1,,Anne Ball wrote this story. Hai Do was the editor.,
https://learningenglish.voanews.com/a/amazon-launches-e-book-lending-for-libraries-130532063/113193.html,Amazon Launches E-Book Lending for Libraries,Technology Report,2011-09-25,VOA Learning English,0,,495,15.97,9.49,6,hobbies_leisure,1,,,
https://learningenglish.voanews.com/a/american-jews-struggle-over-gaza-war/2440428.html,American Jews Struggle Over Gaza War,As It Is,2014-09-09,VOA Learning English,1,https://voa-audio.voanews.eu/lere/2014/09/05/b5172a9c-c656-4a70-a737-38c8e238b984.mp3,559,13.97,8.8,5,,1,,"This report was based on a story from VOA reporter Adam Phillips. It was written for Learning English by George Grow, and edited by Mario Ritter.",
https://learningenglish.voanews.com/a/american-women-soccer-players-reach-deal-over-equal-pay/6454340.html,American Women Soccer Players Reach Deal over Equal Pay,Arts & Culture,2022-02-22,VOA Learning English,1,https://voa-audio.voanews.eu/vle/2022/02/22/a7807d04-d490-409a-8dec-7f629d7e1245.mp3,559,10.75,7.37,5,,0,wire_credit;wire_mention,The Associated Press reported on this story. Ashley Thompson adapted it for VOA Learning English. _____________________________________________________________,money_banking
https://learningenglish.voanews.com/a/americans-approve-of-gene-editing-only-for-health-purposes/4729431.html,Study: Americans Approve of Gene Editing Only for Health Purposes,Science & Technology,2019-01-06,VOA Learning English,1,https://voa-audio.voanews.eu/vle/2019/01/04/34a8848b-ab0f-4997-97d9-0609ad16a4ca.mp3,645,15.36,9.83,6,study_work,0,wire_credit;wire_mention,"Lauran Neergaard, Carla K. Johnson and Hannah Fingerhut reported this story for the Associated Press. Pete Musto adapted it for VOA Learning English. Mario Ritter Jr. was the editor.",health_body
https://learningenglish.voanews.com/a/americas-fear-of-communism-in-1920-becomes-a-threat-to-rights-111561904/116001.html,American History: Fear of Communism in 1920 Threatens Civil Rights,U.S. History,2010-12-08,VOA Learning English,0,,1340,13.01,9.1,6,,1,,,
https://learningenglish.voanews.com/a/americas-national-parks-wrangell-st-elias-alaska/3381159.html,The Untouched Beauty of Wrangell-St. Elias National Park,America's National Parks,2016-06-17,VOA Learning English,1,https://voa-audio.voanews.eu/vle/2016/06/17/e4e3037c-ae2e-472b-82cc-f35e86208c35.mp3,934,9.34,7.15,5,,1,,"Ashley Thompson wrote this report, with materials from the National Park Service. Caty Weaver was the editor.",nature_environment
https://learningenglish.voanews.com/a/andy-warhol-1928-1987-the-father-of-pop-art-102220444/114131.html,"Andy Warhol, 1928-1987: The Father of Pop Art",,2010-09-04,VOA Learning English,0,,1465,11.36,7.89,5,family_friends;hobbies_leisure,1,,,
https://learningenglish.voanews.com/a/apple-tv-fire-tv-or-roku/3082835.html,"Apple TV, Fire TV or Roku?",,2015-12-02,VOA Learning English,1,https://voa-audio.voanews.eu/vle/2015/12/01/f768b3e4-91f1-4ffc-890c-fe9bd595538d.mp3,970,11.15,4.94,4,,1,,Carolyn Nicander Mohr wrote this story for Learning English. George Grow was the editor.,
https://learningenglish.voanews.com/a/are-very-small-nuclear-reactors-the-future-of-electricity-production-/6964292.html,Are Very Small Nuclear Reactors the Future of Electricity Production?,Science & Technology,2023-02-19,VOA Learning English,1,https://voa-audio.voanews.eu/vle/2023/02/16/01000000-0aff-0242-ebb6-08db10695f03.mp3,933,13.14,9.56,6,,0,wire_credit;third_party_media,Jennifer McDermott reported this story for the Associated Press. Hai Do adapted it for VOA Learning English.,
https://learningenglish.voanews.com/a/arrokoth-most-distant-space-object-ever-explored/5295235.html,Arrokoth: Most Distant Space Object Ever Explored,Science & Technology,2020-02-19,VOA Learning English,1,https://voa-audio.voanews.eu/vle/2020/02/19/5fef6f4a-79d9-4831-8702-dbadf9b899f8.mp3,505,15.3,9.49,6,,0,wire_credit,"Anne Ball wrote this story, with information from Reuters and VOA. The editor was George Grow.",
https://learningenglish.voanews.com/a/as-tensions-rise-canadian-colleges-confirm-indian-students-welcome/7303249.html,"As Tensions Rise, Canadian Colleges Confirm Indian Students Welcome",Education,2023-10-14,VOA Learning English,1,https://voa-audio.voanews.eu/vle/2023/10/10/01000000-0aff-0242-d489-08dbc98d5a20.mp3,577,14.43,11.53,7,study_work,0,wire_credit;wire_mention;third_party_media,"Nivedita Balu, Wa Lone, and Manoj Kumar reported this story for Reuters. Gena Bennett adapted it for VOA Learning English.",
https://learningenglish.voanews.com/a/asian-nations-feel-pressure-to-take-sides-in-south-china-sea-dispute/4945517.html,Asian Nations Feel Pressure to Take Sides in South China Sea Dispute,As It Is,2019-06-04,VOA Learning English,1,https://voa-audio.voanews.eu/vle/2019/06/04/810829f3-23f5-4f24-a943-7199acdf69a9.mp3,523,13.41,9.49,6,,1,,Ralph Jennings reported this story for VOA News. Bryan Lynn adapted it for Learning English. Hai Do was the editor.,
https://learningenglish.voanews.com/a/august-18-2022-day-in-photos/6707362.html,"August 18, 2022",The Day in Photos,2022-08-18,VOA Learning English,0,,11,11.0,,,,1,,,
https://learningenglish.voanews.com/a/august-25-2023-day-in-photos/7241708.html,"August 25, 2023",The Day in Photos,2023-08-25,VOA Learning English,0,,11,11.0,,,,1,,,
https://learningenglish.voanews.com/a/australia-s-native-species-under-threat/6329613.html,Australia's Native Species Under Threat,As It Is,2021-11-30,VOA Learning English,1,https://voa-audio.voanews.eu/vle/2021/11/29/811830d6-aca2-4ee1-b866-bf243ddaa422.mp3,365,15.21,11.97,7,,1,,Phil Mercer reported this story for Voice of America. Gregory Stachel adapted it for VOA Learning English. Bryan Lynn was the editor.,
https://learningenglish.voanews.com/a/average-weight-of-american-men-increases-7-kilograms-in-20-years/3458635.html,Average Weight of American Men Increased 7 Kilograms in 20 Years,Health & Lifestyle,2016-08-29,VOA Learning English,1,https://voa-audio.voanews.eu/vle/2016/08/10/151064f8-10eb-488b-afaa-d299ed78fbe7.mp3,364,13.0,8.51,5,,1,,This story was based on a report published on VOANews.com. Christopher Jones-Cruise adapted the report for Learning English. George Grow was the editor.,
https://learningenglish.voanews.com/a/birds-of-prey-in-decline-with-loss-of-habitat-/6080798.html,Birds of Prey in Decline with Loss of Habitat,Science & Technology,2021-09-06,VOA Learning English,1,https://voa-audio.voanews.eu/vle/2021/09/02/c0a5c0b8-3937-4507-aeff-e5115e0a4df8.mp3,518,15.24,10.4,6,daily_routine,0,wire_credit,Christina Larson reported on this story for the Associated Press. Jonathan Evans adapted this story for Learning English. Ashley Thompson was the editor.,animals_pets
https://learningenglish.voanews.com/a/black-gospel-music-museum-of-african-american-history-and-culture/1903965.html,Saving Black Gospel Music,As It Is,2014-05-05,VOA Learning English,1,https://voa-audio.voanews.eu/lere/2014/04/29/5d96abae-8763-46c7-be0e-75ef0434492f.mp3,10,2.0,5.25,4,hobbies_leisure,0,third_party_media,,money_banking
https://learningenglish.voanews.com/a/brazillians-reelect-dilma-rousseff-as-president/2497704.html,Brazilians Re-elect Dilma Rousseff as President,,2014-10-27,VOA Learning English,1,https://voa-audio.voanews.eu/vle/2014/10/27/2b2904fc-dedd-4355-86a1-f9098172d1e0.mp3,393,11.23,7.04,5,,1,,,
https://learningenglish.voanews.com/a/buddhist-temple-provides-food-for-community-and-nepalese-students/5779441.html, Buddhist Temple Provides Food for Community and Nepalese Students,As It Is,2021-02-21,VOA Learning English,1,https://voa-audio.voanews.eu/vle/2021/02/16/d1c78d65-8ef0-408b-859f-327b095fd7d9.mp3,680,13.33,8.79,5,food_restaurant;study_work,0,wire_mention;third_party_media,,
https://learningenglish.voanews.com/a/call-for-end-to-hate-racism-mtv-awards/4004260.html,"Calls for End of Hate, Racism at MTV Awards",What's Trending Today?,2017-08-28,VOA Learning English,1,https://voa-audio.voanews.eu/vle/2017/08/28/9c75f636-5e11-4cc4-8a65-3e5630adf01a.mp3,432,13.09,8.47,5,,0,wire_credit,Dan Friedell wrote this story for VOA Learning English based on reports by The Associated Press and Rolling Stone. Hai Do was the editor.,
https://learningenglish.voanews.com/a/cambodian-fishermen-catch-rare-giant-stingray-in-mekong-river/6568642.html,Cambodian Fishermen Catch Rare Giant Stingray in Mekong River,As It Is,2022-05-12,VOA Learning English,1,https://voa-audio.voanews.eu/vle/2022/05/12/a1b259b6-a166-4b1d-90bd-22c5b15423b5.mp3,373,13.81,9.54,6,,0,wire_credit;wire_mention,Reuters and Agence France-Presse reported on this story. Bryan Lynn adapted the reports for VOA Learning English.,nature_environment
https://learningenglish.voanews.com/a/cameron-time-wikileaks-leaders-face-rape-charges/3185079.html,Cameron: Time for WikiLeaks Leader to  Face Rape Charges,As It Is,2016-02-10,VOA Learning English,1,https://voa-audio.voanews.eu/vle/2016/02/10/59b14e6e-c376-49cc-b70e-05f8da922612.mp3,213,10.65,7.34,5,,1,,VOA correspondent Luis Ramirez reported on this story for VOANews.com. Bruce Alpert adapted this report for Learning English. George Grow was the editor.,
https://learningenglish.voanews.com/a/cameroon-building-classrooms-children-fleeing-boko-haram/2714505.html,Cameroon Building Classrooms for Students Fleeing Boko Haram,Education,2015-04-10,VOA Learning English,1,https://voa-audio.voanews.eu/vle/2015/04/10/af913cf3-5309-496a-a825-69fb369711d0.mp3,345,11.5,7.98,5,study_work,1,,Moki Edwin Kindzeka reported on this story for VOANews.com. Dr. Jill Robbins wrote it for Learning English. George Grow was the editor.,housing_home
https://learningenglish.voanews.com/a/can-clinton-win-a-third-term-for-democrats/3437453.html,Can Clinton Win a Third Term for Democrats?,,2016-07-27,VOA Learning English,0,,456,14.71,9.79,6,,0,third_party_media,Bruce Alpert reported this story for VOA Learning English. Hai Do was the editor.,
https://learningenglish.voanews.com/a/cancer-may-result-from-mixture-of-harmless-chemicals-health-and-lifestyle-report/2859982.html,Mixture of Safe Chemicals May Cause Cancer,Health & Lifestyle,2015-07-14,VOA Learning English,1,https://voa-audio.voanews.eu/vle/2015/07/13/5f2bf736-3c6a-4a7f-83b4-af8705017a70.mp3,493,12.32,8.22,5,,1,,VOA’s Jessica Berman reported on this story. Anna Matteo adapted it for Learning English. George Grow was the editor.,
https://learningenglish.voanews.com/a/candidates-supporters-seek-support-swing-states-clinton-trump-obama-biden/3585052.html,Candidates Busily Seeking Support in ‘Swing States’,As It Is,2016-11-07,VOA Learning English,1,https://voa-audio.voanews.eu/vle/2016/11/07/e120f06c-509b-494e-885d-b1bca5b19816.mp3,965,13.99,8.43,5,,1,,Bruce Alpert reported on this story for VOA Learning English. Mario Ritter was the editor.,
https://learningenglish.voanews.com/a/catholic-church-updates-click-to-pray-app/6280565.html,Catholic Church Updates ‘Click to Pray’ App,As It Is,2021-10-23,VOA Learning English,1,https://voa-audio.voanews.eu/vle/2021/10/21/5819c9cf-1f69-4ff1-9845-f99daadd3fbc.mp3,478,13.28,6.4,4,,0,wire_credit;wire_mention;third_party_media,"By Philip Pullella reported this story for Reuters news agency with additional content supplied by Antonio Denti. Anna Matteo adapted it for VOA Learning English. Mario Ritter, Jr. was the editor.",technology_devices
https://learningenglish.voanews.com/a/central-african-republic-losing-the-next-generation/2529468.html,Central African Republic Losing the Next Generation,,2014-11-25,VOA Learning English,1,https://voa-audio.voanews.eu/vle/2014/11/21/7750ac4a-3dc5-4bb8-9df3-5dcf557deeea.mp3,544,10.88,5.77,4,,1,,*This report was based on a story from reporter Katarina Hoiji in Bangui. Kelly Jean Kelly wrote the story for VOA Learning English. George Grow was the editor.,
https://learningenglish.voanews.com/a/china-economy-declines/3214549.html,Chinese Economy Continues Decline,As It Is,2016-03-01,VOA Learning English,1,https://voa-audio.voanews.eu/vle/2016/03/01/c9768fb6-a0d7-44aa-9568-666725ef287b.mp3,267,11.12,8.24,5,,1,,This report was based on a story from VOA News.com. Jim Dresbach adapted it for Learning English. Kathleen Struck was the editor.,
https://learningenglish.voanews.com/a/china-responds-earthquake-art-prosthetics-appeal-superheroes/1651937.html,"China Responds to a Major Earthquake, Art for Prosthetics and the Appeal of Superheroes",As It Is,2013-04-30,Mario Ritter,1,http://av.voanews.com/Videoroot/Archive/kaltura-test/VOA/VOA_-_Learning_English/mp3/2013/05/1_r8kp5dt9_1_r4mpmggs.mp3,10,2.0,5.25,4,hobbies_leisure,0,byline_not_staff,,
https://learningenglish.voanews.com/a/china-s-tiktok-keep-growing-among-us-youth/5314943.html,China's TikTok Keeps Growing Among US Youth,Science & Technology,2020-03-04,VOA Learning English,1,https://voa-audio.voanews.eu/vle/2020/03/04/fabbde53-dc62-406c-962d-39fc7b7abb86.mp3,687,13.74,9.25,6,,0,wire_credit;wire_mention;third_party_media,"Bryan Lynn wrote this story for VOA Learning English, based on reports from The Associated Press and Reuters, and information from Common Sense Media. Caty Weaver was the editor.",
https://learningenglish.voanews.com/a/china-un-billion-xi-territory-climate-change/2984718.html,China Promises One Billion to UN ,As It Is,2015-09-29,VOA Learning English,1,https://voa-audio.voanews.eu/vle/2015/09/29/6ef397ee-c862-450b-97a4-25c512f27c59.mp3,571,10.77,8.06,5,,1,,Carole Guensburg reported this story for VOA. Caty Weaver wrote it for Learning English. ­­­­­­­­­­­­­­Kathleen Struck was the editor.,
https://learningenglish.voanews.com/a/climate-change-may-affect-dengue-and-malaria-disease-risks/5583044.html,Climate Change May Affect Dengue and Malaria Disease Risks,As It Is,2020-09-20,VOA Learning English,1,https://voa-audio.voanews.eu/vle/2020/09/14/74ef02e6-0518-4601-b2be-5d115e2af45e.mp3,617,13.41,10.14,6,,1,,Asher Jones reported this story for VOA News. Alice Bryant adapted it for Learning English. Caty Weaver was the editor.,health_body;weather_seasons
https://learningenglish.voanews.com/a/climate-scientists-there-is-hope/6517776.html, Climate Scientists: There Is Hope,Science & Technology,2022-04-07,VOA Learning English,1,https://voa-audio.voanews.eu/vle/2022/04/06/d537faf2-3243-4c6e-9157-6a2f80981cc9.mp3,709,16.11,9.07,6,,0,wire_credit;wire_mention;third_party_media,Seth Borenstein and Frank Jordans reported this story for the Associated Press. Faith Pirlo adapted it for VOA Learning English.,weather_seasons
https://learningenglish.voanews.com/a/congressional-study-says-22-million-could-lose-health-insurance-under-senate-bill/3918585.html,22 Million Americans Could Lose Health Insurance Under Senate Bill,As It Is,2017-06-27,VOA Learning English,1,https://voa-audio.voanews.eu/vle/2017/06/27/e94948ef-8877-4c0d-800c-9c80dae44c25.mp3,440,13.75,8.63,5,,0,wire_credit,Olivia Liu adapted this story for Learning English from VOA News and AP reporting. Mario Ritter was the editor.,health_body
https://learningenglish.voanews.com/a/coronavirus-delays-us-citizenship-process-for-thousands/5439811.html,Coronavirus Delays US Citizenship Process for Thousands,As It Is,2020-05-31,VOA Learning English,1,https://voa-audio.voanews.eu/vle/2020/05/28/884059c5-d670-4538-845b-0110c481742e.mp3,598,14.24,9.68,6,,0,wire_credit;wire_mention,The Associated Press reported on this story. Bryan Lynn adapted the report for VOA Learning English. Ashley Thompson was the editor.,
https://learningenglish.voanews.com/a/coronavirus-moves-exercise-online/5373588.html,Exercise During the Pandemic,Health & Lifestyle,2020-04-27,VOA Learning English,0,,780,12.38,8.74,5,hobbies_leisure,0,wire_credit;wire_mention;third_party_media,The Associated Press and VOA News reported this story. Anna Matteo adapted the report for VOA Learning English. George Grow was the editor.,health_body
https://learningenglish.voanews.com/a/could-coronavirus-lead-to-a-decrease-in-international-students-in-america-/5410512.html,Could Coronavirus Lead to a Decrease in International Students in America?,Education,2020-05-16,VOA Learning English,1,https://voa-audio.voanews.eu/vle/2020/05/07/08fcae98-6e95-492f-bda5-fda2f256c7f3.mp3,784,14.0,9.9,6,study_work,1,,Pete Musto reported on this story for VOA Learning English. Ashley Thompson was the editor. We want to hear from you. Write to us in the Comments Section.,
https://learningenglish.voanews.com/a/creature-offers-clues-on-amphibian-evolution/7539157.html,Creature Offers Clues on Amphibian Evolution,Science & Technology,2024-03-25,VOA Learning English,1,https://voa-audio.voanews.eu/vle/2024/03/25/01000000-0aff-0242-184c-08dc4ccf5397.mp3,496,13.78,9.17,6,,0,wire_credit,Will Dunham reported this story for Reuters. Gregory Stachel adapted it for VOA Learning English.,
https://learningenglish.voanews.com/a/december-10-2020-day-in-photos/5694797.html,"December 10, 2020",The Day in Photos,2020-12-10,VOA Learning English,0,,0,0.0,,,,1,,,
https://learningenglish.voanews.com/a/developments-in-exoskeleton-technology-could-help-some-walk-again/4425559.html,Developments in Exoskeleton Technology Could Help Some Walk Again,Science & Technology,2018-06-12,VOA Learning English,1,https://voa-audio.voanews.eu/vle/2018/06/05/80c592c9-2a50-4b61-8d1b-4e1d762a6e87.mp3,506,13.68,9.5,6,,1,,Erika Celeste reported this story for VOA Learning English.com. Susan Shand adapted her report. The editor was George Grow.,technology_devices
https://learningenglish.voanews.com/a/dig-of-pompeii-fast-food-place-reveals-ancient-tastes/5716251.html,Dig of Pompeii Fast-Food Place Reveals Ancient Tastes,Arts & Culture,2020-12-31,VOA Learning English,1,https://voa-audio.voanews.eu/vle/2020/12/29/762c2894-6eb7-4f44-88a5-133cbb22a4d4.mp3,486,13.14,8.28,5,food_restaurant,0,wire_credit,The Associated Press reported this story. Ashley Thompson adapted it for VOA Learning English. Caty Weaver was the editor.,
https://learningenglish.voanews.com/a/dog-or-bread/3232407.html,'Dog or Bread?' Question Takes Over Twitter,What's Trending Today?,2016-03-11,VOA Learning English,1,https://voa-audio.voanews.eu/vle/2016/03/11/c10697df-17ea-4b2a-9085-8f0fdd4fb3b1.mp3,264,10.56,6.76,4,,1,,Ashley Thompson wrote this story for Learning English. George Grow was the editor.,animals_pets
https://learningenglish.voanews.com/a/dog-stops-traffic-on-san-francisco-bridge/3268507.html,What Was So Cute It Stopped Traffic in San Francisco?,What's Trending Today?,2016-04-04,VOA Learning English,1,https://voa-audio.voanews.eu/vle/2016/04/04/098f7e07-0238-4bb5-9257-270d1c664382.mp3,277,10.26,6.22,4,travel_transport,1,,Dan Friedell wrote this story for Learning English. Kathleen Struck was the editor.,
https://learningenglish.voanews.com/a/edward-kennedy-1932-2009-the-liberal-lion-of-the-senate-132323428/116611.html,"Edward Kennedy, 1932-2009: The 'Liberal Lion' of the Senate",,2011-10-21,VOA Learning English,0,,1525,13.74,9.25,6,,1,,,
https://learningenglish.voanews.com/a/edwin-hubble-changed-our-ideas-about-the-universe-and-its-birth/1537071.html,Edwin Hubble Changed Our Ideas About the Universe and Its Birth,Explorations,2012-10-31,VOA Learning English,0,,5,1.25,-0.94,4,,1,,,
https://learningenglish.voanews.com/a/electoral-college-officially-elects-biden-as-president/5699347.html,Electoral College Officially Elects Biden as US President,As It Is,2020-12-14,VOA Learning English,1,https://voa-audio.voanews.eu/vle/2020/12/14/c27c6665-7850-4e91-9ddb-924b0a3bb160.mp3,696,13.38,9.77,6,study_work,0,third_party_media,Hai Do wrote this story for VOA Learning English. Mario Ritter Jr. was the editor.,
https://learningenglish.voanews.com/a/endangered-butterfly-lives-on-military-base/5174277.html,Endangered Butterfly Lives on Military Base,As It Is,2019-12-01,VOA Learning English,1,https://voa-audio.voanews.eu/vle/2019/11/20/0273cbdd-07a9-4378-a4cd-9f8753940b5b.mp3,595,11.44,8.43,5,,0,wire_credit;wire_mention;third_party_media,Seth Borenstein reported on this story for the Associated Press. John Russell adapted it for Learning English. Caty Weaver was the editor.,
https://learningenglish.voanews.com/a/even-though-and-even-if/6385960.html,Even Though and Even If,Ask a Teacher,2022-01-06,,1,https://voa-audio.voanews.eu/vle/2022/01/06/69e47556-63e8-489c-b09e-95c14d66d10e.mp3,0,0.0,,,,0,byline_not_staff,,
https://learningenglish.voanews.com/a/everyday-grammar-disagreements-in-conversation/3725998.html,Disagreements in Everyday Conversation,Everyday Grammar,2017-02-16,VOA Learning English,1,https://voa-audio.voanews.eu/vle/2017/02/15/2984973e-c228-4f93-894f-118a0e5329d8.mp3,1164,10.21,5.69,4,daily_routine,1,,John Russell wrote this story for Learning English. Mario Ritter was the editor.,
https://learningenglish.voanews.com/a/explore-a-cave-without-going-inside/4921609.html,Explore a Cave without Going Inside,As It Is,2019-05-20,VOA Learning English,1,https://voa-audio.voanews.eu/vle/2019/05/17/d5831a15-85c8-40bb-9203-b1ffab73f25f.mp3,280,13.33,8.45,5,,0,wire_credit,The Reuters news agency reported this story. Jonathan Evans adapted the story for VOA Learning English. George Grow was the editor.,
https://learningenglish.voanews.com/a/facebook-twitter-identify-new-russia-linked-social-media-campaigns/5328135.html,"Facebook, Twitter Identify New Russia-linked Social Media Campaigns",Science & Technology,2020-03-17,VOA Learning English,1,https://voa-audio.voanews.eu/vle/2020/03/17/63624f77-4f2d-4cb0-8f44-6336340c157e.mp3,398,14.21,11.42,7,,0,wire_credit,"Bryan Lynn wrote this story for VOA Learning English, based on reports from The Associated Press, Reuters and Facebook. Ashley Thompson was the editor.",technology_devices
https://learningenglish.voanews.com/a/february-1-2024-day-in-photos/7467174.html,"February 1, 2024",The Day in Photos,2024-02-01,VOA Learning English,0,,11,11.0,,,,1,,,
https://learningenglish.voanews.com/a/february-20-2018-day-in-photos/4263030.html,"February 20, 2018",The Day in Photos,2018-02-20,VOA Learning English,0,,0,0.0,,,,1,,,
https://learningenglish.voanews.com/a/fighting-climate-change-important-to-obama/2935124.html,Fighting Climate Change Important to Obama,As It Is,2015-08-27,VOA Learning English,1,https://voa-audio.voanews.eu/vle/2015/08/27/d85c6350-875b-45d0-be56-b75a864db0aa.mp3,473,13.91,8.62,5,,1,,VOA White House Correspondent Aru Pande reported this story. Christopher Jones-Cruise adapted it for Learning English. Hai Do was the editor.,weather_seasons
https://learningenglish.voanews.com/a/fighting-obesity-is-a-complex-long-term-problem/2814620.html," Fighting Obesity Is a Long-term, Complex Problem",Health & Lifestyle,2015-06-09,VOA Learning English,1,https://voa-audio.voanews.eu/vle/2015/06/09/88997ddc-eca5-4d74-9ab9-51704ba10a1c.mp3,862,10.51,7.72,5,,0,third_party_media,Joe DeCapua reported this story. Anna Matteo adapted it for Learning English. Caty Weaver was the editor.,
https://learningenglish.voanews.com/a/final-thoughts-from-a-garden-expert/6372787.html,Final Thoughts from a Garden Expert,Health & Lifestyle,2022-01-10,VOA Learning English,1,https://voa-audio.voanews.eu/vle/2021/12/28/b3bd8cac-8a9a-495c-b4a7-17e9d3b21218.mp3,966,12.88,5.58,4,hobbies_leisure,0,wire_credit;third_party_media,Dan Friedell adapted this story for Learning English based on a story by Lee Reich of the Associated Press.,
https://learningenglish.voanews.com/a/finnish-researchers-grow-coffee-in-a-lab/6271165.html,Finnish Researchers Grow Coffee in a Lab,Science & Technology,2021-10-17,VOA Learning English,1,https://voa-audio.voanews.eu/vle/2021/10/14/905da0e5-865b-4bf2-958f-d249b775f4da.mp3,346,13.84,9.32,6,food_restaurant,0,wire_credit;wire_mention,Reuters reported this story. Bryan Lynn adapted the report for VOA Learning English. Susan Shand was the editor.,
https://learningenglish.voanews.com/a/first-year-college-students-worry-what-fall-will-bring/5375184.html,First-Year College Students Worry What Fall Will Bring,Education,2020-04-18,VOA Learning English,1,https://voa-audio.voanews.eu/vle/2020/04/16/c88d1680-4dc5-4ba9-a33b-a572f27f1955.mp3,683,16.66,10.43,6,study_work,0,wire_credit;wire_mention,Pete Musto adapted this story for VOA Learning English using reports from the Associated Press. George Grow was the editor. We want to hear from you. Write to us in the Comments Section.,
https://learningenglish.voanews.com/a/five-common-holiday-plants-and-how-to-care-for-them/6873792.html,Five Common ‘Holiday’ Plants and How to Care for Them,Health & Lifestyle,2022-12-19,VOA Learning English,1,https://voa-audio.voanews.eu/vle/2022/12/13/03370000-0aff-0242-f370-08dadca8b7c3.mp3,633,10.91,5.84,4,travel_transport,0,wire_mention;third_party_media,,festivals_holidays;nature_environment
https://learningenglish.voanews.com/a/floodweaters-threaten-famous-american-home/2857059.html,Floodwaters Threaten Famous American Home,As It Is,2015-07-17,VOA Learning English,1,https://voa-audio.voanews.eu/vle/2015/07/10/e3ee2c23-2298-477d-a022-d7a7fabc013d.mp3,480,9.8,5.98,4,,1,,"Kane Farabaugh reported this story from Plano, Illinois. Marsha James adapted it for Learning English. Caty Weaver was the editor.",housing_home
https://learningenglish.voanews.com/a/former-aide-trump-dismissed-threat-of-violence-on-jan-6/6637056.html,Former Aide: Trump Dismissed Threat of Violence on Jan. 6,As It Is,2022-06-28,VOA Learning English,1,https://voa-audio.voanews.eu/vle/2022/06/28/10060000-0aff-0242-1110-08da59609018.mp3,694,14.77,9.64,6,,0,third_party_media,Hai Do wrote this report for VOA Learning English.,
https://learningenglish.voanews.com/a/france-shuts-down-as-nationwide-strike-protests-begin/5194482.html,"France Shuts Down As Nationwide Strike, Protests Begin",As It Is,2019-12-05,VOA Learning English,1,https://voa-audio.voanews.eu/vle/2019/12/05/868f8bee-a59b-4dd0-90e4-64a0a3d4e5f9.mp3,661,13.22,8.83,5,,0,wire_credit;wire_mention,The Associated Press reported this story. Ashley Thompson adapted it for VOA Learning English. George Grow was the editor.,
https://learningenglish.voanews.com/a/freezing-in-the-alps-migrants-find-warm-locals/6364072.html,"Freezing in the Alps, Migrants Find Warm Locals",As It Is,2021-12-25,VOA Learning English,1,https://voa-audio.voanews.eu/vle/2021/12/23/878c290e-81d8-45a5-bace-4b6aa5e63e1c.mp3,439,14.63,7.7,5,,0,wire_credit;third_party_media,"John Leicester reported this story for The Associated Press. Gregory Stachel adapted it for VOA Learning English. Mario Ritter, Jr. was the editor.",
https://learningenglish.voanews.com/a/from-the-us-to-ghana-a-taste-of-home-in-the-homeland/5090652.html,"From the US to Ghana, a Taste of Home in the Homeland",As It Is,2019-09-22,VOA Learning English,1,https://voa-audio.voanews.eu/vle/2019/09/19/604de4a4-53f1-4e98-86f7-64748fa8c5cb.mp3,477,17.04,8.49,5,,1,,VOA’s Stacey Knott reported this story. Susan Shand adapted it for VOA Learning English. Mario Ritter Jr. was the editor.,housing_home
https://learningenglish.voanews.com/a/girls-still-1st-to-be-denied-education/3223279.html,World Fails to Educate Its Girls,As It Is,2016-03-07,VOA Learning English,1,https://voa-audio.voanews.eu/vle/2016/03/07/591607dd-6f7f-43c7-a88b-7fb11121e49e.mp3,586,16.28,10.11,6,,1,,Bruce Alpert reported on this story for VOA Learning English. Kathleen Struck was the editor.,
https://learningenglish.voanews.com/a/gods-double-agent/1781852.html,Bob Fu Describes Life as a Christian in China,As It Is,2013-11-03,VOA Learning English,1,https://voa-audio.voanews.eu/lere/2013/11/01/0a5a38e3-72a8-4434-840b-2e4927a28cbc.mp3,10,2.0,5.25,4,,1,,,
https://learningenglish.voanews.com/a/google-faces-heat-over-new-privacy-policy-138752159/117025.html,Google Faces Heat Over New Privacy Policy,Technology Report,2012-02-05,VOA Learning English,0,,512,14.22,9.29,6,,1,,,
https://learningenglish.voanews.com/a/google-s-search-engine-at-center-of-antitrust-trial/7265268.html,Google's Search Engine at Center of Antitrust Trial,Science & Technology,2023-09-12,VOA Learning English,1,https://voa-audio.voanews.eu/vle/2023/09/12/01000000-0a00-0242-d802-08dbb3c5ff70.mp3,501,15.66,10.14,6,,0,wire_credit,Hai Do adapted this report for VOA Learning English from Associated Press sources.,
https://learningenglish.voanews.com/a/greek-spending-cuts-clear-way-for-loans-124827229/113151.html,Greek Spending Cuts Clear Way for Loans,Economics Report,2011-07-01,VOA Learning English,0,,497,10.8,8.47,5,shopping,1,,,
https://learningenglish.voanews.com/a/growing-plants-to-save-australia-s-koalas/7366234.html,Growing Plants to Save Australia's Koalas,Science & Technology,2023-12-05,VOA Learning English,1,https://voa-audio.voanews.eu/vle/2023/11/22/01000000-c0a8-0242-bee2-08dbeb9f0594.mp3,378,15.75,10.25,6,,0,wire_credit,Jill Gralow reported this story for Reuters. Gena Bennett adapted it for VOA Learning English.,nature_environment
https://learningenglish.voanews.com/a/haiti-s-leader-to-resign-amid-gang-violence/7524557.html,Haiti's Leader to Resign amid Gang Violence,As It Is,2024-03-12,VOA Learning English,1,https://voa-audio.voanews.eu/vle/2024/03/12/01000000-0aff-0242-2ef1-08dc42c9ddee.mp3,529,13.22,9.93,6,,0,wire_credit;wire_mention;third_party_media,Hai Do adapted this story for Learning English based on reporting from The Associated Press and Reuters.,
https://learningenglish.voanews.com/a/heavy-fighting-in-ukraine-s-russian-occupied-south/6722889.html,Heavy Fighting in Ukraine’s Russian-occupied South,As It Is,2022-08-30,VOA Learning English,1,https://voa-audio.voanews.eu/vle/2022/08/30/01a10000-0aff-0242-b52c-08da8abd8aae.mp3,408,16.32,11.22,7,,0,wire_credit;wire_mention,Paul Byrne reported this story for The Associated Press. Hai Do adapted the story for Learning English.,
https://learningenglish.voanews.com/a/hospitals-cameroon-birth-control/1825363.html,Cameroon Turns Against Illegal Hospitals,As It Is,2014-01-16,VOA Learning English,1,https://voa-audio.voanews.eu/lere/2014/01/07/bbc4b093-b9c1-4c53-919d-1ecdb3f7265c.mp3,10,2.0,5.25,4,,1,,,health_body
https://learningenglish.voanews.com/a/hourly-newscast-in-english/3359299.html,2000 UTC Hourly Newscast in English,,2016-06-02,VOA Learning English,1,https://voa-audio.voanews.eu/vle/2016/06/02/fe2ce36c-36ee-412a-9060-24d61e4a6f8e.mp3,292,10.07,8.58,5,,1,,,language_learning
https://learningenglish.voanews.com/a/how-the-technology-industry-is-helping-refugees/3574767.html,How the Technology Industry is Helping Refugees,As It Is,2016-11-02,VOA Learning English,1,https://voa-audio.voanews.eu/vle/2016/11/02/7f62290f-9908-4f07-b6fe-739dcfc76e4c.mp3,1019,14.99,10.28,6,,0,third_party_media,Alice Bryant wrote this story for Learning English. George Grow was the editor.,technology_devices
https://learningenglish.voanews.com/a/how-to-plant-flowers-in-a-container/7119320.html,How to Plant Flowers in a Container,Health & Lifestyle,2023-06-01,,1,https://voa-audio.voanews.eu/vle/2023/06/01/01000000-c0a8-0242-f6d8-08db62e6b9b5.mp3,0,0.0,,,,0,byline_not_staff,,nature_environment
https://learningenglish.voanews.com/a/how-to-say-i-m-not-surprised-/5117391.html,How to Say 'I'm Not Surprised',Everyday Grammar,2019-10-10,VOA Learning English,1,https://voa-audio.voanews.eu/vle/2019/10/09/cb302ea2-a4f3-45fc-b252-1f2de76c1cdd.mp3,640,10.67,6.1,4,,1,,Jill Robbins wrote this story for Learning English. George Grow was the editor.,
https://learningenglish.voanews.com/a/in-class-with-peace-corps-volunteers-in-africa-asia-117274723/113761.html,"In Class With Peace Corps Volunteers in Africa, Asia",Education Report,2011-03-02,VOA Learning English,1,http://www.voanews.com/MediaAssets2/learningenglish/2011_03/se-ed-peace-corps-50th-03mar11.mp3,540,12.86,8.26,5,,1,,,
https://learningenglish.voanews.com/a/in-teaching-online-educators-learn-as-they-go/6232845.html,"In Teaching Online, Educators Learn as They Go",Education,2021-09-21,VOA Learning English,1,https://voa-audio.voanews.eu/vle/2021/09/17/60779fd8-59ec-47b8-96d7-8e0e8faabfa9.mp3,782,15.04,8.91,5,,0,third_party_media,,technology_devices
https://learningenglish.voanews.com/a/in-the-news-february-24/2657192.html,Islamic State Kidnaps 90 Assyrian Christians,,2015-02-24,VOA Learning English,1,https://voa-audio.voanews.eu/vle/2015/02/24/464b1ec6-d7a0-471a-a890-e30d45a0cfb1.mp3,481,12.03,9.54,6,,1,,,
https://learningenglish.voanews.com/a/in-the-news-may-6/2753177.html,Kerry in Saudi Arabia to Discuss Yemen Crisis,,2015-05-06,VOA Learning English,1,https://voa-audio.voanews.eu/vle/2015/05/06/e1d7e95f-eda3-42e9-81d1-b84995f7bc86.mp3,393,12.28,9.26,6,,1,,,
https://learningenglish.voanews.com/a/in-trade-dispute-china-put-import-taxes-on-us-goods/4329125.html,"In Trade Dispute, China Put Import Taxes on US Goods ",As It Is,2018-04-02,VOA Learning English,1,https://voa-audio.voanews.eu/vle/2018/04/02/f3d6142d-b47a-458e-8bd7-d3f7d3a73848.mp3,608,13.22,9.07,6,,0,wire_mention,,
https://learningenglish.voanews.com/a/international-students-face-uncertain-job-market-at-home-in-us/7655195.html,"International Students Face Uncertain Job Market at Home, in US",Education,2024-06-14,,1,https://voa-audio.voanews.eu/vle/2024/06/13/01000000-0a00-0242-5bdf-08dc8bf06af6.mp3,0,0.0,,,shopping;study_work,0,byline_not_staff,,housing_home
https://learningenglish.voanews.com/a/iran-denies-involvement-in-attack-on-writer-salman-rushdie/6702217.html,Iran Denies Involvement in Attack on Writer Salman Rushdie,As It Is,2022-08-15,VOA Learning English,1,https://voa-audio.voanews.eu/vle/2022/08/15/01630000-0aff-0242-2b5c-08da7ee6fdf7.mp3,580,12.89,8.87,5,,0,wire_credit;third_party_media,Dan Novak adapted this story for VOA Learning English based on reporting by The Associated Press.,
https://learningenglish.voanews.com/a/iran-promises-to-answer-us-killing-of-top-general/5230789.html,Iran Promises Revenge after US Killing of Top General,As It Is,2020-01-03,VOA Learning English,1,https://voa-audio.voanews.eu/vle/2020/01/03/7f6e6d65-f645-4e58-af0c-08f89174f190.mp3,576,10.87,9.16,6,,0,wire_credit,"Hai Do wrote this story for VOA Learning English with reporting from the Associated Press, Reuters and VOA. Mario Ritter Jr. was the editor.",
https://learningenglish.voanews.com/a/iran-vow-help-neighbors/3291874.html,"Iran Vows to Defend Mideast from Terrorism, Zionism",As It Is,2016-04-19,VOA Learning English,1,https://voa-audio.voanews.eu/vle/2016/04/19/5a2b8702-3c06-49f4-a3ca-86c2ec32f0a7.mp3,213,11.83,9.08,6,,0,wire_credit,The Associated Press contributed to this article. Jim Dresbach adapted this story for Learning English and VOANews.com. Kathleen Struck was the editor.,
https://learningenglish.voanews.com/a/iraqi-kurd-president-says-town-of-sinjar-taken-from-islamic-state-grouop/3056562.html,Iraqi Kurd Chief Says Sinjar Taken from Islamic State,As It Is,2015-11-13,VOA Learning English,1,https://voa-audio.voanews.eu/vle/2015/11/13/e67a5685-009b-4618-b49f-7e2ddb910460.mp3,610,14.52,10.44,6,,0,wire_mention,"This story is based on reports from Ken Bredemeier, Mike Richman, Chris Hannas, Margaret Besheer, and Ed Yeranian.",
https://learningenglish.voanews.com/a/irregular-vs-abnormal/7008116.html,Irregular vs. Abnormal,Ask a Teacher,2023-03-17,VOA Learning English,1,https://voa-audio.voanews.eu/vle/2023/03/16/01000000-0aff-0242-5426-08db26409ea4.mp3,520,10.2,7.58,5,,1,,,
https://learningenglish.voanews.com/a/is-elon-musk-worth-55-8-billion-to-tesla-/7467089.html,Is Elon Musk Worth $55.8 Billion to Tesla?,As It Is,2024-02-03,VOA Learning English,1,https://voa-audio.voanews.eu/vle/2024/02/02/01000000-0a00-0242-1087-08dc2416570d.mp3,790,15.19,8.83,5,,0,wire_credit;wire_mention;third_party_media,"Hai Do adapted this report for VOA Learning English from The Associated Press, Reuters and other sources.",
https://learningenglish.voanews.com/a/is-fighter-executes-his-mother-in-syrian-town-square/3138240.html,IS Fighter Executes His Mother in Syrian Town Square,,2016-01-09,VOA Learning English,1,https://voa-audio.voanews.eu/vle/2016/01/11/ed5ca9cd-15e2-495b-8807-2bc75ae3a62b.mp3,370,11.94,7.66,5,family_friends,1,,VOA News reported this story. Hai Do adapted it. Kathleen Struck was the editor.,
https://learningenglish.voanews.com/a/is-there-a-better-way-to-track-passenger-plane/2607915.html,Is There a Better Way to Track Passenger Planes?,Science & Technology,2015-01-26,VOA Learning English,1,https://voa-audio.voanews.eu/vle/2015/01/23/07d8bc42-42df-4219-b176-80ecc53c1d0f.mp3,561,12.2,9.76,6,travel_transport,0,wire_credit,VOA Correspondent Carolyn Persutti reported this story from Washington. We also used information from The Financial Times and the Reuters news agency. Jonathan Evans wrote the story for VOA Learning E,
https://learningenglish.voanews.com/a/islamic-state-widow-shames-is-leaders/3177161.html,Islamic State Widow Shames IS Leaders Online,As It Is,2016-02-07,VOA Learning English,1,https://voa-audio.voanews.eu/vle/2016/02/05/51ab1ff3-cd51-420c-86bc-8ed397099b9c.mp3,395,13.62,9.2,6,,1,,VOA correspondent Jamie Dettmer reported this story from Rome. Ashley Thompson adapted it for Learning English. Kathleen Struck was the editor.,technology_devices
https://learningenglish.voanews.com/a/jack-o--lantern-why-is-it-named-jack-/5630153.html,Jack-o'-Lantern: Why Is It Named 'Jack'?,Words and Their Stories,2020-10-24,VOA Learning English,1,https://voa-audio.voanews.eu/vle/2020/10/21/c1a627ab-b61c-456e-b202-40227898d6d9.mp3,579,12.06,6.74,4,,1,,Anna Matteo wrote this story for Learning English with information from Encyclopedia Britannica. George Grow was the editor.,
https://learningenglish.voanews.com/a/james-brown-1933-2006-the-godfather-of-soul-93787919/115440.html,"James Brown, 1933-2006: The Godfather of Soul",,2010-05-14,VOA Learning English,0,,1134,11.23,6.47,4,,1,,,
https://learningenglish.voanews.com/a/japan-outlaw-child-pornography/1955140.html,Japan Outlaws Owning Child Pornography,As It Is,2014-07-15,VOA Learning English,1,https://voa-audio.voanews.eu/lere/2014/07/10/485930e2-4b50-4ae9-a487-d4d1f788ec10.mp3,501,10.44,8.64,5,,1,,,
https://learningenglish.voanews.com/a/japan-suspends-use-of-some-moderna-vaccine-supply-/6079228.html,Japan Suspends Use of Some Moderna Vaccine Supply,As It Is,2021-08-30,,1,https://voa-audio.voanews.eu/vle/2021/08/30/3feee4b7-d0c0-44c3-b7e4-e24031a9f992.mp3,0,0.0,,,,0,byline_not_staff,,
https://learningenglish.voanews.com/a/japanese-engineer-builds-gundam-robot/4354474.html,Japanese Engineer Builds Huge Robot of His Dreams,Science & Technology,2018-04-22,VOA Learning English,1,https://voa-audio.voanews.eu/vle/2018/04/18/79137394-eba9-4201-9cad-aeedb4d21594.mp3,345,11.9,8.82,5,,0,wire_credit;wire_mention,Megumi Lim reported this story for the Reuters news service. Pete Musto adapted it for VOA Learning English. Ashley Thomspon was the editor. We want to hear from you. How have artists and engineers wo,technology_devices
https://learningenglish.voanews.com/a/johnny-appleseed-american-frontier/1248938.html,How Johnny Appleseed Grew Into a Folk Hero,,2012-06-25,VOA Learning English,0,,5,1.25,-0.94,4,,1,,,
https://learningenglish.voanews.com/a/july-11-2024-day-in-photos/7694527.html,"July 11, 2024",The Day in Photos,2024-07-11,VOA Learning English,0,,11,11.0,,,,1,,,
https://learningenglish.voanews.com/a/july-14-2022-day-in-photos/6659142.html,"July 14, 2022",The Day in Photos,2022-07-14,VOA Learning English,0,,11,11.0,,,,1,,,
https://learningenglish.voanews.com/a/june-11-2018-day-in-photos/4434221.html,"June 11, 2018",The Day in Photos,2018-06-11,VOA Learning English,0,,0,0.0,,,,1,,,
https://learningenglish.voanews.com/a/june-12-2023-day-in-photos/7134044.html,"June 12, 2023",The Day in Photos,2023-06-12,VOA Learning English,0,,11,11.0,,,,1,,,
https://learningenglish.voanews.com/a/june-26-2018-day-in-photos/4455873.html,"June 26, 2018",The Day in Photos,2018-06-26,VOA Learning English,0,,0,0.0,,,,1,,,
https://learningenglish.voanews.com/a/kansas-teenagers-out-of-governor-race/4519276.html,Kansas Teenagers Out of Governor Race,As It Is,2018-08-08,VOA Learning English,1,https://voa-audio.voanews.eu/vle/2018/08/08/3fb5e841-929e-4ada-b458-c3fac05e2ada.mp3,405,13.06,8.91,5,,1,,Esha Sarai wrote this report for VOA News. Ashley Thompson adapted it for Learning English. Hai Do was the editor.,
https://learningenglish.voanews.com/a/land-dispute-violence-uganda/2461346.html,Land Disputes Lead to Violence in Uganda,As It Is,2014-09-28,VOA Learning English,1,https://voa-audio.voanews.eu/vle/2014/09/26/de337a18-7c64-44f9-b31d-586d32a6dde9.mp3,544,11.83,7.11,5,,1,,"*This story came from reporter Lizabeth Paulat, in Hoima, Uganda. Marsha James adapted it for VOA Learning English. George Grow was the editor.",
https://learningenglish.voanews.com/a/lawyers-in-cameroon-are-fighting-the-justice-system/3600857.html,Lawyers in Cameroon Are Fighting the Justice System,As It Is,2016-11-17,VOA Learning English,1,https://voa-audio.voanews.eu/vle/2016/11/16/7f60aae7-8ac0-44c0-8c17-ceed417cea99.mp3,553,14.55,9.16,6,,1,,Moki Edwin Kindzeka reported this story from Cameroon. Christopher Jones-Cruise adapted his report for Learning English. George Grow was the editor.,
https://learningenglish.voanews.com/a/lets-learn-english-level-2-lesson-4-run-away-with-the-circus/4034187.html,Lesson 4: Run Away With the Circus!,Let's Learn English - Level 2,2018-09-28,VOA Learning English,1,https://voa-audio.voanews.eu/vle/2017/09/19/56dbc988-a70f-4417-8668-c3916f6b73e7.mp3,754,5.98,3.1,2,,1,,,
https://learningenglish.voanews.com/a/libya-fighting-threatens-nearby-countries/2566189.html,UN: Fighting in Libya Threatens Countries Nearby,As It Is,2014-12-23,VOA Learning English,1,https://voa-audio.voanews.eu/vle/2014/12/24/daa766cd-777d-4831-a980-bb7ed88d9fc7.mp3,608,12.67,8.0,5,,1,,Heather Murdock reported this story for VOA News. Jill Robbins wrote it for VOA Learning English. Caty Weaver edited it. ______________________________________________________________,
https://learningenglish.voanews.com/a/london-is-still-considered-the-worlds-top-financial-center/4025689.html,London is Still Considered World’s Top Financial Center,As It Is,2017-09-13,VOA Learning English,1,https://voa-audio.voanews.eu/vle/2017/09/13/155b8b36-4891-4842-9f89-25396c902d56.mp3,381,12.7,8.32,5,,0,wire_credit,The Reuters news agency reported this story from London and Frankfurt. Christopher Jones-Cruise adapted the report for Learning English. George Grow was the editor.,
https://learningenglish.voanews.com/a/longleaf-pine-trees-give-us-more-than-just-wood/5850380.html,Longleaf Pine Trees Give Us More than Just Wood,Health & Lifestyle,2021-04-12,,1,https://voa-audio.voanews.eu/vle/2021/04/12/d072e845-7040-4331-bd84-6b288a214687.mp3,0,0.0,,,,0,byline_not_staff,,nature_environment
https://learningenglish.voanews.com/a/looking-to-robots-and-other-technology-to-improve-health-care-112802519/115124.html,Looking to Robots and Other Technology to Improve Health Care,Technology Report,2011-01-03,VOA Learning English,0,,373,10.36,9.65,6,,1,,,health_body;technology_devices
https://learningenglish.voanews.com/a/mandatory-compulsory-and-obligatory-/7255593.html,"Mandatory, Compulsory and Obligatory ",Ask a Teacher,2023-09-08,VOA Learning English,1,https://voa-audio.voanews.eu/vle/2023/09/05/01000000-0aff-0242-5e1c-08dbae5431f1.mp3,450,10.0,7.53,5,,1,,,
https://learningenglish.voanews.com/a/march-11-2022-day-in-photos/6481436.html,"March 11, 2022",The Day in Photos,2022-03-11,VOA Learning English,0,,0,0.0,,,,1,,,
https://learningenglish.voanews.com/a/march-9-2021-day-in-photos/5808061.html,"March 9, 2021",The Day in Photos,2021-03-09,VOA Learning English,0,,0,0.0,,,,1,,,
https://learningenglish.voanews.com/a/may-15-2014-day-in-photos/1915630.html,"May 15, 2014",The Day in Photos,2014-05-15,VOA Learning English,0,,0,0.0,,,,1,,,
https://learningenglish.voanews.com/a/media-companies-seek-new-rules-to-protect-content-from-ai-training/7229749.html,Media Companies Seek New Rules to Protect Content from AI Training,Science & Technology,2023-08-23,VOA Learning English,1,https://voa-audio.voanews.eu/vle/2023/08/23/01000000-0aff-0242-df8c-08dba3e96d1e.mp3,584,17.7,11.82,7,,0,wire_credit;wire_mention,"Bryan Lynn wrote this story for VOA Learning English, based on reports from The Associated Press, Reuters and Agence France-Presse.",
https://learningenglish.voanews.com/a/messaging-technology-is-helping-fuel-worldwide-protests/5457237.html,Messaging Technology Is Helping Fuel Worldwide Protests,As It Is,2020-06-11,VOA Learning English,1,https://voa-audio.voanews.eu/vle/2020/06/10/32bfb163-ece5-49dc-8b63-80c56a14e94c.mp3,709,16.88,10.87,6,,0,wire_credit;wire_mention,Barbara Ortutay and Amanda Seitz reported on this story for the Associated Press. Pete Musto adapted this story for VOA Learning English. Bryan Lynn was the editor. We want to hear from you. Write to ,technology_devices
https://learningenglish.voanews.com/a/mexican-immigrants-lowest-in-40-years/3106063.html,Mexican Immigration to US Lowest in 40 Years,As It Is,2015-12-19,VOA Learning English,1,https://voa-audio.voanews.eu/vle/2015/12/16/89b7cde6-2dfb-4c4d-8479-35b9a2cc6f5d.mp3,340,9.71,6.07,4,,0,wire_credit,Dan Friedell wrote this story for VOA Learning English. His report was based on stories from VOANews.com and Reuters. Kathleen Struck was the editor.,
https://learningenglish.voanews.com/a/more-us-universities-deliver-climate-change-programs/7624505.html,More US Universities Deliver Climate Change Programs,Education,2024-05-23,,1,https://voa-audio.voanews.eu/vle/2024/05/23/01000000-0aff-0242-b131-08dc7b5df8a6.mp3,0,0.0,,,study_work,0,byline_not_staff,,weather_seasons
https://learningenglish.voanews.com/a/nasa-paints-pluto-wild-with-color/3065467.html,NASA Paints Pluto Wild With Color,Science & Technology,2015-11-29,VOA Learning English,1,https://voa-audio.voanews.eu/vle/2015/11/30/e71d4923-f26b-4818-a4de-f16ac4930f4b.mp3,132,9.43,7.75,5,hobbies_leisure,1,,Anne Ball reported this story. Kathleen Struck was the editor.,health_body
https://learningenglish.voanews.com/a/native-american-mascots-redface-logos-are-slowly-disappearing/4837631.html,"Native American Mascots, Redface, Logos Are Slowly Disappearing",Arts & Culture,2019-03-24,VOA Learning English,1,https://voa-audio.voanews.eu/vle/2019/03/19/5cd1a425-466b-4316-844a-1604ca89b953.mp3,769,14.51,9.62,6,,0,wire_mention,,
https://learningenglish.voanews.com/a/native-taiwanese-fear-rights-bill-will-be-ignored/3067050.html,Native Rights Bill in Taiwan Loses Support,As It Is,2015-11-26,VOA Learning English,1,https://voa-audio.voanews.eu/vle/2015/11/20/4140d352-f897-4641-86ce-7417c68e1efb.mp3,392,13.52,8.34,5,,1,,This story was written by VOA News. Dan Friedell adapted it for Learning English. Kathleen Struck was the editor.,
https://learningenglish.voanews.com/a/new-us-congress-in-divided-government/4727794.html,New US Congress in Divided Government,As It Is,2019-01-03,VOA Learning English,1,https://voa-audio.voanews.eu/vle/2019/01/03/6934c622-46c7-4f02-9086-4947448b9ede.mp3,410,16.4,9.95,6,,1,,Hai Do wrote this story for Learning English. Ashley Thompson was the editor.,
https://learningenglish.voanews.com/a/new-york-museum-2001-terrorist-attacks-9-11/1919306.html,September 11 Museum Opens at Ground Zero,As It Is,2014-05-22,VOA Learning English,1,https://voa-audio.voanews.eu/lere/2014/05/21/3449df01-31b5-4d33-873a-2f9ef833672a.mp3,10,2.0,5.25,4,,1,,,
https://learningenglish.voanews.com/a/new-york-white-deer-at-risk/3065554.html,Freedom Threatens New York's White Deer,As It Is,2015-11-29,VOA Learning English,1,https://voa-audio.voanews.eu/vle/2015/11/20/ae6b0521-bfff-49d7-aeda-dc67d6dff0be.mp3,592,11.84,6.63,4,,0,wire_credit,Dan Friedell adapted this story for Learning English based on reporting from the Associated Press. Kathleen Struck was the editor.,
https://learningenglish.voanews.com/a/new-zealand-records-warmest-ever-june-as-ski-resorts-struggle/5954102.html,New Zealand Records Warmest-Ever June as Ski Resorts Struggle,As It Is,2021-07-05,,1,https://voa-audio.voanews.eu/vle/2021/07/05/be1e9ed3-2dc8-449d-8547-7da0cd0e3bf6.mp3,0,0.0,,,,0,byline_not_staff,,
https://learningenglish.voanews.com/a/november-14-2016-day-in-photos/3595716.html,"November 14, 2016",The Day in Photos,2016-11-14,VOA Learning English,0,,0,0.0,,,,1,,,
https://learningenglish.voanews.com/a/october-15-2020-day-in-photos/5623072.html,"October 15, 2020",The Day in Photos,2020-10-15,VOA Learning English,0,,0,0.0,,,,1,,,
https://learningenglish.voanews.com/a/oil-company-pay-for-pollution-in-nigeria/2670686.html,Oil Company Pays for Pollution in Nigeria,As It Is,2015-03-08,VOA Learning English,1,https://voa-audio.voanews.eu/vle/2015/03/06/cb6f8e25-2d29-49d4-9416-07a6d46229da.mp3,432,12.0,6.98,4,,1,,Reporter Chris Stein reported this story. Christopher Jones-Cruise wrote it for Learning English. George Grow was the editor.,nature_environment
https://learningenglish.voanews.com/a/oil-supply-swells-driving-prices-down/2589526.html,Oil Supply Swells Driving Prices Down ,As It Is,2015-01-08,VOA Learning English,1,https://voa-audio.voanews.eu/vle/2015/01/07/01da38fe-4e3e-4207-898f-3a86c91f0b8e.mp3,529,12.3,7.52,5,shopping,1,,VOA’s Victor Beattie provided material for this story. Mario Ritter wrote it for Learning English. Caty Weaver was the editor.,
https://learningenglish.voanews.com/a/one-minute-excercise/3306957.html,One Minute of Exercise May Be Worth It,Health & Lifestyle,2016-04-30,VOA Learning English,1,https://voa-audio.voanews.eu/vle/2016/04/28/eb678eaa-1196-4e40-b974-1ba441660471.mp3,249,11.86,7.47,5,hobbies_leisure,1,,Dan Friedell adapted this story for Learning English based on a report from VOANews.com. Mario Ritter was the editor.,
https://learningenglish.voanews.com/a/pakistan-afghan-border/4078088.html,Pakistan Builds Afghan Border Fence in Effort to Reduce Terrorist Attacks,As It Is,2017-10-21,VOA Learning English,1,https://voa-audio.voanews.eu/vle/2017/10/20/ba26091d-fdb3-4b20-a227-1f233042b925.mp3,605,14.4,10.84,6,,1,,Ayal Guz reported this story for VOANews.com. George Grow adapted his report for Learning English. Hai Do was the editor.,
https://learningenglish.voanews.com/a/pakistani-doctor-who-aided-hunt-for-bin-laden-forgotten-in-prison/4219277.html,"Pakistani Doctor, Who Aided Hunt for bin Laden, Forgotten in Prison",As It Is,2018-01-26,VOA Learning English,1,https://voa-audio.voanews.eu/vle/2018/01/23/134d9499-52f9-4356-a9ea-5ad057f8ec3c.mp3,591,11.37,8.11,5,,0,wire_credit;wire_mention,​Kathy Gannon wrote this story for the Associated Press. Phil​Dierking adapted this story for VOA Learning English. Hai Do was the editor.,health_body
https://learningenglish.voanews.com/a/play-for-millenials-board-games/1905750.html,Play for Millenials? Board Games,Arts & Culture,2014-05-02,VOA Learning English,1,https://voa-audio.voanews.eu/lere/2014/05/01/8e8faaf7-c3c5-4593-ad6b-7757f5efecb1.mp3,10,2.0,5.25,4,hobbies_leisure,1,,,
https://learningenglish.voanews.com/a/poetry-collection-brings-together-writings-about-pandemic/5409990.html,Poetry Collection Brings Together Writings about Pandemic,Arts & Culture,2020-05-10,VOA Learning English,1,https://voa-audio.voanews.eu/vle/2020/05/08/a1aa6da0-d801-4427-af53-e3f5deb96648.mp3,529,12.3,6.29,4,hobbies_leisure,0,wire_credit;wire_mention;third_party_media,The Associated Press reported this story. Ashley Thompson adapted it for VOA Learning English. George Grow was the editor.,
https://learningenglish.voanews.com/a/pope-francis-makes-first-africa-visit/3067357.html,Pope Francis Makes First Africa Visit,As It Is,2015-11-22,VOA Learning English,1,https://voa-audio.voanews.eu/vle/2015/11/20/c49457fd-8596-4579-b4e5-4996820b22ce.mp3,547,12.43,8.0,5,travel_transport,1,,Jill Craig and Anita Powell reported on this story for VOANews.com. Mary Gotschall adapted this story for Learning English. Kathleen Struck was the editor.,
https://learningenglish.voanews.com/a/proposal-to-create-whale-sanctuary-defeated/4570232.html,Proposal to Create Whale Sanctuary Defeated,As It Is,2018-09-13,VOA Learning English,1,https://voa-audio.voanews.eu/vle/2018/09/13/5e553f25-563a-46aa-93ba-298958cfd042.mp3,475,13.57,9.63,6,,0,wire_mention,,
https://learningenglish.voanews.com/a/quiz---schools-parents-disagree-over-bans-on-student-mobile-phones/6835305.html,"Quiz - Schools, Parents Disagree over Bans on Student Mobile Phones",,2022-11-15,VOA Learning English,0,,0,0.0,,,family_friends;study_work,1,,,technology_devices
https://learningenglish.voanews.com/a/quiz-muslim-students-in-india-fight-school-bans-on-head-coverings/6496057.html,Quiz - Muslim Students in India Fight School Bans on Head Coverings,,2022-03-22,VOA Learning English,0,,0,0.0,,,study_work,1,,,
https://learningenglish.voanews.com/a/rahm-emanuel-gets-ready-for-new-job-as-mayor-of-chicago-120570424/112544.html,Rahm Emanuel Gets Ready for New Job as Mayor of Chicago,,2011-04-24,VOA Learning English,0,,1537,11.56,7.9,5,study_work,1,,,
https://learningenglish.voanews.com/a/record-breaking-storm-floods-music-city-93893774/112413.html,Record-Breaking Storm Floods ‘Music City’,,2010-05-16,VOA Learning English,0,,1147,12.33,7.87,5,hobbies_leisure,1,,,weather_seasons
https://learningenglish.voanews.com/a/relationships-man-72-wants-to-drop-girlfriend/1146986.html,"Man, 72, France: His Girlfriend, 38, Doesn't Want to End Relationship",,2012-06-04,VOA Learning English,0,,5,1.25,-0.94,4,,1,,,
https://learningenglish.voanews.com/a/remembering-a-congressman-and-his-tireless-efforts-to-help-africa-141969293/610215.html,Remembering a Congressman and His Efforts to Help Africa,Arts & Culture,2012-03-08,VOA Learning English,0,,1307,10.89,6.87,4,,1,,,
https://learningenglish.voanews.com/a/report-43-000-estimated-dead-in-somalia-drought-last-year/7016508.html,"Report: 43,000 Estimated Dead in Somalia Drought Last Year",As It Is,2023-03-26,VOA Learning English,1,https://voa-audio.voanews.eu/vle/2023/03/22/01000000-0aff-0242-cf46-08db2af2d65e.mp3,448,14.93,9.99,6,,0,wire_credit;third_party_media,Cara Anna reported this story for The Associated Press. Gregory Stachel adapted it for VOA Learning English.,
https://learningenglish.voanews.com/a/report-facebook-twitter-took-down-pro-us-influence-campaign/6724282.html,"Report: Facebook, Twitter Took Down Pro-US Influence Campaign",Science & Technology,2022-08-31,VOA Learning English,1,https://voa-audio.voanews.eu/vle/2022/08/31/01a10000-0aff-0242-382f-08da8b79db8f.mp3,664,15.09,11.35,7,,1,,Michelle Quinn reported this story for VOA News. Bryan Lynn adapted the report for Learning English.,
https://learningenglish.voanews.com/a/researchers-lost-fishing-equipment-threatens-ocean-life/5913721.html,Researchers: Lost Fishing Equipment Threatens Ocean Life,As It Is,2021-06-02,VOA Learning English,1,https://voa-audio.voanews.eu/vle/2021/06/02/441474be-e959-4294-bd43-ec9089bf419b.mp3,630,14.0,9.35,6,hobbies_leisure,0,wire_credit;third_party_media,"Caleb Jones reported this story for the Associated Press. Dan Novak adapted it for VOA Learning English. ­­­­Mario Ritter, Jr. was the editor.",nature_environment
https://learningenglish.voanews.com/a/researchers-protecting-1-of-earth-s-surface-would-save-rare-wildlife/7676304.html,Researchers: Protecting 1% of Earth’s Surface Would Save Rare Wildlife,Science & Technology,2024-07-04,VOA Learning English,1,https://voa-audio.voanews.eu/vle/2024/06/27/01000000-0aff-0242-4695-08dc96e404b3.mp3,511,12.46,9.04,6,,0,wire_credit,Jake Spring reported this story for Reuters. Anna Matteo adapted it for VOA Learning English.,animals_pets
https://learningenglish.voanews.com/a/retirement-savings-rule-2-plan-for-your-future-goals-and-needs-133200148/113213.html,Retirement Savings Rule 2: Plan for Your Future Goals and Needs,Economics Report,2011-11-03,VOA Learning English,0,,506,12.34,8.6,5,,1,,,money_banking
https://learningenglish.voanews.com/a/reusing-pacemakers-could-improve-heart-care-in-developing-world-95353239/114918.html,Reused Pacemakers May Aid Heart Care in Developing World,Health Report,2010-06-01,VOA Learning English,0,,505,12.32,8.54,5,,1,,,
https://learningenglish.voanews.com/a/reuters-turkey-election/4416734.html,Kurds Criticizes Turkey’s Plan to Move Ballot Boxes,As It Is,2018-05-31,VOA Learning English,1,https://voa-audio.voanews.eu/vle/2018/05/31/681469f4-cb42-4e5f-af92-cf5371282e5f.mp3,446,15.38,9.22,6,,0,wire_credit,The Reuters news service reported this story. George Grow adapted the report for VOA Learning English. Ashley Thompson was the editor.,
https://learningenglish.voanews.com/a/rising-conservative-movement-in-brazil/4089001.html,Conservative Movement in Brazil Challenges Art Shows,As It Is,2017-11-01,VOA Learning English,1,https://voa-audio.voanews.eu/vle/2017/10/27/47f37b7d-0b4f-43d6-ad90-2050b4caf73e.mp3,768,13.24,9.07,6,hobbies_leisure,0,wire_credit,Susan Shand adapted this story for Learning English based on an Associated Press story by Sarah DiLorenzo. Kelly Jean Kelly was the editor.,
https://learningenglish.voanews.com/a/russia-turkey-iran-meet-on-syria/4332494.html,"Presidents of Russia, Turkey, Iran Meet on Syria",As It Is,2018-04-04,VOA Learning English,1,https://voa-audio.voanews.eu/vle/2018/04/04/dd04a506-feb9-43de-8479-9a4cd4464c22.mp3,650,13.27,9.03,6,,0,wire_credit;wire_mention,"Mario Ritter wrote this story for VOA Learning English. His story was based on reports from Agence France Presse, the Associated Press, the Reuters news agency and VOANews.com. George Grow was the edi",
https://learningenglish.voanews.com/a/scientists-approve-terms-for-largest-smallest-measurements/6847490.html,Scientists Approve Terms for Largest and Smallest Measurements,Science & Technology,2022-11-27,VOA Learning English,1,https://voa-audio.voanews.eu/vle/2022/11/23/09410000-0a00-0242-3fec-08dacd983156.mp3,521,14.47,8.97,5,,0,wire_credit;wire_mention,"Bryan Lynn wrote this story for VOA Learning English, based on reports from The Associated Press, Agence France-Presse and the National Physical Laboratory.",
https://learningenglish.voanews.com/a/scientists-complete-map-of-full-human-genome-really/6514417.html,Scientists Complete Map of Full Human Genome — Really,Science & Technology,2022-04-09,VOA Learning English,1,https://voa-audio.voanews.eu/vle/2022/04/04/6d48cf5a-f285-4f21-93b8-e2017cea9e95.mp3,566,13.8,8.45,5,,0,wire_credit;wire_mention;third_party_media,Reuters and The Associated Press reported on this story. Bryan Lynn adapted the reports for VOA Learning English.,
https://learningenglish.voanews.com/a/scientists-concerned-about-bird-flu-spreading-among-cows/7588506.html,Scientists Concerned about Bird Flu Spreading Among Cows,Science & Technology,2024-04-29,,1,https://voa-audio.voanews.eu/vle/2024/04/28/01000000-0aff-0242-12d2-08dc67c765b8.mp3,0,0.0,,,,0,byline_not_staff,,animals_pets
https://learningenglish.voanews.com/a/scientists-create-corals-in-lab-to-better-resist-climate-change/6352252.html,Scientists Create Corals in Lab to Better Resist Climate Change,Science & Technology,2021-12-27,VOA Learning English,1,https://voa-audio.voanews.eu/vle/2021/12/13/0a0a661b-cbc7-4e30-9493-d1723148128c.mp3,598,15.74,8.78,5,,0,wire_credit;wire_mention;third_party_media,The Associated Press reported this story. Bryan Lynn adapted the report for VOA Learning English. Hai Do was the editor.,weather_seasons
https://learningenglish.voanews.com/a/scientists-discover-new-dinosaur-with-dangerous-tail/6338346.html,Scientists Discover New Dinosaur with Dangerous Tail,Science & Technology,2021-12-07,VOA Learning English,1,https://voa-audio.voanews.eu/vle/2021/12/03/f97eb8c6-94d7-4d52-a88e-2beb4bc3b8d9.mp3,425,14.66,8.95,5,,0,wire_credit;wire_mention;third_party_media,The Associated Press reported this story. Bryan Lynn adapted the report for VOA Learning English. Susan Shand was the editor.,
https://learningenglish.voanews.com/a/scientists-sharks-use-earth-s-magnetic-field-to-travel/5895100.html,Scientists: Sharks Use Earth’s Magnetic Field to Travel,Science & Technology,2021-05-18,,1,https://voa-audio.voanews.eu/vle/2021/05/18/231997d1-807b-4800-b1ca-c56c2d2cb7a0.mp3,0,0.0,,,travel_transport,0,byline_not_staff,,
https://learningenglish.voanews.com/a/scsientists-say-bowhead-whales-have-diverse-songbook-like-jazz/4334341.html,Scientists: Bowhead Whales Are 'Jazz Singers of the Arctic',Science & Technology,2018-04-05,VOA Learning English,1,https://voa-audio.voanews.eu/vle/2018/04/05/79b4cc54-1b9a-45ff-8a1b-7f280552e74f.mp3,490,10.89,7.8,5,hobbies_leisure,0,wire_credit;wire_mention,Phil Dierking adapted this story for VOA Learning English based on reports from Reuters and the Associated Press. Ashley Thompson was the editor.,
https://learningenglish.voanews.com/a/six-american-phrases-for-making-guesses/5040830.html,Six Everyday Phrases for Making Guesses,Everyday Grammar,2019-08-13,,1,https://voa-audio.voanews.eu/vle/2019/08/13/3051152a-95ec-4408-b3fe-ee16529fd75b.mp3,0,0.0,,,daily_routine,0,byline_not_staff,,language_learning
https://learningenglish.voanews.com/a/sled-dog-hero-balto-a-good-dog-with-great-genes/7073891.html,Sled Dog Hero Balto: A Good Dog with Great Genes,Science & Technology,2023-05-05,VOA Learning English,1,https://voa-audio.voanews.eu/vle/2023/05/01/01000000-0aff-0242-63c2-08db4a7baa40.mp3,554,13.85,8.94,5,,0,wire_credit;third_party_media,Will Dunham reported this story for Reuters. Gregory Stachel adapted it for VOA Learning English.,animals_pets
https://learningenglish.voanews.com/a/smoking-may-permanently-damage-genetic-material/3527456.html,Report: Smoking May Permanently Damage Genetic Material,As It Is,2016-09-30,VOA Learning English,1,https://voa-audio.voanews.eu/vle/2016/09/27/fef03479-9d46-4479-8df2-07219bfc406a.mp3,466,12.94,8.91,5,,0,third_party_media,This report was based on a story from VOANews.com. Anne Ball adapted it for Learning English. George Grow was the editor.,
https://learningenglish.voanews.com/a/solar-energy-helps-indonesian-villagers-do-more/7097304.html,Solar Energy Helps Indonesian Villagers Do More,As It Is,2023-05-21,VOA Learning English,1,https://voa-audio.voanews.eu/vle/2023/05/17/01000000-0aff-0242-c24a-08db5720dfe4.mp3,710,14.2,9.84,6,,0,wire_credit;third_party_media,Dan Novak adapted this story for VOA Learning English based on reporting by The Associated Press.,
https://learningenglish.voanews.com/a/south-korean-president-calls-sex-slave-deal-with-japan-problematic/4183331.html,S. Korean President Calls Sex Slave Deal with Japan Problematic,As It Is,2017-12-29,VOA Learning English,1,https://voa-audio.voanews.eu/vle/2017/12/29/39278e67-2854-4279-aab9-bbf0436e9da9.mp3,573,17.36,10.11,6,,0,wire_credit,The Associated Press reported this story. Alice Bryant adapted it for Learning English. Ashley Thompson was the editor.,
https://learningenglish.voanews.com/a/spanish-researchers-aim-to-trick-nature-with-manufactured-uterus/7165167.html,Spanish Researchers Aim to 'Trick Nature' with Manufactured Uterus,Science & Technology,2023-07-09,VOA Learning English,1,https://voa-audio.voanews.eu/vle/2023/07/03/01000000-0a00-0242-a163-08db7bf80074.mp3,496,16.0,11.2,7,,0,wire_credit;wire_mention,Horaci Garcia reported this story for Reuters. Gregory Stachel adapted it for VOA Learning English.,nature_environment
https://learningenglish.voanews.com/a/spelling-bee-winner-i-need-to-sleep-/7120311.html,Spelling Bee Winner: ‘I Need to Sleep’,Arts & Culture,2023-06-02,VOA Learning English,1,https://voa-audio.voanews.eu/vle/2023/06/02/01000000-c0a8-0242-e74a-08db6381f68c.mp3,401,11.79,6.08,4,daily_routine,0,wire_credit,Hai Do adapted this story for VOA Learning English from an Associated Press report by Ben Nuckols.,language_learning
https://learningenglish.voanews.com/a/spring-up-like-mushrooms-/5410436.html,Spring Up Like Mushrooms!,Words and Their Stories,2020-05-09,VOA Learning English,1,https://voa-audio.voanews.eu/vle/2020/05/07/490edc63-2f47-409d-9279-a95e792697a0.mp3,658,10.79,4.74,4,,0,third_party_media,Anna Matteo wrote this story for VOA Learning English. ­­­­­­George Grow edited it.,weather_seasons
https://learningenglish.voanews.com/a/student-develops-gun-unlocked-by-fingerprint/2936238.html,Student Develops Gun Unlocked by Fingerprint,As It Is,2015-08-29,VOA Learning English,1,https://voa-audio.voanews.eu/vle/2015/08/28/4189b3d2-128d-4c59-aa62-ad8acb4e17d5.mp3,591,11.82,6.91,4,study_work,1,,Shelley Schlender reported this story from Boulder. Ashley Thompson adapted her report for Learning English. George Grow was the editor.,
https://learningenglish.voanews.com/a/study-most-americans-support-equal-rights-amendment/5301790.html,Study: Most Americans Support Equal Rights Amendment,As It Is,2020-02-27,VOA Learning English,1,https://voa-audio.voanews.eu/vle/2020/02/25/01d4db64-a7f9-4aac-9587-3c2043a4cbdd.mp3,543,12.07,8.04,5,study_work,0,wire_credit;wire_mention,"The Associated Press reported this story. Susan Shand adapted it for VOA Learning English. Mario Ritter, Jr. was the editor.",
https://learningenglish.voanews.com/a/supercars-try-to-make-electric-transition/6248838.html,‘Supercars’ Try to Make Electric Transition,Science & Technology,2021-10-11,VOA Learning English,1,https://voa-audio.voanews.eu/vle/2021/09/28/0e80ceca-7e33-4c66-9105-1b20ed7125d8.mp3,767,15.65,9.15,6,,0,wire_credit;wire_mention,Dan Friedell adapted this story for Learning English based on reports by Reuters. Susan Shand was the editor.,
https://learningenglish.voanews.com/a/supreme-court-rules-human-rights-issues/1691527.html,Supreme Court Rules on Three Major Rights Issues,,2013-06-29,VOA Learning English,1,https://voa-audio.voanews.eu/lere/2013/06/28/615ffa20-b9d5-4f1e-8af6-21a3c70543b2.mp3,10,2.0,5.25,4,,1,,,
https://learningenglish.voanews.com/a/swimmers-trading-pools-open-water/2511950.html,Swimmers Trading Pools for Open Water,As It Is,2014-11-09,VOA Learning English,1,https://voa-audio.voanews.eu/vle/2014/11/07/a6cb5880-b0b5-491c-8f78-6772ba859844.mp3,476,10.13,5.81,4,,1,,*VOA reporter Tom Banse reported this story in Seattle. Jeri Watson write it for VOA Learning English. George Grow edited it.,
https://learningenglish.voanews.com/a/switzerland-open-worlds-longest-suspension-bridge/3971110.html,Switzerland Opens World's Longest Suspension Footbridge ,As It Is,2017-08-03,VOA Learning English,1,https://voa-audio.voanews.eu/vle/2017/08/03/de733e3c-cddf-43d4-8391-dd1c91c86046.mp3,192,10.11,6.05,4,,1,,John Russell adapted this story for Learning English. Hai Do was the editor.,
https://learningenglish.voanews.com/a/syrian-citizen-journalists-use-social-media-to-spread-news-restricted-by-government-142259645/607834.html,Syrian ‘Citizen Journalists’ Use Social Media to Spread News,Technology Report,2012-03-11,VOA Learning English,0,,528,13.2,8.6,5,,1,,,technology_devices
https://learningenglish.voanews.com/a/syrian-father-teaches-daughter-to-laugh-when-bombs-fall/5303527.html,Syrian Father Teaches Daughter to Laugh when Bombs Fall,As It Is,2020-02-26,VOA Learning English,1,https://voa-audio.voanews.eu/vle/2020/02/25/ccbaee35-20fe-4c13-a878-ad3dd90080f6.mp3,538,13.45,6.43,4,family_friends,0,wire_credit,The Associated Press reported this story. Ashley Thompson adapted it for VOA Learning English. George Grow was the editor.,
https://learningenglish.voanews.com/a/taylor-swift-wedding-new-jersey-couple-fan-reception-/3363994.html,Taylor Swift Crashes a Fan’s Wedding ,What's Trending Today?,2016-06-06,VOA Learning English,1,https://voa-audio.voanews.eu/vle/2016/06/06/1b5687fb-330e-4a58-9da9-074b6ef29ea1.mp3,241,13.39,7.26,5,family_friends,0,wire_credit,Mehrnoush Karimian-Ainsworth adapted this story for Learning English from Associated Press reports. Kathleen Struck was the editor.,
https://learningenglish.voanews.com/a/tea-party-conservatives-make-their-voices-heard--86683172/130739.html,Tea Party Conservatives Make Their Voices Heard,,2010-03-05,VOA Learning English,0,,570,12.13,8.33,5,food_restaurant,1,,,festivals_holidays
https://learningenglish.voanews.com/a/tech-company-launches-high-altitude-airship-over-new-mexico-/6619132.html,Technology Company Launches Airship Over New Mexico,Science & Technology,2022-06-15,,1,https://voa-audio.voanews.eu/vle/2022/06/15/1afa1ab4-d9af-428a-862d-5479dc0625d0.mp3,0,0.0,,,,0,byline_not_staff,,technology_devices
https://learningenglish.voanews.com/a/technology-helps-speed-up-tourist-entry-into-us/7557390.html,Technology Helps Speed Up Tourist Entry into US,Science & Technology,2024-04-05,,1,https://voa-audio.voanews.eu/vle/2024/04/04/01000000-0aff-0242-3599-08dc54fdb147.mp3,0,0.0,,,travel_transport,0,byline_not_staff,,technology_devices
https://learningenglish.voanews.com/a/tesla-breaks-ground-on-lithium-processing-center-in-texas/7088504.html,Tesla Breaks Ground on Lithium Processing Center in Texas,Science & Technology,2023-05-12,VOA Learning English,1,https://voa-audio.voanews.eu/vle/2023/05/11/01000000-0aff-0242-828f-08db522b1de2.mp3,391,14.48,9.95,6,,0,wire_credit;wire_mention,Reuters reported this story. Bryan Lynn adapted the report for VOA Learning English.,
https://learningenglish.voanews.com/a/the-art-of-fielding-baseball-spielberg-pistol-annies-129485808/115515.html,"'The Art of Fielding': a Novel About Baseball, and Much More",Arts & Culture,2011-09-08,VOA Learning English,0,,1258,12.46,7.26,5,hobbies_leisure,1,,,
https://learningenglish.voanews.com/a/the-future-of-bitcoins/3137339.html,The Future of Bitcoins,As It Is,2016-01-15,VOA Learning English,1,https://voa-audio.voanews.eu/vle/2016/01/13/96d851f6-dfa3-41b2-aa12-acdc938b7452.mp3,873,12.12,8.74,5,,1,,Mary Gotschall wrote this story for Learning English. Kathleen Struck was the editor.,
https://learningenglish.voanews.com/a/the-real-prince-philip-vs-philip-of-the-crown/5850191.html,The Real Prince Philip vs. Philip of The Crown,Arts & Culture,2021-04-13,VOA Learning English,1,https://voa-audio.voanews.eu/vle/2021/04/12/377f64ff-8a15-4401-b6d0-02a0bca9c1b6.mp3,570,11.88,6.58,4,,0,wire_credit;third_party_media,Lynn Elber reported this story for the Associated Press. Dan Novak adapted it for VOA Learning English. Susan Shand was the editor.,
https://learningenglish.voanews.com/a/this-aint-it-and-other-short-forms/5854274.html,'This Ain't It' and Other Short Forms,Everyday Grammar,2021-04-15,,1,https://voa-audio.voanews.eu/vle/2021/04/15/83fc8f30-b784-44ae-93d5-5938dfca79e0.mp3,0,0.0,,,,0,byline_not_staff,,
https://learningenglish.voanews.com/a/time-names-climate-activist-greta-thunberg-person-of-the-year/5202203.html,'Time' Names Climate Activist Greta Thunberg Person of the Year,As It Is,2019-12-11,VOA Learning English,1,https://voa-audio.voanews.eu/vle/2019/12/11/4678ddc6-8f0c-4e7b-9922-8888b4d79c84.mp3,468,16.14,9.34,6,,0,wire_credit;wire_mention,"The Associated Press reported this story. Ashley Thompson adapted it for VOA Learning English, with additional materials from the Learning English archives. Kelly Jean Kelly was the editor.",weather_seasons
https://learningenglish.voanews.com/a/togo-sex-strike/1501734.html,Do Sex Strikes Work? ,Health Report,2012-09-04,VOA Learning English,0,,5,1.25,-0.94,4,study_work,1,,,
https://learningenglish.voanews.com/a/top-us-school-gives-teachers-more-independence/7603348.html,Top US School Gives Teachers More Independence,Education,2024-05-14,VOA Learning English,1,https://voa-audio.voanews.eu/vle/2024/05/13/01000000-0aff-0242-634c-08dc736509d9.mp3,737,13.4,8.96,5,study_work,0,wire_credit;third_party_media,Dan Novak adapted this story for VOA Learning English based on reporting from The Associated Press.,
https://learningenglish.voanews.com/a/toyota-plans-a-robotic-leg-to-help-disabled/3808966.html,Toyota Plans to Offer a Robotic Leg to Help the Disabled,As It Is,2017-04-15,VOA Learning English,1,https://voa-audio.voanews.eu/vle/2017/04/13/3ac08180-fc98-4f55-86ae-6086298ec04b.mp3,539,13.82,9.33,6,,0,wire_credit;wire_mention,Naomi Tajitsu and Maki Shiraki of Reuters and Yuri Kageyama of AP reported this story. Mario Ritter adapted it for VOA Learning English. Hai Do was the editor.,technology_devices
https://learningenglish.voanews.com/a/trump-defends-attack-on-minority-lawmakers-/5001454.html,Trump Defends Attacks on Minority Lawmakers ,As It Is,2019-07-15,VOA Learning English,1,https://voa-audio.voanews.eu/vle/2019/07/15/8caa8936-a41c-47e1-9d3d-85b3762862d5.mp3,854,13.77,10.02,6,,0,wire_credit;third_party_media,Hai Do wrote this story for Learning English with additional reports from VOA and the Associated Press. Ashley Thomson was the editor.,
https://learningenglish.voanews.com/a/trump-defends-nationalism-in-speech-to-un/5097005.html,Trump Defends Nationalism in Speech to UN,As It Is,2019-09-24,VOA Learning English,1,https://voa-audio.voanews.eu/vle/2019/09/24/3f9d3a39-2f13-480c-ab78-63eeefa6075d.mp3,412,11.44,8.69,5,,1,,VOA White House correspondent Steve Herman reported this story. George Grow adapted his report for Learning English. Caty Weaver was the editor.,
https://learningenglish.voanews.com/a/trump-supporters-excited-attend-inauguration-obama-clinton/3683383.html,Trump Supporters Excited to Attend Inauguration,As It Is,2017-01-19,VOA Learning English,1,https://voa-audio.voanews.eu/vle/2017/01/19/3c194d42-81b6-41ba-a2d5-f4ccd87fbf56.mp3,949,12.82,7.66,5,,0,third_party_media,Bruce Alpert reported on this story for VOA Learning English. Hai Do was the editor.,
https://learningenglish.voanews.com/a/twitter-update-2016/3364301.html,Changes to Twitter Let You Say More in a Tweet,,2016-06-08,VOA Learning English,1,https://voa-audio.voanews.eu/vle/2016/06/07/c5ecc078-e7e0-4e3c-9d28-792dc99f3696.mp3,784,12.06,6.26,4,,1,,Carolyn Mohr wrote this report for VOA Learning English. George Grow was the editor.,
https://learningenglish.voanews.com/a/uffizi-indiana-university-digital-copies-sculptures/3379725.html,"Uffizi, Indiana University Make Digital Copies of Sculptures",Arts & Culture,2016-06-22,VOA Learning English,1,https://voa-audio.voanews.eu/vle/2016/06/16/f4412727-be94-4b98-a821-ddcd205d747f.mp3,321,11.89,8.6,5,study_work,1,,VOA's George Putic reported this story from Washington. Christopher Jones-Cruise adapted it for Learning English. Caty Weaver was the editor.,
https://learningenglish.voanews.com/a/un-agency-weather-disasters-becoming-more-common-and-costly/6081989.html, UN Agency: Weather Disasters Becoming More Common and Costly,As It Is,2021-09-01,VOA Learning English,1,https://voa-audio.voanews.eu/vle/2021/09/01/f45a3cb1-d9c0-4b46-998e-bc819883b699.mp3,374,15.58,10.24,6,shopping,0,wire_credit,The Reuters news agency reported this story. Ashley Thompson adapted it for VOA Learning English. Susan Shand was the editor.,weather_seasons
https://learningenglish.voanews.com/a/un-half-of-myanmar-s-population-may-fall-into-poverty-by-2022/5876587.html,UN: Half of Myanmar’s Population May Fall into Poverty by 2022,As It Is,2021-05-06,VOA Learning English,1,https://voa-audio.voanews.eu/vle/2021/05/03/04a0f7b1-5d6e-4f33-b535-e27468d5966a.mp3,412,14.71,11.77,7,,0,wire_credit;wire_mention;third_party_media,"Before the military takeover, Myanmar citizens were struggling financially because of the coronavirus pandemic. The report showed that by the end of 2020, about 83 percent of families reported their i",
https://learningenglish.voanews.com/a/un-states-increasingly-using-refugees-for-political-purposes/4056513.html,UN: States Increasingly Using Refugees for Political Purposes,As It Is,2017-10-06,VOA Learning English,1,https://voa-audio.voanews.eu/vle/2017/10/04/bf5ff40f-05da-4e79-b674-45405c513740.mp3,350,14.58,10.56,6,,1,,Lisa Schlein reported this story from Geneva. Christopher Jones-Cruise adapted her report for Learning English. George Grow was the editor.,
https://learningenglish.voanews.com/a/unesco-skills-developing-primary-secondary-training/1528605.html,United Nations Report Urges “Putting Education to Work”,Education,2012-10-18,VOA Learning English,0,,5,1.25,-0.94,4,study_work,1,,,
https://learningenglish.voanews.com/a/unicef-report-children-refugees/3498965.html,UNICEF: 50 Million Children Displaced Worldwide,As It Is,2016-09-11,VOA Learning English,1,https://voa-audio.voanews.eu/vle/2016/09/09/b9b1cae4-e25c-4a24-9dad-a1674c138484.mp3,258,9.92,8.08,5,family_friends,1,,The staff at VOA News wrote this story. Jim Dresbach adapted it for Learning English. Kelly Jean Kelly was the editor.,
https://learningenglish.voanews.com/a/urban-housing-shortage-in-nairobi-kenya/2447653.html,"In Kenya, Cities and Towns Are Growing Quickly",As It Is,2014-09-15,VOA Learning English,1,https://voa-audio.voanews.eu/lere/2014/09/12/61f83578-ea42-40de-bfc9-e87952b68189.mp3,619,15.1,8.08,5,,1,,Correspondents Mohammed Yusuf and Rael Ombour reported this story from Nairobi. Christopher Cruise wrote it for Learning English. Mario Ritter edited it.,
https://learningenglish.voanews.com/a/us-approves-two-treatments-for-sickle-cell-disease/7393188.html,US Approves Two Treatments for Sickle Cell Disease,Health & Lifestyle,2023-12-11,VOA Learning English,1,https://voa-audio.voanews.eu/vle/2023/12/11/01000000-c0a8-0242-628b-08dbfa84322d.mp3,716,10.69,6.81,4,,0,wire_credit,Hai Do adapted this story for Learning English with reporting from The Associated Press and other sources.,health_body
https://learningenglish.voanews.com/a/us-calls-for-pause-in-use-of-johnson-johnson-covid-19-vaccine/5851827.html,US Calls for ‘Pause’ in Use of Johnson & Johnson COVID-19 Vaccine,Health & Lifestyle,2021-04-13,VOA Learning English,1,https://voa-audio.voanews.eu/vle/2021/04/13/20e65896-87a4-4f7e-8def-0fd14efeb5ce.mp3,556,17.38,10.1,6,,0,third_party_media,"Dan Friedell and Hai Do wrote this story for Learning English. Mario Ritter, Jr. was the editor.",
https://learningenglish.voanews.com/a/us-changes-rules-for-migrants-seeking-asylum-at-southern-border/5001369.html,US Changes Rules for Migrants Seeking Asylum at Southern Border,As It Is,2019-07-15,VOA Learning English,1,https://voa-audio.voanews.eu/vle/2019/07/15/168d87fd-d463-407e-88c3-10bb8d8c211d.mp3,548,14.05,9.92,6,,0,wire_mention,,
https://learningenglish.voanews.com/a/us-colleges-postpone-classes-following-covid-19-rise/6384381.html,US Colleges Postpone Classes Following COVID-19 Rise,Education,2022-01-08,VOA Learning English,1,https://voa-audio.voanews.eu/vle/2022/01/05/c686fe9a-dd28-4786-b0dd-965f60ae1f40.mp3,642,15.66,8.62,5,study_work,0,wire_credit;wire_mention,Dan Friedell adapted this story for Learning English based on a report by Collin Binkley of the Associated Press.,
https://learningenglish.voanews.com/a/us-company-aims-to-reopen-a-retired-nuclear-power-plant-in-michigan-/7075889.html,US Company Aims to Reopen a Retired Nuclear Power Plant,As It Is,2023-05-02,,1,https://voa-audio.voanews.eu/vle/2023/05/02/01000000-0aff-0242-3a4d-08db4b59494e.mp3,0,0.0,,,,0,byline_not_staff,,nature_environment
https://learningenglish.voanews.com/a/us-delegation-arrives-in-taiwan-china-denounces-visit/6465311.html,"US Delegation Arrives in Taiwan, China Denounces Visit",As It Is,2022-03-01,,1,https://voa-audio.voanews.eu/vle/2022/03/01/fe307783-026e-4501-8c79-b0fcf50276aa.mp3,0,0.0,,,travel_transport,0,byline_not_staff,,
https://learningenglish.voanews.com/a/us-girls-take-top-science-prizes/5158605.html,Quiz - US Girls Take Top Science Prizes,,2019-11-08,VOA Learning English,0,,0,0.0,,,,1,,,
https://learningenglish.voanews.com/a/us-suprme-court-hears-gay-marriage-debate/2739883.html,US Supreme Court Hears Gay Marriage Debate,,2015-04-28,VOA Learning English,1,https://voa-audio.voanews.eu/vle/2015/04/28/1ffa00ca-22ee-45ad-8251-27c873aa9468.mp3,489,13.97,8.17,5,family_friends,0,wire_credit,Anne Ball wrote this story for Learning English with material from VOA and The Associated Press. Hai Do was the editor.,
https://learningenglish.voanews.com/a/us-to-limit-some-chinese-visas/4427199.html,US to Limit Some Chinese Visas,As It Is,2018-06-06,VOA Learning English,1,https://voa-audio.voanews.eu/vle/2018/06/06/59dd2822-1bf0-40aa-8339-37e147f17f07.mp3,832,12.06,10.06,6,,0,wire_mention,Abigail Rubel of VOA Student Union and Stella Hsu of the VOA Mandarin Service contributed to this report. Phil Dierking adapted this story for VOA Learning English using additional media. Mario Ritter,
https://learningenglish.voanews.com/a/us-trains-african-soldiers-against-boko-haram/3028291.html,U.S. Trains Soldiers for Boko Haram Fight,As It Is,2015-11-01,VOA Learning English,1,https://voa-audio.voanews.eu/vle/2015/10/29/59efae42-7be6-414d-bf77-efcc9af7568d.mp3,287,9.9,8.79,5,travel_transport,1,,Carla Babb reported on this story for VOANews.com. Bruce Alpert adapted this story for Learning English. Kathleen Struck was the editor.,
https://learningenglish.voanews.com/a/using-head-in-soccer-may-be-dangerous-for-children/2896858.html,Using Head in Soccer May Be Dangerous for Children,Health & Lifestyle,2015-08-06,VOA Learning English,1,https://voa-audio.voanews.eu/vle/2015/08/03/adacc7d6-a95b-4f77-a44d-b825c4b0edbb.mp3,336,14.0,7.61,5,family_friends,1,,VOA’s Mike Richman reported this story from Washington. Christopher Jones-Cruise adapted it for Learning English. George Grow was the editor.,
https://learningenglish.voanews.com/a/vietnam-china-relations-still-tense/2437404.html,"Relations Between Vietnam, China Still Tense",As It Is,2014-09-06,VOA Learning English,1,https://voa-audio.voanews.eu/lere/2014/09/03/07c71855-3a9c-44cd-a76c-44678d703af7.mp3,652,14.82,8.83,5,,1,,Correspondent Marianne Brown reported this story from Hanoi. Christopher Cruise wrote it for Learning English. George Grow edited it.,
https://learningenglish.voanews.com/a/vietnam-ruling-committee-reelects-leader/3165221.html,Vietnam Ruling Committee Re-elects Leader,As It Is,2016-01-27,VOA Learning English,1,https://voa-audio.voanews.eu/vle/2016/01/27/30189618-e534-48f8-89be-c98e20af7218.mp3,168,12.0,10.51,6,,1,,Richard Green reported this story for VOANews.com. Mario Ritter adapted it for Learning English. George Grow was the editor.,
https://learningenglish.voanews.com/a/viewer-warns-tv-reporter-about-lump-/5522654.html,Viewer Warns TV Reporter About ‘Lump’,As It Is,2020-07-30,VOA Learning English,1,https://voa-audio.voanews.eu/vle/2020/07/29/77fcf267-f6e5-423f-a6e0-0ce0e1d34d72.mp3,276,11.5,7.41,5,,0,wire_credit;wire_mention,"The Associated Press reported this story. Anna Matteo adapted it for VOA Learning English. The editor was Mario Ritter, Jr.",
https://learningenglish.voanews.com/a/voa-english-newscast-1400-utc-january-29-2016/3168934.html,"VOA English Newscast: 1400 UTC January 29, 2016",,2016-01-29,VOA Learning English,0,,309,14.71,10.24,6,,1,,,language_learning
https://learningenglish.voanews.com/a/we-can-thank-cows-for-vaccine-/5346991.html,We Can Thank Cows for ‘Vaccine’,Words and Their Stories,2020-03-28,VOA Learning English,1,https://voa-audio.voanews.eu/vle/2020/03/27/d6784e84-86aa-4230-a57a-c66d620965d0.mp3,464,12.54,7.46,5,,0,third_party_media,,
https://learningenglish.voanews.com/a/what-is-the-word-order-of-adjectives-/4775294.html,What Is the Word Order of Adjectives?,Everyday Grammar,2019-02-07,VOA Learning English,1,https://voa-audio.voanews.eu/vle/2019/02/06/15d40965-5017-4cee-90c4-94c2d8926ee0.mp3,885,9.12,5.94,4,,1,,Alice Bryant wrote this story for Learning English. Ashley Thompson was the editor.,
https://learningenglish.voanews.com/a/what-it-takes-maya-angelou-1/4364292.html,"What It Takes - Maya Angelou, Part 1",What It Takes,2018-05-04,VOA Learning English,1,https://voa-audio.voanews.eu/vle/2018/04/25/2cf98386-37ca-477e-8983-f4e51387ea44.mp3,4613,13.85,6.3,4,,1,,,
https://learningenglish.voanews.com/a/what-will-students-tell-colleges-on-their-applications-this-year-/7557847.html,Quiz - What Will Students Tell Colleges on Their Applications This Year?,,2024-04-05,VOA Learning English,0,,0,0.0,,,study_work,1,,,
https://learningenglish.voanews.com/a/whats-trending-december-8-2015/3094105.html,"Trending Today: Donald Trump, John Lennon and #InternetTheBeatles",What's Trending Today?,2015-12-08,VOA Learning English,1,https://voa-audio.voanews.eu/vle/2015/12/08/24f1d958-cded-4f05-92ff-a599c38289d9.mp3,390,10.26,8.81,5,,1,,,
https://learningenglish.voanews.com/a/will-the-us-pay-workers-for-family-leave/2670749.html,Will the US Pay Workers for Family Leave?,,2015-03-07,VOA Learning English,1,https://voa-audio.voanews.eu/vle/2015/03/06/07fe9eaa-c6aa-40f5-9cfb-6d06cbc2d698.mp3,797,11.07,6.45,4,family_friends;study_work,1,,Carolyn Presutti reported this story from Washington. Anna Matteo wrote it for Learning English. Kelly Jean Kelly was the editor.,money_banking
https://learningenglish.voanews.com/a/winter-gives-a-hard-chop-to-washington-cherry-trees-84984152/130722.html,Winter Gives a Hard Chop to Washington's Cherry Trees,Environment & Science,2010-02-22,VOA Learning English,0,,426,11.21,6.7,4,,1,,,nature_environment;weather_seasons
https://learningenglish.voanews.com/a/wireless-phone-pregnancy-mama-baby-medical-mobile/1559325.html,Using a Mobile Phone to Improve Mother and Child Health,Health & Lifestyle,2012-12-05,VOA Learning English,0,,5,1.25,-0.94,4,family_friends,1,,,health_body;technology_devices
https://learningenglish.voanews.com/a/words-and-their-stories-baseball-terms/1529702.html,Baseball Terms,Words and Their Stories,2014-10-21,VOA Learning English,1,http://av.voanews.com/Videoroot/Archive/media/VOA_LearningEnglish/137/204/se-ws-baseball-terms-20oct12.mp3,523,12.76,5.47,4,,1,,,
https://learningenglish.voanews.com/a/world-reacts-with-surprise-to-first-us-presidential-debate/5603838.html,World Reacts with Surprise to US Presidential Debate,As It Is,2020-09-30,VOA Learning English,1,https://voa-audio.voanews.eu/vle/2020/09/30/eb111e03-3394-4e9d-a02b-b436959d7ae8.mp3,693,13.86,10.18,6,,0,wire_credit;wire_mention,The Associated Press reported this story. George Grow adapted it for VOA Learning English. Ashley Thompson was the editor.,
https://learningenglish.voanews.com/a/writer-captures-flavor-of-life-ivory-coast/1726866.html,Writer Captures Flavor of Life in Ivory Coast,As It Is,2013-10-05,VOA Learning English,1,https://voa-audio.voanews.eu/lere/2013/08/09/d2d0f577-60ad-4d59-aa78-a7508f938cd4.mp3,10,2.0,5.25,4,,1,,,
